granularity,period,factor,return,percentile,rank,is_best
month,2024-01,alpha101/alpha_027,0.04628,0.8599,1,1
month,2024-01,gtja191/alpha_006,0.03612,0.839,2,0
month,2024-01,alpha101/alpha_019,0.02461,0.823,3,0
month,2024-01,gtja191/alpha_026,0.00857,0.8152,4,0
month,2024-01,gtja191/alpha_025,-0.00081,0.787,5,0
month,2024-01,gtja191/alpha_037,-0.00051,0.7812,6,0
month,2024-01,gtja191/alpha_008,0.00346,0.7811,7,0
month,2024-01,alpha101/alpha_080,-0.02507,0.7402,8,0
month,2024-01,gtja191/alpha_092,-0.02956,0.7343,9,0
month,2024-01,alpha101/alpha_084,-0.03447,0.7114,10,0
month,2024-01,qlib158/cntn5,-0.03829,0.7111,11,0
month,2024-01,alpha101/alpha_024,-0.05294,0.6894,12,0
month,2024-01,gtja191/alpha_157,-0.04514,0.6892,13,0
month,2024-01,alpha101/alpha_023,-0.05676,0.6665,14,0
month,2024-01,gtja191/alpha_041,-0.06117,0.6636,15,0
month,2024-01,alpha101/alpha_004,-0.0551,0.6554,16,0
month,2024-01,alpha101/alpha_069,-0.07129,0.6395,17,0
month,2024-01,alpha101/alpha_067,-0.07762,0.6387,18,0
month,2024-01,qlib158/min10,-0.07073,0.6335,19,0
month,2024-01,alpha101/alpha_088,-0.08035,0.6121,20,0
month,2024-01,gtja191/alpha_016,-0.08692,0.6074,21,0
month,2024-01,gtja191/alpha_090,-0.08774,0.6006,22,0
month,2024-01,gtja191/alpha_001,-0.08709,0.5982,23,0
month,2024-01,alpha101/alpha_002,-0.10392,0.5594,24,0
month,2024-01,alpha101/alpha_015,-0.10342,0.5534,25,0
month,2024-01,alpha101/alpha_044,-0.10805,0.5467,26,0
month,2024-01,alpha101/alpha_026,-0.11032,0.5376,27,0
month,2024-01,alpha101/alpha_055,-0.11155,0.5358,28,0
month,2024-01,qlib158/ma10,-0.11159,0.5275,29,0
month,2024-01,alpha101/alpha_016,-0.12999,0.4739,30,0
month,2024-01,gtja191/alpha_048,-0.13885,0.4522,31,0
month,2024-01,qlib158/vsumn5,-0.13908,0.4499,32,0
month,2024-01,qlib158/vsumn20,-0.14914,0.4319,33,0
month,2024-01,qlib158/vsumn60,-0.15205,0.4252,34,0
month,2024-01,gtja191/alpha_168,-0.15348,0.425,35,0
month,2024-01,qlib158/vsumn30,-0.16136,0.3957,36,0
month,2024-01,qlib158/vma60,-0.16101,0.3953,37,0
month,2024-01,qlib158/vma10,-0.16665,0.3719,38,0
month,2024-02,qlib158/vsumn60,0.19736,0.7313,1,1
month,2024-02,alpha101/alpha_019,0.23207,0.7168,2,0
month,2024-02,qlib158/vsumn20,0.19123,0.7141,3,0
month,2024-02,alpha101/alpha_016,0.21209,0.7022,4,0
month,2024-02,qlib158/ma10,0.23402,0.6797,5,0
month,2024-02,qlib158/vsumn30,0.17772,0.6693,6,0
month,2024-02,gtja191/alpha_016,0.17768,0.6653,7,0
month,2024-02,gtja191/alpha_157,0.18523,0.6434,8,0
month,2024-02,gtja191/alpha_001,0.15792,0.6378,9,0
month,2024-02,alpha101/alpha_069,0.20104,0.6345,10,0
month,2024-02,gtja191/alpha_090,0.16372,0.6309,11,0
month,2024-02,gtja191/alpha_025,0.17113,0.6285,12,0
month,2024-02,qlib158/vma60,0.17768,0.61,13,0
month,2024-02,alpha101/alpha_015,0.15002,0.6032,14,0
month,2024-02,qlib158/vma10,0.16689,0.5995,15,0
month,2024-02,gtja191/alpha_168,0.17439,0.5955,16,0
month,2024-02,alpha101/alpha_026,0.14632,0.5927,17,0
month,2024-02,gtja191/alpha_041,0.17606,0.5784,18,0
month,2024-02,alpha101/alpha_002,0.1421,0.5699,19,0
month,2024-02,gtja191/alpha_092,0.14948,0.5606,20,0
month,2024-02,gtja191/alpha_026,0.15115,0.5604,21,0
month,2024-02,alpha101/alpha_044,0.13971,0.5526,22,0
month,2024-02,alpha101/alpha_024,0.15628,0.5419,23,0
month,2024-02,alpha101/alpha_084,0.13915,0.5111,24,0
month,2024-02,alpha101/alpha_055,0.13388,0.5001,25,0
month,2024-02,gtja191/alpha_037,0.11831,0.4895,26,0
month,2024-02,gtja191/alpha_008,0.11855,0.4865,27,0
month,2024-02,qlib158/vsumn5,0.11663,0.4785,28,0
month,2024-02,alpha101/alpha_067,0.1136,0.4732,29,0
month,2024-02,gtja191/alpha_048,0.11893,0.4397,30,0
month,2024-02,alpha101/alpha_080,0.09919,0.4204,31,0
month,2024-02,alpha101/alpha_004,0.09628,0.4189,32,0
month,2024-02,qlib158/cntn5,0.09774,0.4051,33,0
month,2024-02,gtja191/alpha_006,0.07372,0.3829,34,0
month,2024-02,alpha101/alpha_088,0.07989,0.3473,35,0
month,2024-02,alpha101/alpha_027,0.0604,0.3397,36,0
month,2024-02,alpha101/alpha_023,0.06178,0.3355,37,0
month,2024-02,qlib158/min10,0.07022,0.3235,38,0
month,2024-03,qlib158/vsumn30,0.03466,0.7245,1,1
month,2024-03,alpha101/alpha_027,0.03691,0.7155,2,0
month,2024-03,gtja191/alpha_006,0.03885,0.7142,3,0
month,2024-03,alpha101/alpha_080,0.01875,0.6546,4,0
month,2024-03,alpha101/alpha_002,0.01449,0.649,5,0
month,2024-03,alpha101/alpha_088,0.02088,0.6457,6,0
month,2024-03,qlib158/vsumn60,0.00214,0.6302,7,0
month,2024-03,qlib158/min10,0.01192,0.6289,8,0
month,2024-03,alpha101/alpha_004,0.01434,0.6274,9,0
month,2024-03,gtja191/alpha_016,-0.00072,0.6257,10,0
month,2024-03,qlib158/cntn5,0.01063,0.6256,11,0
month,2024-03,gtja191/alpha_001,0.00262,0.6222,12,0
month,2024-03,gtja191/alpha_092,0.01057,0.6215,13,0
month,2024-03,alpha101/alpha_055,-0.00283,0.6103,14,0
month,2024-03,gtja191/alpha_026,0.00296,0.6097,15,0
month,2024-03,gtja191/alpha_157,0.00644,0.6066,16,0
month,2024-03,qlib158/vsumn5,-0.00516,0.6011,17,0
month,2024-03,gtja191/alpha_048,-0.00419,0.5984,18,0
month,2024-03,gtja191/alpha_025,0.01066,0.5971,19,0
month,2024-03,gtja191/alpha_090,-0.0114,0.5874,20,0
month,2024-03,gtja191/alpha_008,-0.00602,0.5839,21,0
month,2024-03,alpha101/alpha_026,-0.00613,0.5809,22,0
month,2024-03,alpha101/alpha_044,-0.01192,0.5691,23,0
month,2024-03,gtja191/alpha_037,-0.00869,0.5684,24,0
month,2024-03,qlib158/vsumn20,-0.01564,0.5663,25,0
month,2024-03,alpha101/alpha_084,-0.00787,0.5657,26,0
month,2024-03,alpha101/alpha_015,-0.01858,0.5564,27,0
month,2024-03,alpha101/alpha_023,-0.01509,0.554,28,0
month,2024-03,alpha101/alpha_024,-0.00892,0.5479,29,0
month,2024-03,qlib158/vma60,-0.0209,0.5436,30,0
month,2024-03,gtja191/alpha_168,-0.02782,0.5135,31,0
month,2024-03,qlib158/vma10,-0.02964,0.5081,32,0
month,2024-03,gtja191/alpha_041,-0.03044,0.4878,33,0
month,2024-03,alpha101/alpha_067,-0.03621,0.4876,34,0
month,2024-03,alpha101/alpha_069,-0.03398,0.4856,35,0
month,2024-03,qlib158/ma10,-0.05244,0.4122,36,0
month,2024-03,alpha101/alpha_016,-0.06087,0.3998,37,0
month,2024-03,alpha101/alpha_019,-0.08497,0.3193,38,0
month,2024-04,qlib158/cntn5,0.06382,0.6643,1,1
month,2024-04,gtja191/alpha_016,0.06484,0.6551,2,0
month,2024-04,gtja191/alpha_090,0.05751,0.6356,3,0
month,2024-04,alpha101/alpha_002,0.04882,0.6129,4,0
month,2024-04,alpha101/alpha_004,0.04343,0.5926,5,0
month,2024-04,alpha101/alpha_055,0.04521,0.5916,6,0
month,2024-04,gtja191/alpha_001,0.05596,0.5906,7,0
month,2024-04,gtja191/alpha_092,0.04538,0.5861,8,0
month,2024-04,gtja191/alpha_048,0.04085,0.574,9,0
month,2024-04,gtja191/alpha_157,0.03704,0.5709,10,0
month,2024-04,alpha101/alpha_026,0.04304,0.5699,11,0
month,2024-04,alpha101/alpha_084,0.03904,0.5658,12,0
month,2024-04,gtja191/alpha_008,0.03604,0.5571,13,0
month,2024-04,gtja191/alpha_026,0.03463,0.5534,14,0
month,2024-04,alpha101/alpha_067,0.03378,0.548,15,0
month,2024-04,alpha101/alpha_044,0.03412,0.5474,16,0
month,2024-04,qlib158/vma60,0.03618,0.543,17,0
month,2024-04,alpha101/alpha_088,0.03234,0.5423,18,0
month,2024-04,gtja191/alpha_037,0.03213,0.5371,19,0
month,2024-04,gtja191/alpha_025,0.03087,0.5323,20,0
month,2024-04,alpha101/alpha_080,0.02945,0.5311,21,0
month,2024-04,alpha101/alpha_024,0.03335,0.531,22,0
month,2024-04,qlib158/vsumn20,0.02897,0.5256,23,0
month,2024-04,qlib158/vsumn5,0.03257,0.5215,24,0
month,2024-04,qlib158/vsumn30,0.02931,0.5182,25,0
month,2024-04,alpha101/alpha_023,0.02738,0.5104,26,0
month,2024-04,gtja191/alpha_006,0.02092,0.4987,27,0
month,2024-04,qlib158/vsumn60,0.02253,0.4985,28,0
month,2024-04,alpha101/alpha_015,0.02268,0.4973,29,0
month,2024-04,qlib158/min10,0.01631,0.4606,30,0
month,2024-04,alpha101/alpha_027,0.00958,0.4539,31,0
month,2024-04,qlib158/ma10,0.02346,0.4481,32,0
month,2024-04,gtja191/alpha_168,0.00222,0.4423,33,0
month,2024-04,qlib158/vma10,-0.00315,0.4239,34,0
month,2024-04,alpha101/alpha_016,0.02955,0.4229,35,0
month,2024-04,gtja191/alpha_041,-0.00534,0.3784,36,0
month,2024-04,alpha101/alpha_019,-0.00526,0.368,37,0
month,2024-04,alpha101/alpha_069,-0.00748,0.3654,38,0
month,2024-05,alpha101/alpha_027,-0.02978,0.7509,1,1
month,2024-05,gtja191/alpha_006,-0.02731,0.7508,2,0
month,2024-05,gtja191/alpha_037,-0.03652,0.7213,3,0
month,2024-05,alpha101/alpha_024,-0.03293,0.7036,4,0
month,2024-05,gtja191/alpha_092,-0.04952,0.6676,5,0
month,2024-05,alpha101/alpha_023,-0.05104,0.6594,6,0
month,2024-05,gtja191/alpha_008,-0.0507,0.6549,7,0
month,2024-05,alpha101/alpha_080,-0.04957,0.6513,8,0
month,2024-05,alpha101/alpha_002,-0.05296,0.6509,9,0
month,2024-05,gtja191/alpha_026,-0.05277,0.6495,10,0
month,2024-05,alpha101/alpha_069,-0.05697,0.6272,11,0
month,2024-05,qlib158/vsumn60,-0.05231,0.6226,12,0
month,2024-05,gtja191/alpha_041,-0.0595,0.6162,13,0
month,2024-05,gtja191/alpha_025,-0.06012,0.6142,14,0
month,2024-05,gtja191/alpha_157,-0.06091,0.6088,15,0
month,2024-05,alpha101/alpha_084,-0.06287,0.6019,16,0
month,2024-05,alpha101/alpha_004,-0.06123,0.6018,17,0
month,2024-05,alpha101/alpha_044,-0.06085,0.6012,18,0
month,2024-05,alpha101/alpha_067,-0.06351,0.5924,19,0
month,2024-05,alpha101/alpha_015,-0.0643,0.5811,20,0
month,2024-05,gtja191/alpha_048,-0.06939,0.5782,21,0
month,2024-05,alpha101/alpha_019,-0.07086,0.5773,22,0
month,2024-05,alpha101/alpha_055,-0.0738,0.5607,23,0
month,2024-05,gtja191/alpha_001,-0.07451,0.5447,24,0
month,2024-05,alpha101/alpha_088,-0.07649,0.5443,25,0
month,2024-05,alpha101/alpha_026,-0.07432,0.5432,26,0
month,2024-05,qlib158/vsumn30,-0.07558,0.5419,27,0
month,2024-05,qlib158/vma60,-0.08018,0.5248,28,0
month,2024-05,gtja191/alpha_168,-0.08251,0.5074,29,0
month,2024-05,gtja191/alpha_090,-0.08236,0.4988,30,0
month,2024-05,gtja191/alpha_016,-0.08354,0.4946,31,0
month,2024-05,qlib158/vsumn5,-0.08581,0.4925,32,0
month,2024-05,qlib158/vsumn20,-0.08675,0.4817,33,0
month,2024-05,qlib158/cntn5,-0.08763,0.4654,34,0
month,2024-05,qlib158/min10,-0.09525,0.4654,35,0
month,2024-05,qlib158/vma10,-0.096,0.4327,36,0
month,2024-05,alpha101/alpha_016,-0.10639,0.3716,37,0
month,2024-05,qlib158/ma10,-0.13246,0.2906,38,0
month,2024-06,alpha101/alpha_027,0.02544,0.8539,1,1
month,2024-06,gtja191/alpha_006,0.02271,0.8471,2,0
month,2024-06,qlib158/min10,-0.01101,0.6843,3,0
month,2024-06,qlib158/ma10,-0.00863,0.6567,4,0
month,2024-06,gtja191/alpha_016,-0.03075,0.6447,5,0
month,2024-06,alpha101/alpha_088,-0.03109,0.6323,6,0
month,2024-06,qlib158/vma60,-0.03358,0.632,7,0
month,2024-06,alpha101/alpha_004,-0.0324,0.6279,8,0
month,2024-06,alpha101/alpha_044,-0.03695,0.6103,9,0
month,2024-06,alpha101/alpha_026,-0.03971,0.594,10,0
month,2024-06,qlib158/vsumn30,-0.0407,0.5895,11,0
month,2024-06,qlib158/vma10,-0.03241,0.5858,12,0
month,2024-06,qlib158/vsumn60,-0.04134,0.5847,13,0
month,2024-06,qlib158/vsumn20,-0.04373,0.5781,14,0
month,2024-06,alpha101/alpha_015,-0.04344,0.5732,15,0
month,2024-06,alpha101/alpha_080,-0.04344,0.5667,16,0
month,2024-06,alpha101/alpha_016,-0.04603,0.5649,17,0
month,2024-06,alpha101/alpha_067,-0.04855,0.5435,18,0
month,2024-06,qlib158/cntn5,-0.05048,0.5379,19,0
month,2024-06,gtja191/alpha_001,-0.05025,0.537,20,0
month,2024-06,gtja191/alpha_168,-0.04737,0.5331,21,0
month,2024-06,gtja191/alpha_090,-0.05063,0.5294,22,0
month,2024-06,qlib158/vsumn5,-0.05167,0.5292,23,0
month,2024-06,alpha101/alpha_002,-0.05167,0.5219,24,0
month,2024-06,alpha101/alpha_023,-0.05354,0.5198,25,0
month,2024-06,alpha101/alpha_024,-0.0499,0.5112,26,0
month,2024-06,alpha101/alpha_055,-0.05356,0.5098,27,0
month,2024-06,alpha101/alpha_084,-0.05927,0.4894,28,0
month,2024-06,alpha101/alpha_069,-0.05991,0.4705,29,0
month,2024-06,gtja191/alpha_026,-0.06505,0.4529,30,0
month,2024-06,gtja191/alpha_157,-0.06327,0.4526,31,0
month,2024-06,gtja191/alpha_025,-0.06717,0.4481,32,0
month,2024-06,gtja191/alpha_092,-0.06949,0.4297,33,0
month,2024-06,gtja191/alpha_008,-0.06987,0.4289,34,0
month,2024-06,gtja191/alpha_037,-0.07128,0.4257,35,0
month,2024-06,gtja191/alpha_048,-0.07361,0.4059,36,0
month,2024-06,gtja191/alpha_041,-0.08741,0.3415,37,0
month,2024-06,alpha101/alpha_019,-0.08726,0.3399,38,0
month,2024-07,gtja191/alpha_168,0.10618,0.8594,1,1
month,2024-07,qlib158/vma10,0.07972,0.8228,2,0
month,2024-07,qlib158/vma60,0.00971,0.6271,3,0
month,2024-07,qlib158/vsumn5,0.01214,0.6263,4,0
month,2024-07,qlib158/vsumn30,0.01025,0.626,5,0
month,2024-07,gtja191/alpha_090,0.00433,0.587,6,0
month,2024-07,alpha101/alpha_088,-0.0011,0.5776,7,0
month,2024-07,alpha101/alpha_055,-0.00137,0.5705,8,0
month,2024-07,qlib158/vsumn60,-0.00163,0.5678,9,0
month,2024-07,qlib158/min10,0.0076,0.5588,10,0
month,2024-07,gtja191/alpha_001,-0.00461,0.5516,11,0
month,2024-07,alpha101/alpha_044,-0.00531,0.5465,12,0
month,2024-07,alpha101/alpha_002,-0.00615,0.5428,13,0
month,2024-07,qlib158/vsumn20,-0.00498,0.5375,14,0
month,2024-07,alpha101/alpha_015,-0.00879,0.5319,15,0
month,2024-07,alpha101/alpha_080,-0.0082,0.5284,16,0
month,2024-07,alpha101/alpha_026,-0.01013,0.5247,17,0
month,2024-07,alpha101/alpha_016,-0.00825,0.5115,18,0
month,2024-07,gtja191/alpha_048,-0.01373,0.5086,19,0
month,2024-07,qlib158/ma10,-0.00995,0.5065,20,0
month,2024-07,alpha101/alpha_004,-0.01578,0.4895,21,0
month,2024-07,alpha101/alpha_027,-0.01724,0.482,22,0
month,2024-07,gtja191/alpha_016,-0.01783,0.4811,23,0
month,2024-07,gtja191/alpha_006,-0.02001,0.4683,24,0
month,2024-07,qlib158/cntn5,-0.02053,0.4671,25,0
month,2024-07,alpha101/alpha_067,-0.02113,0.4635,26,0
month,2024-07,gtja191/alpha_092,-0.02374,0.4433,27,0
month,2024-07,gtja191/alpha_157,-0.02971,0.4184,28,0
month,2024-07,alpha101/alpha_069,-0.03169,0.4062,29,0
month,2024-07,gtja191/alpha_025,-0.03314,0.4053,30,0
month,2024-07,gtja191/alpha_008,-0.04157,0.3768,31,0
month,2024-07,gtja191/alpha_041,-0.03863,0.374,32,0
month,2024-07,gtja191/alpha_026,-0.04363,0.3692,33,0
month,2024-07,alpha101/alpha_084,-0.04247,0.3675,34,0
month,2024-07,alpha101/alpha_024,-0.04744,0.3516,35,0
month,2024-07,gtja191/alpha_037,-0.04825,0.349,36,0
month,2024-07,alpha101/alpha_019,-0.05688,0.2823,37,0
month,2024-07,alpha101/alpha_023,-0.06041,0.2764,38,0
month,2024-08,qlib158/vma10,0.05031,0.6924,1,1
month,2024-08,gtja191/alpha_168,0.0532,0.6882,2,0
month,2024-08,qlib158/vsumn30,0.04629,0.6631,3,0
month,2024-08,qlib158/vsumn20,0.03774,0.6159,4,0
month,2024-08,alpha101/alpha_044,0.03079,0.5998,5,0
month,2024-08,qlib158/vsumn60,0.02464,0.5818,6,0
month,2024-08,gtja191/alpha_048,0.02311,0.5804,7,0
month,2024-08,alpha101/alpha_015,0.02651,0.5763,8,0
month,2024-08,gtja191/alpha_016,0.0248,0.5695,9,0
month,2024-08,gtja191/alpha_025,0.03601,0.5645,10,0
month,2024-08,alpha101/alpha_084,0.02485,0.5612,11,0
month,2024-08,gtja191/alpha_157,0.03344,0.5589,12,0
month,2024-08,alpha101/alpha_026,0.01993,0.5581,13,0
month,2024-08,qlib158/vma60,0.02684,0.5505,14,0
month,2024-08,gtja191/alpha_001,0.01882,0.546,15,0
month,2024-08,gtja191/alpha_008,0.02638,0.5459,16,0
month,2024-08,qlib158/min10,0.02403,0.5407,17,0
month,2024-08,alpha101/alpha_002,0.01879,0.5402,18,0
month,2024-08,alpha101/alpha_055,0.0171,0.5352,19,0
month,2024-08,gtja191/alpha_090,0.01793,0.5313,20,0
month,2024-08,alpha101/alpha_069,0.02385,0.5293,21,0
month,2024-08,gtja191/alpha_026,0.02044,0.528,22,0
month,2024-08,alpha101/alpha_019,0.02175,0.5195,23,0
month,2024-08,alpha101/alpha_067,0.01169,0.5137,24,0
month,2024-08,alpha101/alpha_016,0.01294,0.5108,25,0
month,2024-08,qlib158/vsumn5,0.01444,0.5071,26,0
month,2024-08,gtja191/alpha_041,0.01803,0.5066,27,0
month,2024-08,alpha101/alpha_004,0.00847,0.496,28,0
month,2024-08,gtja191/alpha_092,0.00717,0.4893,29,0
month,2024-08,qlib158/cntn5,0.00594,0.4835,30,0
month,2024-08,alpha101/alpha_024,0.00813,0.4761,31,0
month,2024-08,qlib158/ma10,0.00629,0.475,32,0
month,2024-08,alpha101/alpha_088,0.00235,0.4692,33,0
month,2024-08,alpha101/alpha_080,0.00072,0.458,34,0
month,2024-08,gtja191/alpha_037,0.00316,0.4533,35,0
month,2024-08,gtja191/alpha_006,-0.00467,0.4287,36,0
month,2024-08,alpha101/alpha_027,-0.00855,0.4109,37,0
month,2024-08,alpha101/alpha_023,-0.03228,0.2898,38,0
month,2024-09,alpha101/alpha_019,0.37417,0.834,1,1
month,2024-09,qlib158/ma10,0.30797,0.7414,2,0
month,2024-09,gtja191/alpha_041,0.28959,0.6939,3,0
month,2024-09,alpha101/alpha_069,0.27455,0.6807,4,0
month,2024-09,gtja191/alpha_025,0.27858,0.6766,5,0
month,2024-09,alpha101/alpha_023,0.27738,0.6753,6,0
month,2024-09,gtja191/alpha_157,0.26971,0.6714,7,0
month,2024-09,gtja191/alpha_008,0.25624,0.6477,8,0
month,2024-09,alpha101/alpha_067,0.25016,0.6427,9,0
month,2024-09,gtja191/alpha_026,0.25102,0.6297,10,0
month,2024-09,gtja191/alpha_048,0.253,0.6283,11,0
month,2024-09,qlib158/vsumn30,0.2418,0.6118,12,0
month,2024-09,gtja191/alpha_037,0.24339,0.6027,13,0
month,2024-09,gtja191/alpha_016,0.2375,0.5969,14,0
month,2024-09,alpha101/alpha_024,0.24911,0.5961,15,0
month,2024-09,alpha101/alpha_084,0.23887,0.5957,16,0
month,2024-09,alpha101/alpha_044,0.24879,0.5902,17,0
month,2024-09,qlib158/vsumn5,0.25383,0.5873,18,0
month,2024-09,gtja191/alpha_090,0.23436,0.5838,19,0
month,2024-09,alpha101/alpha_016,0.28316,0.583,20,0
month,2024-09,qlib158/vsumn20,0.23787,0.5785,21,0
month,2024-09,qlib158/vma10,0.25802,0.5506,22,0
month,2024-09,alpha101/alpha_002,0.21934,0.5498,23,0
month,2024-09,alpha101/alpha_055,0.216,0.5468,24,0
month,2024-09,qlib158/vma60,0.2491,0.5388,25,0
month,2024-09,gtja191/alpha_168,0.26035,0.5351,26,0
month,2024-09,alpha101/alpha_015,0.21231,0.5293,27,0
month,2024-09,qlib158/vsumn60,0.21777,0.5255,28,0
month,2024-09,gtja191/alpha_001,0.21014,0.5228,29,0
month,2024-09,qlib158/min10,0.20511,0.4949,30,0
month,2024-09,alpha101/alpha_080,0.20078,0.4597,31,0
month,2024-09,alpha101/alpha_088,0.20822,0.4591,32,0
month,2024-09,alpha101/alpha_026,0.18478,0.4213,33,0
month,2024-09,gtja191/alpha_092,0.17765,0.4078,34,0
month,2024-09,qlib158/cntn5,0.17243,0.3823,35,0
month,2024-09,alpha101/alpha_004,0.13871,0.2724,36,0
month,2024-09,gtja191/alpha_006,0.13334,0.257,37,0
month,2024-09,alpha101/alpha_027,0.08951,0.1388,38,0
month,2024-10,qlib158/vma60,0.17765,0.7439,1,1
month,2024-10,gtja191/alpha_168,0.15841,0.6976,2,0
month,2024-10,qlib158/vma10,0.16038,0.6957,3,0
month,2024-10,qlib158/vsumn20,0.12354,0.6951,4,0
month,2024-10,qlib158/vsumn30,0.11611,0.6647,5,0
month,2024-10,qlib158/vsumn5,0.1103,0.6462,6,0
month,2024-10,qlib158/vsumn60,0.0938,0.6286,7,0
month,2024-10,alpha101/alpha_088,0.0995,0.6127,8,0
month,2024-10,alpha101/alpha_002,0.09771,0.6096,9,0
month,2024-10,gtja191/alpha_016,0.09044,0.6008,10,0
month,2024-10,gtja191/alpha_001,0.08967,0.5949,11,0
month,2024-10,alpha101/alpha_044,0.09362,0.5902,12,0
month,2024-10,alpha101/alpha_055,0.08753,0.59,13,0
month,2024-10,gtja191/alpha_048,0.11137,0.5856,14,0
month,2024-10,alpha101/alpha_015,0.08378,0.5798,15,0
month,2024-10,alpha101/alpha_026,0.11632,0.5702,16,0
month,2024-10,qlib158/min10,0.10183,0.562,17,0
month,2024-10,alpha101/alpha_067,0.08098,0.5558,18,0
month,2024-10,gtja191/alpha_092,0.07398,0.5538,19,0
month,2024-10,alpha101/alpha_069,0.08587,0.5497,20,0
month,2024-10,gtja191/alpha_090,0.07462,0.549,21,0
month,2024-10,gtja191/alpha_157,0.0995,0.5468,22,0
month,2024-10,qlib158/ma10,0.09908,0.5238,23,0
month,2024-10,gtja191/alpha_041,0.10475,0.5233,24,0
month,2024-10,alpha101/alpha_016,0.07241,0.5066,25,0
month,2024-10,qlib158/cntn5,0.06246,0.4813,26,0
month,2024-10,alpha101/alpha_004,0.06626,0.4793,27,0
month,2024-10,gtja191/alpha_037,0.06216,0.4681,28,0
month,2024-10,alpha101/alpha_019,0.07419,0.4475,29,0
month,2024-10,alpha101/alpha_080,0.04952,0.4337,30,0
month,2024-10,gtja191/alpha_026,0.05012,0.4088,31,0
month,2024-10,alpha101/alpha_023,0.04862,0.4079,32,0
month,2024-10,gtja191/alpha_025,0.04229,0.3812,33,0
month,2024-10,alpha101/alpha_084,0.04332,0.3805,34,0
month,2024-10,gtja191/alpha_006,0.03767,0.3785,35,0
month,2024-10,gtja191/alpha_008,0.04581,0.3779,36,0
month,2024-10,alpha101/alpha_027,0.02188,0.3484,37,0
month,2024-10,alpha101/alpha_024,-0.00112,0.2404,38,0
month,2024-11,qlib158/vsumn60,0.06712,0.7,1,1
month,2024-11,alpha101/alpha_026,0.05472,0.6386,2,0
month,2024-11,alpha101/alpha_044,0.04704,0.6325,3,0
month,2024-11,qlib158/vsumn30,0.04718,0.6215,4,0
month,2024-11,alpha101/alpha_015,0.0501,0.6191,5,0
month,2024-11,gtja191/alpha_090,0.04109,0.6191,6,0
month,2024-11,gtja191/alpha_001,0.03889,0.6025,7,0
month,2024-11,alpha101/alpha_055,0.03782,0.5991,8,0
month,2024-11,qlib158/vsumn20,0.03551,0.5851,9,0
month,2024-11,alpha101/alpha_002,0.03334,0.5783,10,0
month,2024-11,gtja191/alpha_016,0.0318,0.5697,11,0
month,2024-11,alpha101/alpha_080,0.0258,0.5584,12,0
month,2024-11,alpha101/alpha_067,0.02724,0.547,13,0
month,2024-11,qlib158/vma60,0.02416,0.5417,14,0
month,2024-11,alpha101/alpha_004,0.02288,0.5413,15,0
month,2024-11,qlib158/vsumn5,0.02108,0.5344,16,0
month,2024-11,alpha101/alpha_027,0.02079,0.5335,17,0
month,2024-11,alpha101/alpha_088,0.01951,0.5317,18,0
month,2024-11,qlib158/min10,0.01946,0.5272,19,0
month,2024-11,gtja191/alpha_006,0.01523,0.5051,20,0
month,2024-11,qlib158/cntn5,0.01097,0.4908,21,0
month,2024-11,alpha101/alpha_069,0.01388,0.4892,22,0
month,2024-11,gtja191/alpha_168,0.01432,0.4841,23,0
month,2024-11,gtja191/alpha_048,0.00883,0.479,24,0
month,2024-11,gtja191/alpha_092,0.00468,0.4582,25,0
month,2024-11,gtja191/alpha_157,0.003,0.4507,26,0
month,2024-11,qlib158/vma10,0.00766,0.4461,27,0
month,2024-11,gtja191/alpha_041,0.00686,0.4433,28,0
month,2024-11,alpha101/alpha_016,-0.00074,0.4098,29,0
month,2024-11,alpha101/alpha_024,-0.01183,0.3902,30,0
month,2024-11,gtja191/alpha_025,-0.01301,0.3802,31,0
month,2024-11,alpha101/alpha_084,-0.01267,0.3783,32,0
month,2024-11,alpha101/alpha_023,-0.01587,0.3737,33,0
month,2024-11,gtja191/alpha_026,-0.01453,0.3683,34,0
month,2024-11,gtja191/alpha_008,-0.02029,0.349,35,0
month,2024-11,qlib158/ma10,-0.02111,0.3383,36,0
month,2024-11,gtja191/alpha_037,-0.02475,0.3317,37,0
month,2024-11,alpha101/alpha_019,-0.03762,0.2794,38,0
month,2024-12,alpha101/alpha_026,-0.02448,0.7431,1,1
month,2024-12,gtja191/alpha_016,-0.03483,0.7188,2,0
month,2024-12,alpha101/alpha_027,-0.0309,0.701,3,0
month,2024-12,alpha101/alpha_069,-0.03946,0.6859,4,0
month,2024-12,gtja191/alpha_001,-0.04855,0.6704,5,0
month,2024-12,alpha101/alpha_088,-0.04474,0.6682,6,0
month,2024-12,alpha101/alpha_015,-0.04875,0.6617,7,0
month,2024-12,gtja191/alpha_041,-0.05218,0.6451,8,0
month,2024-12,gtja191/alpha_006,-0.0547,0.6321,9,0
month,2024-12,alpha101/alpha_004,-0.05307,0.6256,10,0
month,2024-12,gtja191/alpha_037,-0.06081,0.6194,11,0
month,2024-12,gtja191/alpha_090,-0.05848,0.6188,12,0
month,2024-12,alpha101/alpha_055,-0.06103,0.6133,13,0
month,2024-12,gtja191/alpha_157,-0.06046,0.6132,14,0
month,2024-12,qlib158/vsumn20,-0.06067,0.613,15,0
month,2024-12,alpha101/alpha_084,-0.06004,0.61,16,0
month,2024-12,gtja191/alpha_048,-0.06259,0.6041,17,0
month,2024-12,alpha101/alpha_044,-0.06153,0.6035,18,0
month,2024-12,alpha101/alpha_002,-0.06609,0.5879,19,0
month,2024-12,gtja191/alpha_092,-0.065,0.5872,20,0
month,2024-12,qlib158/min10,-0.06498,0.5798,21,0
month,2024-12,alpha101/alpha_023,-0.06024,0.5792,22,0
month,2024-12,qlib158/cntn5,-0.06535,0.5735,23,0
month,2024-12,gtja191/alpha_026,-0.07065,0.5715,24,0
month,2024-12,alpha101/alpha_080,-0.06821,0.5669,25,0
month,2024-12,alpha101/alpha_067,-0.0718,0.5593,26,0
month,2024-12,qlib158/vsumn30,-0.07309,0.557,27,0
month,2024-12,alpha101/alpha_024,-0.07563,0.5512,28,0
month,2024-12,gtja191/alpha_008,-0.07524,0.5473,29,0
month,2024-12,gtja191/alpha_025,-0.0769,0.5403,30,0
month,2024-12,qlib158/vsumn5,-0.08069,0.522,31,0
month,2024-12,qlib158/vsumn60,-0.07992,0.5083,32,0
month,2024-12,qlib158/ma10,-0.08797,0.4858,33,0
month,2024-12,alpha101/alpha_019,-0.08858,0.4833,34,0
month,2024-12,gtja191/alpha_168,-0.09096,0.4753,35,0
month,2024-12,qlib158/vma10,-0.09504,0.4574,36,0
month,2024-12,qlib158/vma60,-0.09624,0.4455,37,0
month,2024-12,alpha101/alpha_016,-0.12633,0.3112,38,0
month,2025-01,qlib158/vsumn20,0.10796,0.6526,1,1
month,2025-01,alpha101/alpha_044,0.10696,0.6481,2,0
month,2025-01,gtja191/alpha_001,0.11737,0.6478,3,0
month,2025-01,alpha101/alpha_067,0.10408,0.6392,4,0
month,2025-01,gtja191/alpha_041,0.10936,0.6283,5,0
month,2025-01,qlib158/vsumn30,0.10037,0.6267,6,0
month,2025-01,alpha101/alpha_055,0.10269,0.6209,7,0
month,2025-01,qlib158/ma10,0.09719,0.6198,8,0
month,2025-01,gtja191/alpha_090,0.09643,0.6184,9,0
month,2025-01,gtja191/alpha_016,0.09499,0.6039,10,0
month,2025-01,alpha101/alpha_002,0.09012,0.5885,11,0
month,2025-01,gtja191/alpha_157,0.08925,0.5776,12,0
month,2025-01,alpha101/alpha_069,0.09338,0.5763,13,0
month,2025-01,qlib158/vsumn60,0.08459,0.5651,14,0
month,2025-01,alpha101/alpha_026,0.08118,0.559,15,0
month,2025-01,gtja191/alpha_025,0.0824,0.554,16,0
month,2025-01,qlib158/vma60,0.07669,0.5387,17,0
month,2025-01,alpha101/alpha_015,0.07547,0.5361,18,0
month,2025-01,gtja191/alpha_048,0.08293,0.5347,19,0
month,2025-01,gtja191/alpha_037,0.07439,0.516,20,0
month,2025-01,qlib158/vsumn5,0.07196,0.4986,21,0
month,2025-01,gtja191/alpha_168,0.06876,0.4755,22,0
month,2025-01,gtja191/alpha_092,0.06175,0.4599,23,0
month,2025-01,alpha101/alpha_019,0.05282,0.443,24,0
month,2025-01,alpha101/alpha_084,0.05702,0.4413,25,0
month,2025-01,alpha101/alpha_023,0.05269,0.4382,26,0
month,2025-01,alpha101/alpha_016,0.05482,0.4287,27,0
month,2025-01,alpha101/alpha_004,0.05355,0.4229,28,0
month,2025-01,alpha101/alpha_080,0.04977,0.4226,29,0
month,2025-01,gtja191/alpha_026,0.04871,0.4225,30,0
month,2025-01,qlib158/vma10,0.06199,0.4172,31,0
month,2025-01,alpha101/alpha_024,0.04497,0.4021,32,0
month,2025-01,gtja191/alpha_008,0.04455,0.4007,33,0
month,2025-01,qlib158/cntn5,0.04282,0.3789,34,0
month,2025-01,qlib158/min10,0.03737,0.3505,35,0
month,2025-01,gtja191/alpha_006,0.02536,0.2931,36,0
month,2025-01,alpha101/alpha_088,0.01763,0.2716,37,0
month,2025-01,alpha101/alpha_027,0.00875,0.2298,38,0
month,2025-02,qlib158/vsumn20,0.08122,0.6849,1,1
month,2025-02,alpha101/alpha_002,0.07358,0.6796,2,0
month,2025-02,qlib158/vsumn30,0.05924,0.6579,3,0
month,2025-02,gtja191/alpha_168,0.06921,0.6474,4,0
month,2025-02,alpha101/alpha_044,0.05916,0.6364,5,0
month,2025-02,alpha101/alpha_015,0.05374,0.6281,6,0
month,2025-02,qlib158/vsumn60,0.05217,0.6266,7,0
month,2025-02,qlib158/vma10,0.06724,0.6261,8,0
month,2025-02,alpha101/alpha_055,0.05885,0.6215,9,0
month,2025-02,qlib158/vsumn5,0.04993,0.5955,10,0
month,2025-02,qlib158/vma60,0.05102,0.5849,11,0
month,2025-02,gtja191/alpha_016,0.04641,0.5839,12,0
month,2025-02,gtja191/alpha_090,0.04471,0.5824,13,0
month,2025-02,alpha101/alpha_026,0.04157,0.5752,14,0
month,2025-02,gtja191/alpha_001,0.04012,0.559,15,0
month,2025-02,alpha101/alpha_016,0.05279,0.5444,16,0
month,2025-02,gtja191/alpha_048,0.03551,0.5405,17,0
month,2025-02,alpha101/alpha_088,0.03163,0.5247,18,0
month,2025-02,qlib158/min10,0.03264,0.5216,19,0
month,2025-02,alpha101/alpha_067,0.03491,0.502,20,0
month,2025-02,gtja191/alpha_092,0.02597,0.4976,21,0
month,2025-02,gtja191/alpha_157,0.02639,0.4938,22,0
month,2025-02,qlib158/cntn5,0.02268,0.4774,23,0
month,2025-02,alpha101/alpha_080,0.02031,0.4627,24,0
month,2025-02,alpha101/alpha_069,0.0152,0.4405,25,0
month,2025-02,alpha101/alpha_004,0.01449,0.4357,26,0
month,2025-02,gtja191/alpha_006,0.01272,0.4258,27,0
month,2025-02,gtja191/alpha_041,0.01112,0.4104,28,0
month,2025-02,gtja191/alpha_025,0.0053,0.3931,29,0
month,2025-02,alpha101/alpha_027,0.0052,0.3873,30,0
month,2025-02,alpha101/alpha_084,-0.00278,0.3493,31,0
month,2025-02,gtja191/alpha_026,-0.00524,0.3414,32,0
month,2025-02,gtja191/alpha_008,-0.00622,0.3357,33,0
month,2025-02,qlib158/ma10,-0.01332,0.3318,34,0
month,2025-02,alpha101/alpha_024,-0.01988,0.2918,35,0
month,2025-02,gtja191/alpha_037,-0.03358,0.2247,36,0
month,2025-02,alpha101/alpha_023,-0.03605,0.2237,37,0
month,2025-02,alpha101/alpha_019,-0.04424,0.185,38,0
month,2025-03,alpha101/alpha_027,-0.00064,0.7718,1,1
month,2025-03,alpha101/alpha_088,-0.00533,0.7593,2,0
month,2025-03,gtja191/alpha_006,-0.01089,0.7376,3,0
month,2025-03,alpha101/alpha_026,-0.02755,0.685,4,0
month,2025-03,gtja191/alpha_090,-0.03285,0.683,5,0
month,2025-03,alpha101/alpha_004,-0.02498,0.6765,6,0
month,2025-03,alpha101/alpha_080,-0.02441,0.6749,7,0
month,2025-03,qlib158/min10,-0.03552,0.6535,8,0
month,2025-03,alpha101/alpha_055,-0.04109,0.653,9,0
month,2025-03,qlib158/vsumn60,-0.04087,0.6454,10,0
month,2025-03,gtja191/alpha_016,-0.04214,0.6434,11,0
month,2025-03,qlib158/vsumn5,-0.0443,0.6207,12,0
month,2025-03,qlib158/cntn5,-0.04619,0.6131,13,0
month,2025-03,alpha101/alpha_044,-0.05069,0.6093,14,0
month,2025-03,qlib158/vsumn30,-0.05335,0.607,15,0
month,2025-03,alpha101/alpha_015,-0.05197,0.594,16,0
month,2025-03,qlib158/vsumn20,-0.05743,0.5779,17,0
month,2025-03,qlib158/vma10,-0.05822,0.5767,18,0
month,2025-03,alpha101/alpha_016,-0.06681,0.5438,19,0
month,2025-03,gtja191/alpha_001,-0.06681,0.5392,20,0
month,2025-03,alpha101/alpha_002,-0.06901,0.5368,21,0
month,2025-03,gtja191/alpha_092,-0.07361,0.5188,22,0
month,2025-03,alpha101/alpha_084,-0.07671,0.5038,23,0
month,2025-03,alpha101/alpha_067,-0.07571,0.5029,24,0
month,2025-03,alpha101/alpha_069,-0.07884,0.4982,25,0
month,2025-03,gtja191/alpha_026,-0.07813,0.4961,26,0
month,2025-03,gtja191/alpha_041,-0.0792,0.4942,27,0
month,2025-03,gtja191/alpha_008,-0.0803,0.4933,28,0
month,2025-03,gtja191/alpha_168,-0.08079,0.4863,29,0
month,2025-03,gtja191/alpha_025,-0.08203,0.4827,30,0
month,2025-03,gtja191/alpha_157,-0.08834,0.4611,31,0
month,2025-03,alpha101/alpha_024,-0.08764,0.4587,32,0
month,2025-03,qlib158/vma60,-0.08739,0.4556,33,0
month,2025-03,gtja191/alpha_048,-0.09329,0.4362,34,0
month,2025-03,gtja191/alpha_037,-0.09613,0.435,35,0
month,2025-03,alpha101/alpha_023,-0.10403,0.3998,36,0
month,2025-03,qlib158/ma10,-0.1063,0.3839,37,0
month,2025-03,alpha101/alpha_019,-0.16901,0.1571,38,0
month,2025-04,gtja191/alpha_168,0.12127,0.7194,1,1
month,2025-04,alpha101/alpha_055,0.11546,0.7182,2,0
month,2025-04,qlib158/vsumn20,0.10685,0.6994,3,0
month,2025-04,qlib158/ma10,0.0984,0.659,4,0
month,2025-04,qlib158/vma10,0.09001,0.639,5,0
month,2025-04,qlib158/vma60,0.09341,0.6319,6,0
month,2025-04,alpha101/alpha_002,0.08036,0.6251,7,0
month,2025-04,qlib158/vsumn30,0.07772,0.6184,8,0
month,2025-04,qlib158/vsumn60,0.07523,0.6073,9,0
month,2025-04,gtja191/alpha_090,0.07838,0.6029,10,0
month,2025-04,gtja191/alpha_016,0.07434,0.593,11,0
month,2025-04,gtja191/alpha_001,0.08052,0.5857,12,0
month,2025-04,alpha101/alpha_015,0.07073,0.5698,13,0
month,2025-04,alpha101/alpha_026,0.067,0.5686,14,0
month,2025-04,alpha101/alpha_044,0.06962,0.5638,15,0
month,2025-04,gtja191/alpha_048,0.06868,0.5607,16,0
month,2025-04,qlib158/vsumn5,0.06106,0.5358,17,0
month,2025-04,alpha101/alpha_069,0.06319,0.5311,18,0
month,2025-04,alpha101/alpha_019,0.06018,0.5262,19,0
month,2025-04,alpha101/alpha_004,0.05239,0.5005,20,0
month,2025-04,alpha101/alpha_016,0.05523,0.5,21,0
month,2025-04,gtja191/alpha_157,0.04917,0.4816,22,0
month,2025-04,alpha101/alpha_067,0.04595,0.4728,23,0
month,2025-04,alpha101/alpha_088,0.04244,0.4553,24,0
month,2025-04,qlib158/min10,0.04694,0.4527,25,0
month,2025-04,gtja191/alpha_041,0.04178,0.4489,26,0
month,2025-04,alpha101/alpha_080,0.03961,0.4477,27,0
month,2025-04,qlib158/cntn5,0.03993,0.4367,28,0
month,2025-04,gtja191/alpha_006,0.02868,0.4086,29,0
month,2025-04,alpha101/alpha_027,0.0252,0.3916,30,0
month,2025-04,gtja191/alpha_025,0.02828,0.39,31,0
month,2025-04,gtja191/alpha_092,0.0257,0.38,32,0
month,2025-04,gtja191/alpha_037,0.01929,0.3397,33,0
month,2025-04,gtja191/alpha_008,0.01518,0.3293,34,0
month,2025-04,alpha101/alpha_084,0.01391,0.3169,35,0
month,2025-04,gtja191/alpha_026,0.01054,0.309,36,0
month,2025-04,alpha101/alpha_023,-0.00276,0.2952,37,0
month,2025-04,alpha101/alpha_024,0.00181,0.2599,38,0
month,2025-05,qlib158/vma10,0.08085,0.7346,1,1
month,2025-05,gtja191/alpha_168,0.06571,0.696,2,0
month,2025-05,alpha101/alpha_044,0.04829,0.6766,3,0
month,2025-05,alpha101/alpha_016,0.07191,0.6729,4,0
month,2025-05,alpha101/alpha_055,0.05119,0.6665,5,0
month,2025-05,gtja191/alpha_090,0.04519,0.6529,6,0
month,2025-05,alpha101/alpha_002,0.0507,0.6438,7,0
month,2025-05,gtja191/alpha_048,0.05428,0.6433,8,0
month,2025-05,alpha101/alpha_019,0.04836,0.623,9,0
month,2025-05,qlib158/ma10,0.05637,0.6223,10,0
month,2025-05,qlib158/vsumn30,0.03953,0.6216,11,0
month,2025-05,qlib158/vsumn60,0.04008,0.6144,12,0
month,2025-05,gtja191/alpha_001,0.04001,0.614,13,0
month,2025-05,alpha101/alpha_015,0.03352,0.6015,14,0
month,2025-05,qlib158/vsumn20,0.04481,0.5988,15,0
month,2025-05,gtja191/alpha_016,0.02834,0.5758,16,0
month,2025-05,alpha101/alpha_026,0.02876,0.5691,17,0
month,2025-05,qlib158/min10,0.03236,0.5641,18,0
month,2025-05,alpha101/alpha_069,0.03776,0.5376,19,0
month,2025-05,gtja191/alpha_006,0.01767,0.5213,20,0
month,2025-05,alpha101/alpha_088,0.01732,0.5191,21,0
month,2025-05,alpha101/alpha_004,0.01856,0.5157,22,0
month,2025-05,qlib158/cntn5,0.02932,0.5147,23,0
month,2025-05,gtja191/alpha_037,0.02076,0.5141,24,0
month,2025-05,qlib158/vma60,0.02029,0.5075,25,0
month,2025-05,alpha101/alpha_084,0.02577,0.5016,26,0
month,2025-05,alpha101/alpha_067,0.01669,0.5014,27,0
month,2025-05,alpha101/alpha_024,0.01647,0.4996,28,0
month,2025-05,alpha101/alpha_027,0.01214,0.4885,29,0
month,2025-05,alpha101/alpha_080,0.01342,0.488,30,0
month,2025-05,alpha101/alpha_023,0.02669,0.4835,31,0
month,2025-05,gtja191/alpha_041,0.01593,0.4773,32,0
month,2025-05,gtja191/alpha_092,0.00853,0.4635,33,0
month,2025-05,gtja191/alpha_157,0.01487,0.4569,34,0
month,2025-05,qlib158/vsumn5,0.00923,0.4394,35,0
month,2025-05,gtja191/alpha_025,0.00057,0.4164,36,0
month,2025-05,gtja191/alpha_026,0.00107,0.4092,37,0
month,2025-05,gtja191/alpha_008,-0.00751,0.3694,38,0
month,2025-06,qlib158/vsumn60,0.08998,0.6999,1,1
month,2025-06,gtja191/alpha_016,0.07822,0.6687,2,0
month,2025-06,qlib158/vsumn20,0.07328,0.6192,3,0
month,2025-06,qlib158/vsumn30,0.0959,0.6084,4,0
month,2025-06,gtja191/alpha_037,0.07435,0.5984,5,0
month,2025-06,alpha101/alpha_015,0.06524,0.589,6,0
month,2025-06,alpha101/alpha_002,0.06511,0.5866,7,0
month,2025-06,alpha101/alpha_026,0.06297,0.5825,8,0
month,2025-06,alpha101/alpha_044,0.05947,0.5546,9,0
month,2025-06,qlib158/vsumn5,0.05563,0.5478,10,0
month,2025-06,alpha101/alpha_023,0.06678,0.5472,11,0
month,2025-06,alpha101/alpha_055,0.05485,0.5454,12,0
month,2025-06,gtja191/alpha_090,0.05479,0.5333,13,0
month,2025-06,gtja191/alpha_008,0.0533,0.5317,14,0
month,2025-06,alpha101/alpha_067,0.06569,0.5311,15,0
month,2025-06,alpha101/alpha_016,0.05718,0.5258,16,0
month,2025-06,qlib158/vma60,0.04969,0.5186,17,0
month,2025-06,gtja191/alpha_092,0.05613,0.5141,18,0
month,2025-06,alpha101/alpha_080,0.05167,0.5132,19,0
month,2025-06,gtja191/alpha_025,0.05111,0.5116,20,0
month,2025-06,gtja191/alpha_026,0.04944,0.503,21,0
month,2025-06,gtja191/alpha_168,0.04745,0.494,22,0
month,2025-06,gtja191/alpha_001,0.04543,0.4805,23,0
month,2025-06,alpha101/alpha_024,0.04488,0.4741,24,0
month,2025-06,qlib158/min10,0.043,0.4659,25,0
month,2025-06,qlib158/vma10,0.04257,0.4642,26,0
month,2025-06,alpha101/alpha_004,0.04061,0.4558,27,0
month,2025-06,alpha101/alpha_088,0.04238,0.4538,28,0
month,2025-06,alpha101/alpha_069,0.04137,0.4537,29,0
month,2025-06,alpha101/alpha_019,0.03986,0.4517,30,0
month,2025-06,gtja191/alpha_048,0.03897,0.4475,31,0
month,2025-06,alpha101/alpha_027,0.03714,0.4389,32,0
month,2025-06,qlib158/ma10,0.03358,0.4178,33,0
month,2025-06,gtja191/alpha_157,0.03437,0.4017,34,0
month,2025-06,alpha101/alpha_084,0.03163,0.398,35,0
month,2025-06,gtja191/alpha_041,0.03138,0.398,36,0
month,2025-06,qlib158/cntn5,0.02896,0.3845,37,0
month,2025-06,gtja191/alpha_006,0.02811,0.3742,38,0
month,2025-07,gtja191/alpha_037,0.12806,0.7571,1,1
month,2025-07,gtja191/alpha_008,0.11397,0.7033,2,0
month,2025-07,gtja191/alpha_026,0.10735,0.6974,3,0
month,2025-07,alpha101/alpha_023,0.11329,0.6819,4,0
month,2025-07,alpha101/alpha_024,0.10113,0.6807,5,0
month,2025-07,gtja191/alpha_041,0.0941,0.6646,6,0
month,2025-07,gtja191/alpha_092,0.09017,0.6604,7,0
month,2025-07,alpha101/alpha_084,0.09427,0.6421,8,0
month,2025-07,gtja191/alpha_025,0.08938,0.6305,9,0
month,2025-07,qlib158/vsumn20,0.07873,0.6274,10,0
month,2025-07,alpha101/alpha_015,0.07815,0.6266,11,0
month,2025-07,gtja191/alpha_157,0.08209,0.6192,12,0
month,2025-07,alpha101/alpha_055,0.07109,0.6062,13,0
month,2025-07,alpha101/alpha_069,0.08118,0.6037,14,0
month,2025-07,qlib158/vsumn30,0.07077,0.6034,15,0
month,2025-07,alpha101/alpha_026,0.06944,0.6021,16,0
month,2025-07,gtja191/alpha_090,0.06953,0.5896,17,0
month,2025-07,gtja191/alpha_048,0.07389,0.574,18,0
month,2025-07,alpha101/alpha_044,0.06986,0.5697,19,0
month,2025-07,qlib158/vsumn5,0.06211,0.563,20,0
month,2025-07,alpha101/alpha_002,0.068,0.5629,21,0
month,2025-07,gtja191/alpha_001,0.06197,0.56,22,0
month,2025-07,qlib158/cntn5,0.06278,0.5547,23,0
month,2025-07,gtja191/alpha_016,0.06119,0.5433,24,0
month,2025-07,gtja191/alpha_168,0.06662,0.5417,25,0
month,2025-07,qlib158/vma10,0.05641,0.519,26,0
month,2025-07,qlib158/ma10,0.05805,0.4941,27,0
month,2025-07,alpha101/alpha_019,0.06459,0.4937,28,0
month,2025-07,qlib158/vsumn60,0.0468,0.487,29,0
month,2025-07,alpha101/alpha_067,0.04538,0.482,30,0
month,2025-07,qlib158/min10,0.04482,0.4717,31,0
month,2025-07,alpha101/alpha_016,0.03975,0.4372,32,0
month,2025-07,qlib158/vma60,0.03668,0.4317,33,0
month,2025-07,alpha101/alpha_088,0.03594,0.4221,34,0
month,2025-07,alpha101/alpha_080,0.02486,0.3672,35,0
month,2025-07,alpha101/alpha_027,0.02188,0.3578,36,0
month,2025-07,alpha101/alpha_004,0.01898,0.3379,37,0
month,2025-07,gtja191/alpha_006,0.01576,0.3086,38,0
month,2025-08,gtja191/alpha_037,0.11273,0.7735,1,1
month,2025-08,alpha101/alpha_023,0.10013,0.7421,2,0
month,2025-08,gtja191/alpha_026,0.07491,0.704,3,0
month,2025-08,alpha101/alpha_024,0.07646,0.6793,4,0
month,2025-08,alpha101/alpha_002,0.05356,0.6748,5,0
month,2025-08,gtja191/alpha_016,0.04228,0.6712,6,0
month,2025-08,gtja191/alpha_008,0.07082,0.6542,7,0
month,2025-08,gtja191/alpha_025,0.06297,0.6476,8,0
month,2025-08,alpha101/alpha_084,0.05015,0.633,9,0
month,2025-08,gtja191/alpha_092,0.04455,0.6328,10,0
month,2025-08,gtja191/alpha_090,0.03065,0.6247,11,0
month,2025-08,qlib158/vsumn20,0.02515,0.6178,12,0
month,2025-08,alpha101/alpha_015,0.02914,0.6127,13,0
month,2025-08,alpha101/alpha_026,0.02418,0.6095,14,0
month,2025-08,qlib158/vsumn30,0.02219,0.609,15,0
month,2025-08,qlib158/vsumn5,0.03416,0.6044,16,0
month,2025-08,alpha101/alpha_067,0.02537,0.6008,17,0
month,2025-08,alpha101/alpha_019,0.04573,0.5922,18,0
month,2025-08,alpha101/alpha_016,0.02719,0.5904,19,0
month,2025-08,gtja191/alpha_001,0.02026,0.5868,20,0
month,2025-08,alpha101/alpha_044,0.01913,0.5847,21,0
month,2025-08,gtja191/alpha_041,0.02492,0.5817,22,0
month,2025-08,alpha101/alpha_069,0.02232,0.5683,23,0
month,2025-08,qlib158/vsumn60,0.01291,0.5675,24,0
month,2025-08,qlib158/vma10,0.01769,0.5659,25,0
month,2025-08,gtja191/alpha_157,0.02007,0.5631,26,0
month,2025-08,qlib158/cntn5,0.0121,0.5623,27,0
month,2025-08,gtja191/alpha_048,0.01544,0.5604,28,0
month,2025-08,qlib158/min10,0.01223,0.5538,29,0
month,2025-08,alpha101/alpha_055,0.00824,0.5436,30,0
month,2025-08,alpha101/alpha_080,0.00593,0.527,31,0
month,2025-08,qlib158/vma60,0.00139,0.5191,32,0
month,2025-08,gtja191/alpha_168,0.00057,0.5054,33,0
month,2025-08,alpha101/alpha_088,-0.00779,0.4779,34,0
month,2025-08,alpha101/alpha_004,-0.02001,0.4206,35,0
month,2025-08,qlib158/ma10,-0.02203,0.3958,36,0
month,2025-08,gtja191/alpha_006,-0.02689,0.3822,37,0
month,2025-08,alpha101/alpha_027,-0.03365,0.3448,38,0
month,2025-09,gtja191/alpha_016,0.03813,0.6831,1,1
month,2025-09,alpha101/alpha_055,0.03772,0.6811,2,0
month,2025-09,qlib158/vma10,0.053,0.6768,3,0
month,2025-09,alpha101/alpha_080,0.03611,0.6749,4,0
month,2025-09,alpha101/alpha_004,0.03615,0.6741,5,0
month,2025-09,gtja191/alpha_168,0.03822,0.6566,6,0
month,2025-09,gtja191/alpha_090,0.03315,0.6511,7,0
month,2025-09,alpha101/alpha_088,0.02623,0.6492,8,0
month,2025-09,alpha101/alpha_044,0.03509,0.6446,9,0
month,2025-09,alpha101/alpha_016,0.04058,0.6318,10,0
month,2025-09,gtja191/alpha_001,0.02483,0.6295,11,0
month,2025-09,alpha101/alpha_015,0.02306,0.6291,12,0
month,2025-09,qlib158/vma60,0.02493,0.617,13,0
month,2025-09,qlib158/min10,0.02553,0.6145,14,0
month,2025-09,qlib158/vsumn30,0.02302,0.6111,15,0
month,2025-09,alpha101/alpha_026,0.02036,0.6108,16,0
month,2025-09,qlib158/vsumn60,0.01748,0.6056,17,0
month,2025-09,alpha101/alpha_002,0.01648,0.6034,18,0
month,2025-09,qlib158/vsumn20,0.02093,0.6012,19,0
month,2025-09,qlib158/cntn5,0.01751,0.599,20,0
month,2025-09,gtja191/alpha_006,0.01534,0.5921,21,0
month,2025-09,gtja191/alpha_092,0.02059,0.5776,22,0
month,2025-09,gtja191/alpha_048,0.01243,0.5719,23,0
month,2025-09,alpha101/alpha_027,0.00864,0.5658,24,0
month,2025-09,qlib158/ma10,0.01454,0.562,25,0
month,2025-09,qlib158/vsumn5,0.00655,0.5502,26,0
month,2025-09,alpha101/alpha_084,0.0157,0.5492,27,0
month,2025-09,alpha101/alpha_023,0.00715,0.5442,28,0
month,2025-09,alpha101/alpha_069,0.01144,0.5412,29,0
month,2025-09,gtja191/alpha_041,0.00748,0.5391,30,0
month,2025-09,gtja191/alpha_037,0.00257,0.5311,31,0
month,2025-09,alpha101/alpha_067,0.00434,0.527,32,0
month,2025-09,alpha101/alpha_024,-0.00199,0.514,33,0
month,2025-09,gtja191/alpha_008,-0.00036,0.514,34,0
month,2025-09,alpha101/alpha_019,-0.00231,0.5112,35,0
month,2025-09,gtja191/alpha_026,-0.00282,0.5056,36,0
month,2025-09,gtja191/alpha_157,0.00069,0.4961,37,0
month,2025-09,gtja191/alpha_025,-0.01555,0.4384,38,0
month,2025-10,qlib158/vsumn60,0.04384,0.6532,1,1
month,2025-10,qlib158/vsumn20,0.03238,0.648,2,0
month,2025-10,alpha101/alpha_016,0.04073,0.629,3,0
month,2025-10,alpha101/alpha_026,0.02483,0.6144,4,0
month,2025-10,alpha101/alpha_044,0.02448,0.6096,5,0
month,2025-10,alpha101/alpha_004,0.02277,0.6092,6,0
month,2025-10,alpha101/alpha_080,0.02209,0.6036,7,0
month,2025-10,gtja191/alpha_168,0.0254,0.5956,8,0
month,2025-10,alpha101/alpha_088,0.01871,0.5924,9,0
month,2025-10,qlib158/vsumn30,0.01723,0.574,10,0
month,2025-10,alpha101/alpha_055,0.01523,0.5646,11,0
month,2025-10,gtja191/alpha_090,0.01282,0.5563,12,0
month,2025-10,gtja191/alpha_048,0.01128,0.5552,13,0
month,2025-10,gtja191/alpha_016,0.01016,0.5452,14,0
month,2025-10,alpha101/alpha_027,0.01041,0.5428,15,0
month,2025-10,qlib158/cntn5,0.0067,0.5344,16,0
month,2025-10,gtja191/alpha_006,0.007,0.5342,17,0
month,2025-10,qlib158/min10,0.00926,0.5307,18,0
month,2025-10,qlib158/vsumn5,0.00862,0.5231,19,0
month,2025-10,alpha101/alpha_067,0.01037,0.5229,20,0
month,2025-10,qlib158/vma10,0.01149,0.5214,21,0
month,2025-10,alpha101/alpha_002,0.00436,0.5194,22,0
month,2025-10,qlib158/ma10,0.00949,0.5184,23,0
month,2025-10,alpha101/alpha_015,0.00299,0.5134,24,0
month,2025-10,qlib158/vma60,0.00563,0.5039,25,0
month,2025-10,gtja191/alpha_025,0.00232,0.5002,26,0
month,2025-10,gtja191/alpha_026,0.00147,0.4979,27,0
month,2025-10,gtja191/alpha_008,-0.00013,0.4936,28,0
month,2025-10,gtja191/alpha_157,-0.00667,0.4669,29,0
month,2025-10,alpha101/alpha_024,-0.00852,0.4588,30,0
month,2025-10,gtja191/alpha_037,-0.00818,0.4558,31,0
month,2025-10,gtja191/alpha_001,-0.00949,0.452,32,0
month,2025-10,alpha101/alpha_019,-0.01014,0.4493,33,0
month,2025-10,alpha101/alpha_023,-0.01561,0.4209,34,0
month,2025-10,gtja191/alpha_092,-0.02494,0.396,35,0
month,2025-10,gtja191/alpha_041,-0.02267,0.3951,36,0
month,2025-10,alpha101/alpha_069,-0.02367,0.3946,37,0
month,2025-10,alpha101/alpha_084,-0.02932,0.3599,38,0
month,2025-11,gtja191/alpha_026,0.04598,0.7629,1,1
month,2025-11,gtja191/alpha_037,0.03842,0.7477,2,0
month,2025-11,gtja191/alpha_025,0.03481,0.7387,3,0
month,2025-11,gtja191/alpha_008,0.04003,0.7349,4,0
month,2025-11,gtja191/alpha_041,0.02396,0.7082,5,0
month,2025-11,alpha101/alpha_024,0.03836,0.6966,6,0
month,2025-11,gtja191/alpha_001,0.01587,0.6918,7,0
month,2025-11,alpha101/alpha_069,0.01981,0.6914,8,0
month,2025-11,alpha101/alpha_084,0.01826,0.6892,9,0
month,2025-11,gtja191/alpha_157,0.01632,0.6714,10,0
month,2025-11,qlib158/vma10,0.02551,0.651,11,0
month,2025-11,qlib158/vsumn30,0.00238,0.6503,12,0
month,2025-11,alpha101/alpha_026,0.00249,0.6449,13,0
month,2025-11,qlib158/vma60,0.00864,0.6354,14,0
month,2025-11,alpha101/alpha_016,0.0186,0.6286,15,0
month,2025-11,gtja191/alpha_092,-0.00076,0.6201,16,0
month,2025-11,qlib158/ma10,-0.00084,0.6161,17,0
month,2025-11,alpha101/alpha_002,-0.00278,0.6122,18,0
month,2025-11,gtja191/alpha_048,-0.00363,0.6105,19,0
month,2025-11,alpha101/alpha_067,-0.00346,0.6084,20,0
month,2025-11,gtja191/alpha_090,-0.00087,0.6012,21,0
month,2025-11,alpha101/alpha_015,-0.00296,0.6004,22,0
month,2025-11,alpha101/alpha_055,-0.00696,0.5997,23,0
month,2025-11,alpha101/alpha_019,-0.00294,0.5912,24,0
month,2025-11,qlib158/vsumn20,-0.01142,0.5873,25,0
month,2025-11,alpha101/alpha_044,-0.00678,0.5854,26,0
month,2025-11,qlib158/min10,-0.01143,0.575,27,0
month,2025-11,alpha101/alpha_080,-0.01272,0.5689,28,0
month,2025-11,gtja191/alpha_168,-0.0022,0.5629,29,0
month,2025-11,qlib158/cntn5,-0.01588,0.5597,30,0
month,2025-11,qlib158/vsumn60,-0.01596,0.558,31,0
month,2025-11,gtja191/alpha_016,-0.01678,0.5579,32,0
month,2025-11,alpha101/alpha_088,-0.01779,0.5503,33,0
month,2025-11,alpha101/alpha_004,-0.02634,0.5061,34,0
month,2025-11,gtja191/alpha_006,-0.03026,0.4785,35,0
month,2025-11,alpha101/alpha_023,-0.03102,0.4544,36,0
month,2025-11,qlib158/vsumn5,-0.03613,0.4489,37,0
month,2025-11,alpha101/alpha_027,-0.04391,0.3951,38,0
month,2025-12,alpha101/alpha_023,0.11858,0.6918,1,1
month,2025-12,alpha101/alpha_016,0.14101,0.6812,2,0
month,2025-12,gtja191/alpha_048,0.09846,0.6477,3,0
month,2025-12,qlib158/vma10,0.10177,0.6421,4,0
month,2025-12,qlib158/vma60,0.10441,0.6417,5,0
month,2025-12,gtja191/alpha_037,0.09583,0.6385,6,0
month,2025-12,gtja191/alpha_168,0.09955,0.6272,7,0
month,2025-12,alpha101/alpha_026,0.09809,0.622,8,0
month,2025-12,qlib158/vsumn20,0.08704,0.614,9,0
month,2025-12,gtja191/alpha_092,0.09105,0.6023,10,0
month,2025-12,alpha101/alpha_044,0.08293,0.5985,11,0
month,2025-12,qlib158/vsumn60,0.07391,0.5801,12,0
month,2025-12,qlib158/vsumn30,0.06985,0.5717,13,0
month,2025-12,gtja191/alpha_090,0.07498,0.5703,14,0
month,2025-12,gtja191/alpha_016,0.08069,0.5674,15,0
month,2025-12,alpha101/alpha_067,0.07925,0.5506,16,0
month,2025-12,gtja191/alpha_157,0.06933,0.5506,17,0
month,2025-12,alpha101/alpha_055,0.06892,0.5484,18,0
month,2025-12,gtja191/alpha_001,0.07011,0.5484,19,0
month,2025-12,gtja191/alpha_041,0.06995,0.5434,20,0
month,2025-12,alpha101/alpha_069,0.06559,0.5225,21,0
month,2025-12,alpha101/alpha_002,0.06044,0.5157,22,0
month,2025-12,alpha101/alpha_019,0.05781,0.5042,23,0
month,2025-12,alpha101/alpha_015,0.04749,0.4604,24,0
month,2025-12,qlib158/vsumn5,0.04779,0.4577,25,0
month,2025-12,gtja191/alpha_025,0.04815,0.449,26,0
month,2025-12,alpha101/alpha_024,0.04075,0.4488,27,0
month,2025-12,alpha101/alpha_080,0.04266,0.4362,28,0
month,2025-12,qlib158/ma10,0.04067,0.4359,29,0
month,2025-12,alpha101/alpha_084,0.04424,0.4327,30,0
month,2025-12,qlib158/min10,0.03452,0.4083,31,0
month,2025-12,qlib158/cntn5,0.03533,0.4047,32,0
month,2025-12,alpha101/alpha_004,0.03035,0.3866,33,0
month,2025-12,alpha101/alpha_088,0.03065,0.3854,34,0
month,2025-12,gtja191/alpha_008,0.02882,0.3805,35,0
month,2025-12,gtja191/alpha_026,0.02945,0.3766,36,0
month,2025-12,gtja191/alpha_006,0.0021,0.2697,37,0
month,2025-12,alpha101/alpha_027,5e-05,0.2525,38,0
month,2026-01,alpha101/alpha_015,0.03913,0.6756,1,1
month,2026-01,gtja191/alpha_048,0.03818,0.6511,2,0
month,2026-01,qlib158/vsumn30,0.02241,0.6132,3,0
month,2026-01,gtja191/alpha_090,0.02134,0.6064,4,0
month,2026-01,alpha101/alpha_088,0.02126,0.6054,5,0
month,2026-01,qlib158/vsumn20,0.02042,0.601,6,0
month,2026-01,alpha101/alpha_044,0.01853,0.5994,7,0
month,2026-01,alpha101/alpha_055,0.0194,0.5964,8,0
month,2026-01,qlib158/vsumn5,0.02191,0.5891,9,0
month,2026-01,alpha101/alpha_002,0.01549,0.5846,10,0
month,2026-01,alpha101/alpha_026,0.0144,0.5804,11,0
month,2026-01,alpha101/alpha_080,0.01392,0.5763,12,0
month,2026-01,gtja191/alpha_001,0.01456,0.5702,13,0
month,2026-01,qlib158/vsumn60,0.01151,0.5674,14,0
month,2026-01,gtja191/alpha_016,0.01003,0.5647,15,0
month,2026-01,qlib158/cntn5,0.01303,0.561,16,0
month,2026-01,qlib158/min10,0.00911,0.5492,17,0
month,2026-01,alpha101/alpha_027,0.00422,0.5299,18,0
month,2026-01,alpha101/alpha_067,0.00475,0.5278,19,0
month,2026-01,gtja191/alpha_025,0.00416,0.5154,20,0
month,2026-01,gtja191/alpha_092,0.00451,0.5142,21,0
month,2026-01,alpha101/alpha_004,-0.00143,0.5049,22,0
month,2026-01,gtja191/alpha_006,-0.00245,0.4962,23,0
month,2026-01,alpha101/alpha_024,-0.00182,0.4956,24,0
month,2026-01,qlib158/vma60,-0.00499,0.4842,25,0
month,2026-01,alpha101/alpha_023,-0.00634,0.4746,26,0
month,2026-01,gtja191/alpha_168,-0.00972,0.4693,27,0
month,2026-01,qlib158/vma10,-0.00794,0.4611,28,0
month,2026-01,gtja191/alpha_026,-0.01017,0.4593,29,0
month,2026-01,gtja191/alpha_157,-0.00848,0.4532,30,0
month,2026-01,alpha101/alpha_016,-0.01348,0.4525,31,0
month,2026-01,qlib158/ma10,-0.01073,0.451,32,0
month,2026-01,gtja191/alpha_037,-0.01324,0.4351,33,0
month,2026-01,alpha101/alpha_084,-0.01559,0.4349,34,0
month,2026-01,gtja191/alpha_041,-0.01737,0.4158,35,0
month,2026-01,alpha101/alpha_069,-0.0168,0.4156,36,0
month,2026-01,gtja191/alpha_008,-0.0204,0.4088,37,0
month,2026-01,alpha101/alpha_019,-0.04742,0.3083,38,0
month,2026-02,alpha101/alpha_027,0.01676,0.7585,1,1
month,2026-02,alpha101/alpha_080,0.01043,0.7297,2,0
month,2026-02,gtja191/alpha_006,0.00603,0.7251,3,0
month,2026-02,alpha101/alpha_004,0.00472,0.7198,4,0
month,2026-02,alpha101/alpha_044,-0.00326,0.6968,5,0
month,2026-02,gtja191/alpha_025,-0.00158,0.6765,6,0
month,2026-02,qlib158/vsumn60,-0.01203,0.667,7,0
month,2026-02,alpha101/alpha_015,-0.02346,0.6319,8,0
month,2026-02,qlib158/min10,-0.02066,0.6313,9,0
month,2026-02,gtja191/alpha_026,-0.02238,0.6239,10,0
month,2026-02,gtja191/alpha_037,-0.02269,0.6173,11,0
month,2026-02,gtja191/alpha_090,-0.02802,0.6124,12,0
month,2026-02,alpha101/alpha_002,-0.02741,0.6091,13,0
month,2026-02,alpha101/alpha_055,-0.02713,0.6066,14,0
month,2026-02,alpha101/alpha_026,-0.02269,0.6046,15,0
month,2026-02,gtja191/alpha_001,-0.03659,0.5807,16,0
month,2026-02,qlib158/cntn5,-0.03744,0.5729,17,0
month,2026-02,gtja191/alpha_016,-0.03642,0.5613,18,0
month,2026-02,alpha101/alpha_067,-0.04037,0.5599,19,0
month,2026-02,alpha101/alpha_024,-0.03455,0.5589,20,0
month,2026-02,alpha101/alpha_084,-0.03931,0.5588,21,0
month,2026-02,gtja191/alpha_092,-0.04313,0.5541,22,0
month,2026-02,qlib158/vsumn20,-0.04371,0.554,23,0
month,2026-02,alpha101/alpha_088,-0.04313,0.5534,24,0
month,2026-02,qlib158/vsumn5,-0.04287,0.5523,25,0
month,2026-02,gtja191/alpha_008,-0.03884,0.5516,26,0
month,2026-02,gtja191/alpha_048,-0.04171,0.5506,27,0
month,2026-02,gtja191/alpha_157,-0.05208,0.5003,28,0
month,2026-02,alpha101/alpha_023,-0.0548,0.498,29,0
month,2026-02,alpha101/alpha_069,-0.05428,0.4969,30,0
month,2026-02,qlib158/vsumn30,-0.05507,0.4929,31,0
month,2026-02,alpha101/alpha_016,-0.05112,0.4801,32,0
month,2026-02,gtja191/alpha_168,-0.0619,0.4752,33,0
month,2026-02,qlib158/vma10,-0.06202,0.4749,34,0
month,2026-02,gtja191/alpha_041,-0.05937,0.4652,35,0
month,2026-02,alpha101/alpha_019,-0.05965,0.4644,36,0
month,2026-02,qlib158/vma60,-0.06529,0.4532,37,0
month,2026-02,qlib158/ma10,-0.09983,0.2765,38,0
month,2026-03,alpha101/alpha_019,0.09627,0.8001,1,1
month,2026-03,alpha101/alpha_069,0.05426,0.7679,2,0
month,2026-03,alpha101/alpha_024,0.0606,0.7625,3,0
month,2026-03,gtja191/alpha_025,0.04931,0.7583,4,0
month,2026-03,gtja191/alpha_026,0.04766,0.7469,5,0
month,2026-03,gtja191/alpha_041,0.04185,0.7357,6,0
month,2026-03,gtja191/alpha_008,0.03952,0.7328,7,0
month,2026-03,gtja191/alpha_037,0.04491,0.716,8,0
month,2026-03,alpha101/alpha_023,0.05162,0.6946,9,0
month,2026-03,alpha101/alpha_084,0.02118,0.6875,10,0
month,2026-03,gtja191/alpha_157,0.02114,0.6501,11,0
month,2026-03,alpha101/alpha_067,0.00395,0.6176,12,0
month,2026-03,alpha101/alpha_015,0.00014,0.601,13,0
month,2026-03,qlib158/ma10,0.00661,0.5977,14,0
month,2026-03,alpha101/alpha_002,-0.00242,0.5975,15,0
month,2026-03,alpha101/alpha_026,-0.00247,0.5965,16,0
month,2026-03,gtja191/alpha_090,-0.0022,0.5944,17,0
month,2026-03,gtja191/alpha_092,0.00347,0.5856,18,0
month,2026-03,alpha101/alpha_055,-0.00658,0.5783,19,0
month,2026-03,gtja191/alpha_016,-0.00425,0.5758,20,0
month,2026-03,qlib158/vma60,-0.00548,0.5723,21,0
month,2026-03,gtja191/alpha_001,-0.00512,0.5708,22,0
month,2026-03,alpha101/alpha_080,-0.00574,0.5705,23,0
month,2026-03,qlib158/vsumn60,-0.01011,0.5688,24,0
month,2026-03,alpha101/alpha_004,-0.00726,0.5683,25,0
month,2026-03,qlib158/min10,-0.00704,0.5679,26,0
month,2026-03,qlib158/vma10,-0.00386,0.5636,27,0
month,2026-03,gtja191/alpha_048,-0.00934,0.5578,28,0
month,2026-03,alpha101/alpha_016,-0.00603,0.5574,29,0
month,2026-03,qlib158/vsumn20,-0.01176,0.5533,30,0
month,2026-03,gtja191/alpha_168,-0.00871,0.5488,31,0
month,2026-03,qlib158/cntn5,-0.01671,0.5376,32,0
month,2026-03,alpha101/alpha_088,-0.01762,0.5375,33,0
month,2026-03,qlib158/vsumn30,-0.02067,0.5148,34,0
month,2026-03,alpha101/alpha_044,-0.02053,0.5122,35,0
month,2026-03,alpha101/alpha_027,-0.02553,0.4941,36,0
month,2026-03,gtja191/alpha_006,-0.02873,0.4775,37,0
month,2026-03,qlib158/vsumn5,-0.03913,0.4284,38,0
month,2026-04,alpha101/alpha_024,0.12803,0.7159,1,1
month,2026-04,alpha101/alpha_019,0.08966,0.6969,2,0
month,2026-04,alpha101/alpha_023,0.12472,0.695,3,0
month,2026-04,gtja191/alpha_037,0.11553,0.6897,4,0
month,2026-04,gtja191/alpha_008,0.0844,0.649,5,0
month,2026-04,alpha101/alpha_016,0.06775,0.6426,6,0
month,2026-04,gtja191/alpha_041,0.06987,0.6381,7,0
month,2026-04,alpha101/alpha_069,0.06567,0.6269,8,0
month,2026-04,alpha101/alpha_015,0.05474,0.6203,9,0
month,2026-04,gtja191/alpha_026,0.07401,0.6066,10,0
month,2026-04,alpha101/alpha_067,0.04046,0.5927,11,0
month,2026-04,alpha101/alpha_055,0.0446,0.5921,12,0
month,2026-04,alpha101/alpha_026,0.03957,0.5905,13,0
month,2026-04,gtja191/alpha_092,0.03868,0.5769,14,0
month,2026-04,gtja191/alpha_025,0.04599,0.5739,15,0
month,2026-04,gtja191/alpha_016,0.03327,0.573,16,0
month,2026-04,alpha101/alpha_002,0.03249,0.569,17,0
month,2026-04,alpha101/alpha_044,0.03577,0.5684,18,0
month,2026-04,qlib158/vsumn60,0.03073,0.5683,19,0
month,2026-04,alpha101/alpha_084,0.03743,0.5508,20,0
month,2026-04,gtja191/alpha_090,0.02855,0.5507,21,0
month,2026-04,gtja191/alpha_001,0.02664,0.5396,22,0
month,2026-04,gtja191/alpha_168,0.02643,0.5332,23,0
month,2026-04,qlib158/vma60,0.02528,0.5302,24,0
month,2026-04,qlib158/vma10,0.03174,0.5267,25,0
month,2026-04,qlib158/vsumn20,0.01217,0.5116,26,0
month,2026-04,qlib158/ma10,0.01981,0.5062,27,0
month,2026-04,gtja191/alpha_157,0.01548,0.5031,28,0
month,2026-04,gtja191/alpha_048,0.01032,0.496,29,0
month,2026-04,alpha101/alpha_088,0.00051,0.471,30,0
month,2026-04,qlib158/vsumn30,-0.00018,0.4676,31,0
month,2026-04,qlib158/vsumn5,0.00201,0.4629,32,0
month,2026-04,alpha101/alpha_080,-0.00426,0.4558,33,0
month,2026-04,qlib158/min10,-0.00298,0.4538,34,0
month,2026-04,qlib158/cntn5,-0.00945,0.439,35,0
month,2026-04,alpha101/alpha_027,-0.01036,0.436,36,0
month,2026-04,alpha101/alpha_004,-0.01144,0.4349,37,0
month,2026-04,gtja191/alpha_006,-0.0111,0.4292,38,0
month,2026-05,gtja191/alpha_037,0.11663,0.8616,1,1
month,2026-05,alpha101/alpha_019,0.10424,0.8355,2,0
month,2026-05,alpha101/alpha_023,0.07382,0.8077,3,0
month,2026-05,alpha101/alpha_024,0.0669,0.7785,4,0
month,2026-05,gtja191/alpha_092,0.00558,0.7423,5,0
month,2026-05,gtja191/alpha_025,0.01398,0.7273,6,0
month,2026-05,alpha101/alpha_067,-0.02809,0.7206,7,0
month,2026-05,alpha101/alpha_027,-0.03632,0.7173,8,0
month,2026-05,gtja191/alpha_041,-0.00571,0.7123,9,0
month,2026-05,gtja191/alpha_006,-0.04073,0.7097,10,0
month,2026-05,gtja191/alpha_008,0.01211,0.7056,11,0
month,2026-05,gtja191/alpha_026,0.01525,0.7045,12,0
month,2026-05,alpha101/alpha_069,-0.01921,0.6936,13,0
month,2026-05,alpha101/alpha_004,-0.05296,0.6745,14,0
month,2026-05,qlib158/vma10,-0.0343,0.6725,15,0
month,2026-05,alpha101/alpha_016,-0.04336,0.6603,16,0
month,2026-05,alpha101/alpha_015,-0.0555,0.6566,17,0
month,2026-05,gtja191/alpha_168,-0.0487,0.6473,18,0
month,2026-05,alpha101/alpha_084,-0.05777,0.6398,19,0
month,2026-05,gtja191/alpha_001,-0.06683,0.6348,20,0
month,2026-05,alpha101/alpha_080,-0.06742,0.6341,21,0
month,2026-05,gtja191/alpha_157,-0.05952,0.623,22,0
month,2026-05,gtja191/alpha_016,-0.07378,0.6186,23,0
month,2026-05,alpha101/alpha_088,-0.07844,0.6098,24,0
month,2026-05,qlib158/vsumn5,-0.07487,0.6079,25,0
month,2026-05,alpha101/alpha_002,-0.07837,0.6004,26,0
month,2026-05,qlib158/cntn5,-0.07955,0.5855,27,0
month,2026-05,alpha101/alpha_055,-0.08472,0.5777,28,0
month,2026-05,alpha101/alpha_044,-0.0813,0.574,29,0
month,2026-05,gtja191/alpha_090,-0.09059,0.5647,30,0
month,2026-05,qlib158/min10,-0.08863,0.5636,31,0
month,2026-05,qlib158/vma60,-0.08643,0.557,32,0
month,2026-05,qlib158/vsumn60,-0.09804,0.5166,33,0
month,2026-05,gtja191/alpha_048,-0.10435,0.5161,34,0
month,2026-05,qlib158/vsumn30,-0.10584,0.5136,35,0
month,2026-05,alpha101/alpha_026,-0.10366,0.5097,36,0
month,2026-05,qlib158/vsumn20,-0.10673,0.5025,37,0
month,2026-05,qlib158/ma10,-0.11391,0.4662,38,0
month,2026-06,gtja191/alpha_025,0.06637,0.7753,1,1
month,2026-06,alpha101/alpha_084,0.0164,0.7428,2,0
month,2026-06,gtja191/alpha_026,0.03454,0.7405,3,0
month,2026-06,alpha101/alpha_088,0.00138,0.7289,4,0
month,2026-06,gtja191/alpha_157,0.0155,0.7253,5,0
month,2026-06,gtja191/alpha_008,0.03456,0.7072,6,0
month,2026-06,gtja191/alpha_092,0.02006,0.7003,7,0
month,2026-06,gtja191/alpha_041,0.02616,0.6805,8,0
month,2026-06,alpha101/alpha_080,-0.00067,0.6762,9,0
month,2026-06,alpha101/alpha_069,0.03906,0.6761,10,0
month,2026-06,alpha101/alpha_027,-0.02271,0.6744,11,0
month,2026-06,gtja191/alpha_037,0.04253,0.6529,12,0
month,2026-06,gtja191/alpha_006,-0.03046,0.6436,13,0
month,2026-06,alpha101/alpha_002,-0.03609,0.6355,14,0
month,2026-06,gtja191/alpha_001,-0.02905,0.6308,15,0
month,2026-06,alpha101/alpha_026,-0.03566,0.624,16,0
month,2026-06,alpha101/alpha_024,-0.00924,0.6238,17,0
month,2026-06,qlib158/min10,-0.03594,0.6125,18,0
month,2026-06,alpha101/alpha_004,-0.04167,0.6044,19,0
month,2026-06,gtja191/alpha_090,-0.04176,0.5987,20,0
month,2026-06,gtja191/alpha_016,-0.05302,0.5923,21,0
month,2026-06,gtja191/alpha_048,-0.04516,0.5899,22,0
month,2026-06,gtja191/alpha_168,-0.05722,0.5865,23,0
month,2026-06,alpha101/alpha_023,-0.03208,0.5832,24,0
month,2026-06,alpha101/alpha_055,-0.05377,0.5777,25,0
month,2026-06,alpha101/alpha_019,-0.03685,0.5754,26,0
month,2026-06,qlib158/vsumn30,-0.06437,0.5641,27,0
month,2026-06,alpha101/alpha_015,-0.06193,0.559,28,0
month,2026-06,alpha101/alpha_044,-0.06194,0.5538,29,0
month,2026-06,qlib158/cntn5,-0.06025,0.5511,30,0
month,2026-06,alpha101/alpha_067,-0.07038,0.5334,31,0
month,2026-06,qlib158/vsumn5,-0.07222,0.5287,32,0
month,2026-06,qlib158/vsumn60,-0.0711,0.5224,33,0
month,2026-06,qlib158/ma10,-0.078,0.518,34,0
month,2026-06,qlib158/vma60,-0.07695,0.5133,35,0
month,2026-06,alpha101/alpha_016,-0.07646,0.509,36,0
month,2026-06,qlib158/vsumn20,-0.08289,0.4983,37,0
month,2026-06,qlib158/vma10,-0.09356,0.4855,38,0
quarter,2024-Q1,gtja191/alpha_025,0.04781,0.6773,1,1
quarter,2024-Q1,gtja191/alpha_006,0.04683,0.6758,2,0
quarter,2024-Q1,gtja191/alpha_026,0.04341,0.6749,3,0
quarter,2024-Q1,alpha101/alpha_027,0.04654,0.6731,4,0
quarter,2024-Q1,gtja191/alpha_092,0.03127,0.6485,5,0
quarter,2024-Q1,gtja191/alpha_157,0.03312,0.6475,6,0
quarter,2024-Q1,gtja191/alpha_008,0.0298,0.6335,7,0
quarter,2024-Q1,gtja191/alpha_016,0.01272,0.629,8,0
quarter,2024-Q1,gtja191/alpha_037,0.02726,0.6287,9,0
quarter,2024-Q1,alpha101/alpha_080,0.02293,0.6265,10,0
quarter,2024-Q1,gtja191/alpha_001,0.00875,0.6171,11,0
quarter,2024-Q1,alpha101/alpha_019,0.03859,0.6132,12,0
quarter,2024-Q1,alpha101/alpha_084,0.02006,0.6069,13,0
quarter,2024-Q1,gtja191/alpha_090,0.00493,0.6036,14,0
quarter,2024-Q1,qlib158/cntn5,0.0146,0.601,15,0
quarter,2024-Q1,alpha101/alpha_024,0.01711,0.6,16,0
quarter,2024-Q1,alpha101/alpha_002,0.00258,0.5945,17,0
quarter,2024-Q1,qlib158/vsumn30,-0.00269,0.5855,18,0
quarter,2024-Q1,alpha101/alpha_004,0.00919,0.5841,19,0
quarter,2024-Q1,alpha101/alpha_069,0.01265,0.5825,20,0
quarter,2024-Q1,qlib158/vsumn60,-0.00586,0.5786,21,0
quarter,2024-Q1,gtja191/alpha_041,0.01131,0.5779,22,0
quarter,2024-Q1,alpha101/alpha_026,-0.00622,0.5675,23,0
quarter,2024-Q1,alpha101/alpha_015,-0.00716,0.5674,24,0
quarter,2024-Q1,alpha101/alpha_044,-0.00917,0.5563,25,0
quarter,2024-Q1,alpha101/alpha_088,-0.00226,0.5558,26,0
quarter,2024-Q1,qlib158/vsumn20,-0.01278,0.5536,27,0
quarter,2024-Q1,alpha101/alpha_055,-0.00871,0.5535,28,0
quarter,2024-Q1,qlib158/min10,-0.00435,0.5517,29,0
quarter,2024-Q1,alpha101/alpha_067,-0.01318,0.5412,30,0
quarter,2024-Q1,alpha101/alpha_023,-0.01101,0.5402,31,0
quarter,2024-Q1,qlib158/ma10,-0.00079,0.5251,32,0
quarter,2024-Q1,qlib158/vsumn5,-0.02446,0.5121,33,0
quarter,2024-Q1,alpha101/alpha_016,-0.01649,0.5061,34,0
quarter,2024-Q1,qlib158/vma60,-0.02269,0.5045,35,0
quarter,2024-Q1,gtja191/alpha_048,-0.02343,0.5019,36,0
quarter,2024-Q1,gtja191/alpha_168,-0.02319,0.5011,37,0
quarter,2024-Q1,qlib158/vma10,-0.03078,0.4801,38,0
quarter,2024-Q2,gtja191/alpha_006,0.00515,0.6964,1,1
quarter,2024-Q2,alpha101/alpha_027,0.00134,0.6834,2,0
quarter,2024-Q2,alpha101/alpha_004,-0.01647,0.6071,3,0
quarter,2024-Q2,gtja191/alpha_016,-0.01624,0.5973,4,0
quarter,2024-Q2,alpha101/alpha_002,-0.01805,0.5965,5,0
quarter,2024-Q2,alpha101/alpha_044,-0.02096,0.5859,6,0
quarter,2024-Q2,alpha101/alpha_080,-0.02081,0.5833,7,0
quarter,2024-Q2,alpha101/alpha_024,-0.01592,0.5832,8,0
quarter,2024-Q2,alpha101/alpha_088,-0.02498,0.572,9,0
quarter,2024-Q2,alpha101/alpha_026,-0.02339,0.5686,10,0
quarter,2024-Q2,qlib158/vsumn60,-0.02341,0.5683,11,0
quarter,2024-Q2,qlib158/vma60,-0.02573,0.5655,12,0
quarter,2024-Q2,alpha101/alpha_023,-0.02526,0.5639,13,0
quarter,2024-Q2,gtja191/alpha_037,-0.02444,0.5637,14,0
quarter,2024-Q2,gtja191/alpha_092,-0.02378,0.5634,15,0
quarter,2024-Q2,alpha101/alpha_067,-0.02571,0.5616,16,0
quarter,2024-Q2,gtja191/alpha_001,-0.02247,0.5578,17,0
quarter,2024-Q2,qlib158/cntn5,-0.02433,0.5562,18,0
quarter,2024-Q2,gtja191/alpha_090,-0.02473,0.555,19,0
quarter,2024-Q2,alpha101/alpha_055,-0.02694,0.5548,20,0
quarter,2024-Q2,gtja191/alpha_026,-0.0271,0.5536,21,0
quarter,2024-Q2,alpha101/alpha_084,-0.02717,0.5535,22,0
quarter,2024-Q2,alpha101/alpha_015,-0.0281,0.5501,23,0
quarter,2024-Q2,qlib158/vsumn30,-0.02879,0.5492,24,0
quarter,2024-Q2,gtja191/alpha_008,-0.02747,0.549,25,0
quarter,2024-Q2,gtja191/alpha_157,-0.02847,0.5456,26,0
quarter,2024-Q2,qlib158/min10,-0.03031,0.5343,27,0
quarter,2024-Q2,gtja191/alpha_025,-0.03155,0.533,28,0
quarter,2024-Q2,qlib158/vsumn20,-0.03367,0.5276,29,0
quarter,2024-Q2,gtja191/alpha_048,-0.03338,0.5213,30,0
quarter,2024-Q2,qlib158/vsumn5,-0.03469,0.5141,31,0
quarter,2024-Q2,gtja191/alpha_168,-0.04247,0.4936,32,0
quarter,2024-Q2,alpha101/alpha_069,-0.04114,0.488,33,0
quarter,2024-Q2,qlib158/vma10,-0.04405,0.479,34,0
quarter,2024-Q2,qlib158/ma10,-0.03973,0.4619,35,0
quarter,2024-Q2,alpha101/alpha_016,-0.04087,0.4512,36,0
quarter,2024-Q2,gtja191/alpha_041,-0.05013,0.4471,37,0
quarter,2024-Q2,alpha101/alpha_019,-0.0539,0.4299,38,0
quarter,2024-Q3,gtja191/alpha_168,0.13374,0.7043,1,1
quarter,2024-Q3,qlib158/vma10,0.12254,0.6972,2,0
quarter,2024-Q3,qlib158/vsumn30,0.09138,0.6345,3,0
quarter,2024-Q3,alpha101/alpha_044,0.08254,0.5778,4,0
quarter,2024-Q3,qlib158/vsumn20,0.0818,0.5766,5,0
quarter,2024-Q3,qlib158/vma60,0.08666,0.5745,6,0
quarter,2024-Q3,qlib158/vsumn5,0.08468,0.5738,7,0
quarter,2024-Q3,gtja191/alpha_048,0.07812,0.5688,8,0
quarter,2024-Q3,gtja191/alpha_090,0.0773,0.5669,9,0
quarter,2024-Q3,qlib158/ma10,0.09002,0.5654,10,0
quarter,2024-Q3,qlib158/vsumn60,0.07253,0.5601,11,0
quarter,2024-Q3,alpha101/alpha_055,0.06951,0.5513,12,0
quarter,2024-Q3,alpha101/alpha_015,0.06898,0.5464,13,0
quarter,2024-Q3,gtja191/alpha_016,0.07262,0.5459,14,0
quarter,2024-Q3,alpha101/alpha_002,0.06936,0.544,15,0
quarter,2024-Q3,gtja191/alpha_157,0.08089,0.5418,16,0
quarter,2024-Q3,gtja191/alpha_001,0.0672,0.5411,17,0
quarter,2024-Q3,gtja191/alpha_025,0.08317,0.5406,18,0
quarter,2024-Q3,alpha101/alpha_067,0.07069,0.5339,19,0
quarter,2024-Q3,qlib158/min10,0.07188,0.5336,20,0
quarter,2024-Q3,alpha101/alpha_016,0.08555,0.5325,21,0
quarter,2024-Q3,alpha101/alpha_069,0.07832,0.53,22,0
quarter,2024-Q3,alpha101/alpha_019,0.09811,0.5276,23,0
quarter,2024-Q3,gtja191/alpha_008,0.0702,0.5154,24,0
quarter,2024-Q3,gtja191/alpha_041,0.07829,0.5145,25,0
quarter,2024-Q3,alpha101/alpha_026,0.05807,0.5055,26,0
quarter,2024-Q3,alpha101/alpha_088,0.06223,0.5052,27,0
quarter,2024-Q3,alpha101/alpha_084,0.06419,0.5018,28,0
quarter,2024-Q3,gtja191/alpha_026,0.06587,0.5011,29,0
quarter,2024-Q3,alpha101/alpha_080,0.05691,0.4838,30,0
quarter,2024-Q3,alpha101/alpha_024,0.0597,0.4669,31,0
quarter,2024-Q3,gtja191/alpha_037,0.056,0.4602,32,0
quarter,2024-Q3,gtja191/alpha_092,0.04668,0.4486,33,0
quarter,2024-Q3,qlib158/cntn5,0.04586,0.4476,34,0
quarter,2024-Q3,alpha101/alpha_004,0.03842,0.4273,35,0
quarter,2024-Q3,alpha101/alpha_023,0.04954,0.3995,36,0
quarter,2024-Q3,gtja191/alpha_006,0.03079,0.3919,37,0
quarter,2024-Q3,alpha101/alpha_027,0.01744,0.3557,38,0
quarter,2024-Q4,alpha101/alpha_026,0.04433,0.6561,1,1
quarter,2024-Q4,gtja191/alpha_016,0.02507,0.6326,2,0
quarter,2024-Q4,qlib158/vsumn20,0.0268,0.6276,3,0
quarter,2024-Q4,gtja191/alpha_001,0.02234,0.6247,4,0
quarter,2024-Q4,alpha101/alpha_015,0.02439,0.6229,5,0
quarter,2024-Q4,qlib158/vsumn30,0.02414,0.611,6,0
quarter,2024-Q4,qlib158/vsumn60,0.02196,0.6098,7,0
quarter,2024-Q4,alpha101/alpha_044,0.02163,0.6096,8,0
quarter,2024-Q4,alpha101/alpha_088,0.01994,0.6048,9,0
quarter,2024-Q4,alpha101/alpha_055,0.01684,0.6015,10,0
quarter,2024-Q4,gtja191/alpha_090,0.01507,0.5983,11,0
quarter,2024-Q4,alpha101/alpha_002,0.01648,0.591,12,0
quarter,2024-Q4,alpha101/alpha_069,0.01589,0.578,13,0
quarter,2024-Q4,qlib158/vma60,0.02603,0.5667,14,0
quarter,2024-Q4,qlib158/vsumn5,0.0107,0.5629,15,0
quarter,2024-Q4,qlib158/min10,0.01331,0.5564,16,0
quarter,2024-Q4,gtja191/alpha_048,0.01333,0.5556,17,0
quarter,2024-Q4,alpha101/alpha_067,0.00738,0.5541,18,0
quarter,2024-Q4,alpha101/alpha_004,0.00829,0.5534,19,0
quarter,2024-Q4,gtja191/alpha_168,0.01887,0.5439,20,0
quarter,2024-Q4,gtja191/alpha_041,0.01445,0.5397,21,0
quarter,2024-Q4,alpha101/alpha_027,0.00247,0.5393,22,0
quarter,2024-Q4,gtja191/alpha_157,0.00859,0.5377,23,0
quarter,2024-Q4,gtja191/alpha_092,-0.0,0.5329,24,0
quarter,2024-Q4,alpha101/alpha_080,-0.0011,0.5247,25,0
quarter,2024-Q4,qlib158/vma10,0.01569,0.5239,26,0
quarter,2024-Q4,qlib158/cntn5,-0.00136,0.5178,27,0
quarter,2024-Q4,gtja191/alpha_006,-0.00337,0.5135,28,0
quarter,2024-Q4,gtja191/alpha_037,-0.01211,0.4757,29,0
quarter,2024-Q4,alpha101/alpha_084,-0.01323,0.4625,30,0
quarter,2024-Q4,alpha101/alpha_023,-0.01284,0.4579,31,0
quarter,2024-Q4,gtja191/alpha_026,-0.0157,0.4535,32,0
quarter,2024-Q4,qlib158/ma10,-0.00976,0.4463,33,0
quarter,2024-Q4,gtja191/alpha_025,-0.01974,0.4382,34,0
quarter,2024-Q4,gtja191/alpha_008,-0.0206,0.429,35,0
quarter,2024-Q4,alpha101/alpha_024,-0.03168,0.404,36,0
quarter,2024-Q4,alpha101/alpha_016,-0.02445,0.4028,37,0
quarter,2024-Q4,alpha101/alpha_019,-0.02301,0.4025,38,0
quarter,2025-Q1,qlib158/vsumn20,0.03858,0.6353,1,1
quarter,2025-Q1,alpha101/alpha_055,0.03588,0.6329,2,0
quarter,2025-Q1,gtja191/alpha_090,0.03247,0.6308,3,0
quarter,2025-Q1,alpha101/alpha_044,0.03379,0.6301,4,0
quarter,2025-Q1,qlib158/vsumn30,0.03075,0.6293,5,0
quarter,2025-Q1,qlib158/vsumn60,0.02813,0.6141,6,0
quarter,2025-Q1,gtja191/alpha_016,0.02913,0.6121,7,0
quarter,2025-Q1,alpha101/alpha_026,0.02861,0.6106,8,0
quarter,2025-Q1,alpha101/alpha_002,0.02627,0.5982,9,0
quarter,2025-Q1,alpha101/alpha_015,0.02165,0.5865,10,0
quarter,2025-Q1,gtja191/alpha_001,0.02512,0.5797,11,0
quarter,2025-Q1,qlib158/vsumn5,0.02217,0.5742,12,0
quarter,2025-Q1,alpha101/alpha_067,0.016,0.5457,13,0
quarter,2025-Q1,qlib158/vma10,0.01936,0.5419,14,0
quarter,2025-Q1,gtja191/alpha_168,0.01381,0.5338,15,0
quarter,2025-Q1,alpha101/alpha_088,0.01359,0.5312,16,0
quarter,2025-Q1,alpha101/alpha_080,0.01314,0.5282,17,0
quarter,2025-Q1,qlib158/vma60,0.00813,0.5227,18,0
quarter,2025-Q1,alpha101/alpha_004,0.01228,0.5204,19,0
quarter,2025-Q1,qlib158/min10,0.00902,0.5162,20,0
quarter,2025-Q1,gtja191/alpha_041,0.00887,0.5101,21,0
quarter,2025-Q1,gtja191/alpha_157,0.00397,0.5082,22,0
quarter,2025-Q1,alpha101/alpha_016,0.00937,0.5076,23,0
quarter,2025-Q1,alpha101/alpha_069,0.00524,0.5046,24,0
quarter,2025-Q1,gtja191/alpha_048,0.00303,0.5003,25,0
quarter,2025-Q1,gtja191/alpha_006,0.00801,0.4988,26,0
quarter,2025-Q1,qlib158/cntn5,0.00367,0.4963,27,0
quarter,2025-Q1,gtja191/alpha_092,0.00058,0.4935,28,0
quarter,2025-Q1,alpha101/alpha_027,0.00417,0.4792,29,0
quarter,2025-Q1,gtja191/alpha_025,-0.00252,0.4769,30,0
quarter,2025-Q1,qlib158/ma10,-0.01268,0.442,31,0
quarter,2025-Q1,alpha101/alpha_084,-0.01113,0.4353,32,0
quarter,2025-Q1,gtja191/alpha_026,-0.01506,0.424,33,0
quarter,2025-Q1,gtja191/alpha_008,-0.01748,0.4143,34,0
quarter,2025-Q1,gtja191/alpha_037,-0.02253,0.3942,35,0
quarter,2025-Q1,alpha101/alpha_024,-0.02436,0.3881,36,0
quarter,2025-Q1,alpha101/alpha_023,-0.03307,0.3563,37,0
quarter,2025-Q1,alpha101/alpha_019,-0.05956,0.2562,38,0
quarter,2025-Q2,alpha101/alpha_055,0.0749,0.6442,1,1
quarter,2025-Q2,qlib158/vsumn20,0.07602,0.6408,2,0
quarter,2025-Q2,qlib158/vsumn60,0.06902,0.6404,3,0
quarter,2025-Q2,gtja191/alpha_168,0.07907,0.6368,4,0
quarter,2025-Q2,alpha101/alpha_002,0.06588,0.6182,5,0
quarter,2025-Q2,qlib158/vsumn30,0.07169,0.6161,6,0
quarter,2025-Q2,gtja191/alpha_016,0.06107,0.6128,7,0
quarter,2025-Q2,qlib158/vma10,0.0713,0.611,8,0
quarter,2025-Q2,alpha101/alpha_044,0.05948,0.5964,9,0
quarter,2025-Q2,gtja191/alpha_090,0.06001,0.5955,10,0
quarter,2025-Q2,alpha101/alpha_015,0.05712,0.5862,11,0
quarter,2025-Q2,alpha101/alpha_026,0.05355,0.5734,12,0
quarter,2025-Q2,qlib158/ma10,0.06348,0.567,13,0
quarter,2025-Q2,alpha101/alpha_016,0.06116,0.5633,14,0
quarter,2025-Q2,gtja191/alpha_001,0.056,0.5596,15,0
quarter,2025-Q2,qlib158/vma60,0.05568,0.5547,16,0
quarter,2025-Q2,gtja191/alpha_048,0.05422,0.5491,17,0
quarter,2025-Q2,alpha101/alpha_019,0.04967,0.532,18,0
quarter,2025-Q2,qlib158/vsumn5,0.04284,0.5093,19,0
quarter,2025-Q2,alpha101/alpha_069,0.04787,0.5074,20,0
quarter,2025-Q2,alpha101/alpha_067,0.04326,0.5013,21,0
quarter,2025-Q2,qlib158/min10,0.04101,0.4924,22,0
quarter,2025-Q2,alpha101/alpha_004,0.03775,0.4904,23,0
quarter,2025-Q2,alpha101/alpha_080,0.03534,0.4823,24,0
quarter,2025-Q2,gtja191/alpha_037,0.03811,0.4811,25,0
quarter,2025-Q2,alpha101/alpha_088,0.03446,0.475,26,0
quarter,2025-Q2,gtja191/alpha_092,0.0304,0.4512,27,0
quarter,2025-Q2,gtja191/alpha_157,0.03337,0.4471,28,0
quarter,2025-Q2,qlib158/cntn5,0.03292,0.444,29,0
quarter,2025-Q2,gtja191/alpha_041,0.03013,0.4409,30,0
quarter,2025-Q2,alpha101/alpha_023,0.02974,0.4389,31,0
quarter,2025-Q2,gtja191/alpha_025,0.02711,0.4389,32,0
quarter,2025-Q2,alpha101/alpha_027,0.02505,0.4381,33,0
quarter,2025-Q2,gtja191/alpha_006,0.025,0.4328,34,0
quarter,2025-Q2,gtja191/alpha_008,0.0207,0.4094,35,0
quarter,2025-Q2,alpha101/alpha_024,0.02081,0.4072,36,0
quarter,2025-Q2,gtja191/alpha_026,0.0205,0.4054,37,0
quarter,2025-Q2,alpha101/alpha_084,0.02357,0.4024,38,0
quarter,2025-Q3,gtja191/alpha_037,0.08136,0.687,1,1
quarter,2025-Q3,alpha101/alpha_023,0.07372,0.6552,2,0
quarter,2025-Q3,gtja191/alpha_026,0.0603,0.6356,3,0
quarter,2025-Q3,gtja191/alpha_016,0.04749,0.6306,4,0
quarter,2025-Q3,alpha101/alpha_024,0.05891,0.6247,5,0
quarter,2025-Q3,gtja191/alpha_008,0.06213,0.6246,6,0
quarter,2025-Q3,gtja191/alpha_092,0.05246,0.624,7,0
quarter,2025-Q3,alpha101/alpha_015,0.04419,0.623,8,0
quarter,2025-Q3,gtja191/alpha_090,0.04503,0.6213,9,0
quarter,2025-Q3,qlib158/vsumn20,0.04241,0.6156,10,0
quarter,2025-Q3,alpha101/alpha_002,0.04623,0.612,11,0
quarter,2025-Q3,alpha101/alpha_055,0.03997,0.6113,12,0
quarter,2025-Q3,alpha101/alpha_084,0.05404,0.6083,13,0
quarter,2025-Q3,qlib158/vsumn30,0.0394,0.6077,14,0
quarter,2025-Q3,alpha101/alpha_026,0.03868,0.6073,15,0
quarter,2025-Q3,alpha101/alpha_044,0.04213,0.5995,16,0
quarter,2025-Q3,gtja191/alpha_041,0.04321,0.5964,17,0
quarter,2025-Q3,gtja191/alpha_001,0.03632,0.5917,18,0
quarter,2025-Q3,qlib158/vma10,0.04295,0.5865,19,0
quarter,2025-Q3,gtja191/alpha_025,0.046,0.5719,20,0
quarter,2025-Q3,qlib158/cntn5,0.03157,0.5719,21,0
quarter,2025-Q3,qlib158/vsumn5,0.0347,0.5719,22,0
quarter,2025-Q3,alpha101/alpha_069,0.0392,0.5716,23,0
quarter,2025-Q3,gtja191/alpha_048,0.0348,0.569,24,0
quarter,2025-Q3,gtja191/alpha_168,0.03614,0.5684,25,0
quarter,2025-Q3,gtja191/alpha_157,0.03522,0.5603,26,0
quarter,2025-Q3,qlib158/vsumn60,0.02624,0.5521,27,0
quarter,2025-Q3,alpha101/alpha_016,0.03603,0.5508,28,0
quarter,2025-Q3,qlib158/min10,0.02802,0.5454,29,0
quarter,2025-Q3,alpha101/alpha_067,0.02533,0.5348,30,0
quarter,2025-Q3,alpha101/alpha_019,0.03629,0.5309,31,0
quarter,2025-Q3,qlib158/vma60,0.02154,0.5213,32,0
quarter,2025-Q3,alpha101/alpha_080,0.02259,0.5206,33,0
quarter,2025-Q3,alpha101/alpha_088,0.01879,0.5156,34,0
quarter,2025-Q3,qlib158/ma10,0.01806,0.4855,35,0
quarter,2025-Q3,alpha101/alpha_004,0.0123,0.4763,36,0
quarter,2025-Q3,gtja191/alpha_006,0.00205,0.4265,37,0
quarter,2025-Q3,alpha101/alpha_027,-0.0002,0.423,38,0
quarter,2025-Q4,alpha101/alpha_016,0.0718,0.6489,1,1
quarter,2025-Q4,alpha101/alpha_026,0.04546,0.6275,2,0
quarter,2025-Q4,gtja191/alpha_037,0.04723,0.6231,3,0
quarter,2025-Q4,qlib158/vsumn20,0.03874,0.6147,4,0
quarter,2025-Q4,qlib158/vma10,0.05077,0.6109,5,0
quarter,2025-Q4,gtja191/alpha_048,0.03973,0.6091,6,0
quarter,2025-Q4,qlib158/vma60,0.0445,0.6006,7,0
quarter,2025-Q4,qlib158/vsumn30,0.03245,0.5985,8,0
quarter,2025-Q4,alpha101/alpha_044,0.03646,0.5973,9,0
quarter,2025-Q4,gtja191/alpha_168,0.04462,0.5968,10,0
quarter,2025-Q4,qlib158/vsumn60,0.03543,0.5935,11,0
quarter,2025-Q4,gtja191/alpha_090,0.03208,0.5767,12,0
quarter,2025-Q4,alpha101/alpha_055,0.02841,0.5701,13,0
quarter,2025-Q4,gtja191/alpha_001,0.02947,0.5689,14,0
quarter,2025-Q4,gtja191/alpha_157,0.03013,0.5671,15,0
quarter,2025-Q4,alpha101/alpha_067,0.03217,0.562,16,0
quarter,2025-Q4,gtja191/alpha_025,0.03072,0.5601,17,0
quarter,2025-Q4,gtja191/alpha_016,0.02822,0.558,18,0
quarter,2025-Q4,gtja191/alpha_041,0.02838,0.5563,19,0
quarter,2025-Q4,gtja191/alpha_092,0.02758,0.5498,20,0
quarter,2025-Q4,alpha101/alpha_002,0.02348,0.5489,21,0
quarter,2025-Q4,alpha101/alpha_069,0.02504,0.5425,22,0
quarter,2025-Q4,gtja191/alpha_026,0.02703,0.5397,23,0
quarter,2025-Q4,alpha101/alpha_023,0.03069,0.5359,24,0
quarter,2025-Q4,alpha101/alpha_024,0.02599,0.5342,25,0
quarter,2025-Q4,gtja191/alpha_008,0.02435,0.5307,26,0
quarter,2025-Q4,alpha101/alpha_080,0.01837,0.5278,27,0
quarter,2025-Q4,alpha101/alpha_015,0.01807,0.5221,28,0
quarter,2025-Q4,qlib158/ma10,0.018,0.5193,29,0
quarter,2025-Q4,alpha101/alpha_019,0.01831,0.5177,30,0
quarter,2025-Q4,alpha101/alpha_088,0.01112,0.499,31,0
quarter,2025-Q4,qlib158/min10,0.01205,0.4985,32,0
quarter,2025-Q4,alpha101/alpha_084,0.01474,0.4975,33,0
quarter,2025-Q4,qlib158/cntn5,0.01015,0.4931,34,0
quarter,2025-Q4,alpha101/alpha_004,0.00931,0.4895,35,0
quarter,2025-Q4,qlib158/vsumn5,0.00872,0.4733,36,0
quarter,2025-Q4,gtja191/alpha_006,-0.0073,0.4142,37,0
quarter,2025-Q4,alpha101/alpha_027,-0.01167,0.3823,38,0
quarter,2026-Q1,gtja191/alpha_025,0.02046,0.6511,1,1
quarter,2026-Q1,alpha101/alpha_015,0.00816,0.6354,2,0
quarter,2026-Q1,alpha101/alpha_024,0.01452,0.6163,3,0
quarter,2026-Q1,gtja191/alpha_026,0.0095,0.6134,4,0
quarter,2026-Q1,alpha101/alpha_080,0.00532,0.6124,5,0
quarter,2026-Q1,gtja191/alpha_090,-0.00025,0.6032,6,0
quarter,2026-Q1,alpha101/alpha_002,-0.00227,0.5958,7,0
quarter,2026-Q1,qlib158/vsumn60,-0.00287,0.5929,8,0
quarter,2026-Q1,alpha101/alpha_026,-0.0015,0.5928,9,0
quarter,2026-Q1,alpha101/alpha_055,-0.00244,0.5918,10,0
quarter,2026-Q1,gtja191/alpha_037,0.00724,0.591,11,0
quarter,2026-Q1,alpha101/alpha_044,-0.00226,0.5895,12,0
quarter,2026-Q1,gtja191/alpha_048,-0.00046,0.5893,13,0
quarter,2026-Q1,alpha101/alpha_004,-0.00219,0.5835,14,0
quarter,2026-Q1,qlib158/min10,-0.00468,0.5771,15,0
quarter,2026-Q1,alpha101/alpha_069,0.00174,0.5743,16,0
quarter,2026-Q1,gtja191/alpha_001,-0.00596,0.5731,17,0
quarter,2026-Q1,alpha101/alpha_027,-0.00433,0.573,18,0
quarter,2026-Q1,gtja191/alpha_008,-0.00147,0.5718,19,0
quarter,2026-Q1,alpha101/alpha_067,-0.00684,0.5711,20,0
quarter,2026-Q1,qlib158/vsumn20,-0.00826,0.5705,21,0
quarter,2026-Q1,gtja191/alpha_016,-0.00719,0.5682,22,0
quarter,2026-Q1,alpha101/alpha_023,0.00431,0.5669,23,0
quarter,2026-Q1,alpha101/alpha_088,-0.01011,0.5657,24,0
quarter,2026-Q1,alpha101/alpha_084,-0.00707,0.5651,25,0
quarter,2026-Q1,qlib158/cntn5,-0.01127,0.5548,26,0
quarter,2026-Q1,gtja191/alpha_041,-0.00461,0.5538,27,0
quarter,2026-Q1,gtja191/alpha_092,-0.00781,0.5522,28,0
quarter,2026-Q1,gtja191/alpha_006,-0.01066,0.5461,29,0
quarter,2026-Q1,qlib158/vsumn30,-0.01388,0.5445,30,0
quarter,2026-Q1,gtja191/alpha_157,-0.00774,0.5423,31,0
quarter,2026-Q1,alpha101/alpha_019,0.00597,0.5405,32,0
quarter,2026-Q1,qlib158/vsumn5,-0.01826,0.5168,33,0
quarter,2026-Q1,qlib158/vma60,-0.02025,0.511,34,0
quarter,2026-Q1,qlib158/vma10,-0.01986,0.5048,35,0
quarter,2026-Q1,gtja191/alpha_168,-0.02237,0.502,36,0
quarter,2026-Q1,alpha101/alpha_016,-0.01996,0.5006,37,0
quarter,2026-Q1,qlib158/ma10,-0.02619,0.465,38,0
quarter,2026-Q2,gtja191/alpha_037,0.09373,0.7338,1,1
quarter,2026-Q2,alpha101/alpha_024,0.06671,0.7081,2,0
quarter,2026-Q2,alpha101/alpha_019,0.05594,0.7046,3,0
quarter,2026-Q2,alpha101/alpha_023,0.06076,0.6973,4,0
quarter,2026-Q2,gtja191/alpha_008,0.04603,0.6848,5,0
quarter,2026-Q2,gtja191/alpha_025,0.04189,0.6843,6,0
quarter,2026-Q2,gtja191/alpha_026,0.04314,0.6787,7,0
quarter,2026-Q2,gtja191/alpha_041,0.03231,0.6748,8,0
quarter,2026-Q2,gtja191/alpha_092,0.02239,0.6675,9,0
quarter,2026-Q2,alpha101/alpha_069,0.03031,0.6633,10,0
quarter,2026-Q2,alpha101/alpha_084,0.00045,0.6377,11,0
quarter,2026-Q2,alpha101/alpha_067,-0.01522,0.6158,12,0
quarter,2026-Q2,alpha101/alpha_015,-0.01611,0.6134,13,0
quarter,2026-Q2,gtja191/alpha_157,-0.00862,0.6091,14,0
quarter,2026-Q2,alpha101/alpha_016,-0.01174,0.6077,15,0
quarter,2026-Q2,alpha101/alpha_002,-0.02396,0.5993,16,0
quarter,2026-Q2,alpha101/alpha_027,-0.02245,0.5988,17,0
quarter,2026-Q2,gtja191/alpha_001,-0.02031,0.5979,18,0
quarter,2026-Q2,alpha101/alpha_088,-0.0246,0.5939,19,0
quarter,2026-Q2,gtja191/alpha_016,-0.02733,0.5935,20,0
quarter,2026-Q2,gtja191/alpha_168,-0.02311,0.586,21,0
quarter,2026-Q2,gtja191/alpha_006,-0.0265,0.5845,22,0
quarter,2026-Q2,alpha101/alpha_055,-0.02683,0.5831,23,0
quarter,2026-Q2,alpha101/alpha_080,-0.02347,0.58,24,0
quarter,2026-Q2,alpha101/alpha_026,-0.0293,0.5747,25,0
quarter,2026-Q2,gtja191/alpha_090,-0.03109,0.5698,26,0
quarter,2026-Q2,alpha101/alpha_044,-0.03152,0.5658,27,0
quarter,2026-Q2,alpha101/alpha_004,-0.03396,0.5634,28,0
quarter,2026-Q2,qlib158/vma10,-0.02752,0.5611,29,0
quarter,2026-Q2,qlib158/vsumn60,-0.04157,0.5378,30,0
quarter,2026-Q2,qlib158/min10,-0.04052,0.5373,31,0
quarter,2026-Q2,qlib158/vma60,-0.04166,0.5337,32,0
quarter,2026-Q2,gtja191/alpha_048,-0.04338,0.531,33,0
quarter,2026-Q2,qlib158/vsumn5,-0.04523,0.5295,34,0
quarter,2026-Q2,qlib158/cntn5,-0.0474,0.5201,35,0
quarter,2026-Q2,qlib158/vsumn30,-0.05363,0.5117,36,0
quarter,2026-Q2,qlib158/vsumn20,-0.0549,0.5046,37,0
quarter,2026-Q2,qlib158/ma10,-0.05286,0.4969,38,0
half,2024-H1,gtja191/alpha_006,0.02581,0.6862,1,1
half,2024-H1,alpha101/alpha_027,0.02375,0.6783,2,0
half,2024-H1,gtja191/alpha_026,0.00786,0.6137,3,0
half,2024-H1,gtja191/alpha_016,-0.00188,0.613,4,0
half,2024-H1,gtja191/alpha_092,0.00351,0.6056,5,0
half,2024-H1,alpha101/alpha_080,0.00087,0.6047,6,0
half,2024-H1,gtja191/alpha_025,0.00779,0.6045,7,0
half,2024-H1,gtja191/alpha_157,0.00206,0.5961,8,0
half,2024-H1,gtja191/alpha_037,0.00119,0.5959,9,0
half,2024-H1,alpha101/alpha_004,-0.00375,0.5957,10,0
half,2024-H1,alpha101/alpha_002,-0.00782,0.5955,11,0
half,2024-H1,alpha101/alpha_024,0.00045,0.5915,12,0
half,2024-H1,gtja191/alpha_008,0.00092,0.5909,13,0
half,2024-H1,gtja191/alpha_001,-0.00699,0.5872,14,0
half,2024-H1,alpha101/alpha_084,-0.00375,0.5799,15,0
half,2024-H1,gtja191/alpha_090,-0.01002,0.5791,16,0
half,2024-H1,qlib158/cntn5,-0.00503,0.5784,17,0
half,2024-H1,qlib158/vsumn60,-0.01471,0.5734,18,0
half,2024-H1,alpha101/alpha_044,-0.01511,0.5712,19,0
half,2024-H1,alpha101/alpha_026,-0.01488,0.5681,20,0
half,2024-H1,qlib158/vsumn30,-0.01585,0.5672,21,0
half,2024-H1,alpha101/alpha_088,-0.01371,0.564,22,0
half,2024-H1,alpha101/alpha_015,-0.01772,0.5587,23,0
half,2024-H1,alpha101/alpha_055,-0.0179,0.5542,24,0
half,2024-H1,alpha101/alpha_023,-0.0182,0.5522,25,0
half,2024-H1,alpha101/alpha_067,-0.0195,0.5515,26,0
half,2024-H1,qlib158/min10,-0.01744,0.5429,27,0
half,2024-H1,qlib158/vsumn20,-0.02331,0.5405,28,0
half,2024-H1,qlib158/vma60,-0.02422,0.5353,29,0
half,2024-H1,alpha101/alpha_069,-0.01448,0.5348,30,0
half,2024-H1,alpha101/alpha_019,-0.00805,0.5208,31,0
half,2024-H1,qlib158/vsumn5,-0.02962,0.5131,32,0
half,2024-H1,gtja191/alpha_041,-0.01967,0.5119,33,0
half,2024-H1,gtja191/alpha_048,-0.02845,0.5117,34,0
half,2024-H1,gtja191/alpha_168,-0.03291,0.4974,35,0
half,2024-H1,qlib158/ma10,-0.02043,0.4932,36,0
half,2024-H1,qlib158/vma10,-0.03747,0.4795,37,0
half,2024-H1,alpha101/alpha_016,-0.02879,0.4784,38,0
half,2024-H2,gtja191/alpha_168,0.07768,0.626,1,1
half,2024-H2,qlib158/vsumn30,0.05857,0.623,2,0
half,2024-H2,qlib158/vma10,0.0704,0.6126,3,0
half,2024-H2,qlib158/vsumn20,0.05496,0.6015,4,0
half,2024-H2,alpha101/alpha_044,0.05281,0.5933,5,0
half,2024-H2,gtja191/alpha_016,0.04942,0.5882,6,0
half,2024-H2,qlib158/vsumn60,0.04786,0.5843,7,0
half,2024-H2,alpha101/alpha_015,0.04722,0.5837,8,0
half,2024-H2,gtja191/alpha_090,0.04693,0.5822,9,0
half,2024-H2,gtja191/alpha_001,0.04531,0.5819,10,0
half,2024-H2,alpha101/alpha_026,0.05136,0.579,11,0
half,2024-H2,alpha101/alpha_055,0.04381,0.5758,12,0
half,2024-H2,qlib158/vma60,0.05707,0.5707,13,0
half,2024-H2,qlib158/vsumn5,0.04858,0.5685,14,0
half,2024-H2,alpha101/alpha_002,0.04355,0.5669,15,0
half,2024-H2,gtja191/alpha_048,0.0465,0.5623,16,0
half,2024-H2,alpha101/alpha_088,0.04159,0.5538,17,0
half,2024-H2,alpha101/alpha_069,0.04785,0.5534,18,0
half,2024-H2,qlib158/min10,0.0433,0.5447,19,0
half,2024-H2,alpha101/alpha_067,0.0398,0.5438,20,0
half,2024-H2,gtja191/alpha_157,0.04561,0.5398,21,0
half,2024-H2,gtja191/alpha_041,0.04714,0.5268,22,0
half,2024-H2,qlib158/ma10,0.04133,0.5073,23,0
half,2024-H2,alpha101/alpha_080,0.0286,0.5037,24,0
half,2024-H2,gtja191/alpha_025,0.03295,0.4906,25,0
half,2024-H2,gtja191/alpha_092,0.0239,0.4897,26,0
half,2024-H2,alpha101/alpha_004,0.02372,0.4888,27,0
half,2024-H2,alpha101/alpha_084,0.02641,0.4826,28,0
half,2024-H2,qlib158/cntn5,0.02281,0.4819,29,0
half,2024-H2,gtja191/alpha_026,0.02606,0.4779,30,0
half,2024-H2,gtja191/alpha_008,0.02589,0.4732,31,0
half,2024-H2,alpha101/alpha_016,0.03187,0.4692,32,0
half,2024-H2,gtja191/alpha_037,0.02276,0.4678,33,0
half,2024-H2,alpha101/alpha_019,0.03901,0.4666,34,0
half,2024-H2,gtja191/alpha_006,0.01412,0.4513,35,0
half,2024-H2,alpha101/alpha_027,0.01013,0.4453,36,0
half,2024-H2,alpha101/alpha_024,0.01511,0.4363,37,0
half,2024-H2,alpha101/alpha_023,0.0191,0.428,38,0
half,2025-H1,alpha101/alpha_055,0.05589,0.6387,1,1
half,2025-H1,qlib158/vsumn20,0.05778,0.6381,2,0
half,2025-H1,qlib158/vsumn60,0.0491,0.6276,3,0
half,2025-H1,qlib158/vsumn30,0.05174,0.6225,4,0
half,2025-H1,alpha101/alpha_044,0.04696,0.6128,5,0
half,2025-H1,gtja191/alpha_090,0.04659,0.6127,6,0
half,2025-H1,gtja191/alpha_016,0.04551,0.6125,7,0
half,2025-H1,alpha101/alpha_002,0.04658,0.6085,8,0
half,2025-H1,alpha101/alpha_026,0.0414,0.5915,9,0
half,2025-H1,gtja191/alpha_168,0.04727,0.5866,10,0
half,2025-H1,alpha101/alpha_015,0.03984,0.5864,11,0
half,2025-H1,qlib158/vma10,0.046,0.5774,12,0
half,2025-H1,gtja191/alpha_001,0.04095,0.5694,13,0
half,2025-H1,qlib158/vsumn5,0.03277,0.5409,14,0
half,2025-H1,qlib158/vma60,0.03252,0.5391,15,0
half,2025-H1,alpha101/alpha_016,0.03593,0.5362,16,0
half,2025-H1,gtja191/alpha_048,0.02928,0.5253,17,0
half,2025-H1,alpha101/alpha_067,0.02998,0.5229,18,0
half,2025-H1,qlib158/ma10,0.02638,0.5061,19,0
half,2025-H1,alpha101/alpha_069,0.0271,0.506,20,0
half,2025-H1,alpha101/alpha_004,0.02534,0.505,21,0
half,2025-H1,alpha101/alpha_080,0.02452,0.5047,22,0
half,2025-H1,qlib158/min10,0.02543,0.504,23,0
half,2025-H1,alpha101/alpha_088,0.02429,0.5024,24,0
half,2025-H1,gtja191/alpha_157,0.01905,0.4769,25,0
half,2025-H1,gtja191/alpha_041,0.01977,0.4746,26,0
half,2025-H1,gtja191/alpha_092,0.01587,0.4718,27,0
half,2025-H1,qlib158/cntn5,0.01867,0.4695,28,0
half,2025-H1,gtja191/alpha_006,0.01672,0.4649,29,0
half,2025-H1,alpha101/alpha_027,0.01488,0.4581,30,0
half,2025-H1,gtja191/alpha_025,0.01267,0.4574,31,0
half,2025-H1,gtja191/alpha_037,0.00857,0.4388,32,0
half,2025-H1,alpha101/alpha_084,0.00666,0.4184,33,0
half,2025-H1,gtja191/alpha_026,0.00318,0.4145,34,0
half,2025-H1,gtja191/alpha_008,0.0021,0.4118,35,0
half,2025-H1,alpha101/alpha_023,-0.00086,0.3986,36,0
half,2025-H1,alpha101/alpha_024,-0.0012,0.3979,37,0
half,2025-H1,alpha101/alpha_019,-0.00355,0.3976,38,0
half,2025-H2,gtja191/alpha_037,0.0651,0.6566,1,1
half,2025-H2,alpha101/alpha_026,0.04191,0.6169,2,0
half,2025-H2,qlib158/vsumn20,0.04066,0.6152,3,0
half,2025-H2,qlib158/vsumn30,0.03609,0.6033,4,0
half,2025-H2,gtja191/alpha_090,0.03887,0.6,5,0
half,2025-H2,alpha101/alpha_023,0.05323,0.5984,6,0
half,2025-H2,alpha101/alpha_044,0.03943,0.5984,7,0
half,2025-H2,qlib158/vma10,0.04668,0.5981,8,0
half,2025-H2,alpha101/alpha_016,0.05306,0.5975,9,0
half,2025-H2,gtja191/alpha_016,0.03831,0.596,10,0
half,2025-H2,alpha101/alpha_055,0.03447,0.5917,11,0
half,2025-H2,gtja191/alpha_026,0.04446,0.5899,12,0
half,2025-H2,gtja191/alpha_092,0.04061,0.5887,13,0
half,2025-H2,gtja191/alpha_048,0.03715,0.5881,14,0
half,2025-H2,alpha101/alpha_002,0.0354,0.582,15,0
half,2025-H2,gtja191/alpha_168,0.04018,0.5819,16,0
half,2025-H2,alpha101/alpha_024,0.04323,0.5816,17,0
half,2025-H2,gtja191/alpha_001,0.03306,0.5808,18,0
half,2025-H2,gtja191/alpha_008,0.04414,0.5799,19,0
half,2025-H2,gtja191/alpha_041,0.03615,0.5773,20,0
half,2025-H2,alpha101/alpha_015,0.03175,0.5749,21,0
half,2025-H2,qlib158/vsumn60,0.03062,0.5718,22,0
half,2025-H2,gtja191/alpha_025,0.03872,0.5663,23,0
half,2025-H2,gtja191/alpha_157,0.0328,0.5636,24,0
half,2025-H2,qlib158/vma60,0.03247,0.559,25,0
half,2025-H2,alpha101/alpha_069,0.03246,0.5578,26,0
half,2025-H2,alpha101/alpha_084,0.03533,0.5555,27,0
half,2025-H2,alpha101/alpha_067,0.02859,0.5478,28,0
half,2025-H2,qlib158/cntn5,0.02137,0.5344,29,0
half,2025-H2,qlib158/vsumn5,0.02232,0.525,30,0
half,2025-H2,alpha101/alpha_019,0.02773,0.5246,31,0
half,2025-H2,alpha101/alpha_080,0.02058,0.524,32,0
half,2025-H2,qlib158/min10,0.02041,0.5231,33,0
half,2025-H2,alpha101/alpha_088,0.01514,0.5077,34,0
half,2025-H2,qlib158/ma10,0.01803,0.5016,35,0
half,2025-H2,alpha101/alpha_004,0.01087,0.4826,36,0
half,2025-H2,gtja191/alpha_006,-0.0024,0.4207,37,0
half,2025-H2,alpha101/alpha_027,-0.00566,0.4036,38,0
half,2026-H1,gtja191/alpha_025,0.03117,0.6677,1,1
half,2026-H1,gtja191/alpha_037,0.05048,0.6624,2,0
half,2026-H1,alpha101/alpha_024,0.04061,0.6622,3,0
half,2026-H1,gtja191/alpha_026,0.02632,0.6461,4,0
half,2026-H1,alpha101/alpha_023,0.03254,0.6321,5,0
half,2026-H1,gtja191/alpha_008,0.02228,0.6283,6,0
half,2026-H1,alpha101/alpha_015,-0.00397,0.6244,7,0
half,2026-H1,alpha101/alpha_019,0.03096,0.6226,8,0
half,2026-H1,alpha101/alpha_069,0.01603,0.6188,9,0
half,2026-H1,gtja191/alpha_041,0.01385,0.6143,10,0
half,2026-H1,gtja191/alpha_092,0.00729,0.6099,11,0
half,2026-H1,alpha101/alpha_084,-0.00331,0.6014,12,0
half,2026-H1,alpha101/alpha_002,-0.01312,0.5975,13,0
half,2026-H1,alpha101/alpha_080,-0.00907,0.5962,14,0
half,2026-H1,alpha101/alpha_067,-0.01103,0.5935,15,0
half,2026-H1,alpha101/alpha_055,-0.01463,0.5875,16,0
half,2026-H1,gtja191/alpha_090,-0.01567,0.5865,17,0
half,2026-H1,alpha101/alpha_027,-0.01339,0.5859,18,0
half,2026-H1,gtja191/alpha_001,-0.01314,0.5855,19,0
half,2026-H1,alpha101/alpha_026,-0.0154,0.5837,20,0
half,2026-H1,gtja191/alpha_016,-0.01726,0.5809,21,0
half,2026-H1,alpha101/alpha_088,-0.01736,0.5798,22,0
half,2026-H1,alpha101/alpha_044,-0.01689,0.5776,23,0
half,2026-H1,gtja191/alpha_157,-0.00818,0.5757,24,0
half,2026-H1,alpha101/alpha_004,-0.01807,0.5734,25,0
half,2026-H1,gtja191/alpha_006,-0.01858,0.5653,26,0
half,2026-H1,qlib158/vsumn60,-0.02222,0.5653,27,0
half,2026-H1,gtja191/alpha_048,-0.02192,0.5601,28,0
half,2026-H1,qlib158/min10,-0.0226,0.5572,29,0
half,2026-H1,alpha101/alpha_016,-0.01585,0.5542,30,0
half,2026-H1,gtja191/alpha_168,-0.02274,0.544,31,0
half,2026-H1,qlib158/vsumn20,-0.03158,0.5376,32,0
half,2026-H1,qlib158/cntn5,-0.02934,0.5375,33,0
half,2026-H1,qlib158/vma10,-0.02369,0.5329,34,0
half,2026-H1,qlib158/vsumn30,-0.03375,0.5281,35,0
half,2026-H1,qlib158/vsumn5,-0.03175,0.5231,36,0
half,2026-H1,qlib158/vma60,-0.03096,0.5224,37,0
half,2026-H1,qlib158/ma10,-0.03953,0.481,38,0
year,2024,gtja191/alpha_016,0.02462,0.6002,1,1
year,2024,qlib158/vsumn30,0.02259,0.596,2,0
year,2024,gtja191/alpha_001,0.02002,0.5845,3,0
year,2024,alpha101/alpha_044,0.01997,0.5826,4,0
year,2024,alpha101/alpha_002,0.01872,0.5807,5,0
year,2024,gtja191/alpha_090,0.0194,0.5807,6,0
year,2024,qlib158/vsumn60,0.01761,0.5791,7,0
year,2024,alpha101/alpha_026,0.01934,0.5737,8,0
year,2024,qlib158/vsumn20,0.01712,0.572,9,0
year,2024,alpha101/alpha_015,0.01583,0.5716,10,0
year,2024,gtja191/alpha_157,0.02455,0.567,11,0
year,2024,alpha101/alpha_055,0.01397,0.5654,12,0
year,2024,gtja191/alpha_006,0.01977,0.5649,13,0
year,2024,gtja191/alpha_168,0.02421,0.5638,14,0
year,2024,alpha101/alpha_088,0.01485,0.5587,15,0
year,2024,alpha101/alpha_027,0.01672,0.5579,16,0
year,2024,qlib158/vma60,0.01777,0.5536,17,0
year,2024,alpha101/alpha_080,0.01519,0.5526,18,0
year,2024,qlib158/vma10,0.01825,0.5483,19,0
year,2024,alpha101/alpha_067,0.01113,0.5475,20,0
year,2024,gtja191/alpha_025,0.02079,0.5457,21,0
year,2024,gtja191/alpha_092,0.01404,0.5457,22,0
year,2024,alpha101/alpha_069,0.01772,0.5444,23,0
year,2024,qlib158/min10,0.01393,0.5438,24,0
year,2024,gtja191/alpha_026,0.01726,0.5436,25,0
year,2024,qlib158/vsumn5,0.01077,0.5417,26,0
year,2024,alpha101/alpha_004,0.01044,0.5405,27,0
year,2024,gtja191/alpha_048,0.01027,0.5379,28,0
year,2024,gtja191/alpha_008,0.01382,0.5301,29,0
year,2024,alpha101/alpha_084,0.01183,0.5297,30,0
year,2024,gtja191/alpha_037,0.01233,0.5297,31,0
year,2024,qlib158/cntn5,0.00935,0.5285,32,0
year,2024,gtja191/alpha_041,0.01484,0.5196,33,0
year,2024,alpha101/alpha_024,0.00802,0.5113,34,0
year,2024,qlib158/ma10,0.01147,0.5005,35,0
year,2024,alpha101/alpha_019,0.01626,0.4928,36,0
year,2024,alpha101/alpha_023,0.00107,0.488,37,0
year,2024,alpha101/alpha_016,0.00254,0.4737,38,0
year,2025,qlib158/vsumn20,0.0489,0.6262,1,1
year,2025,alpha101/alpha_055,0.04478,0.6143,2,0
year,2025,qlib158/vsumn30,0.04363,0.6126,3,0
year,2025,gtja191/alpha_090,0.04259,0.6061,4,0
year,2025,alpha101/alpha_044,0.04306,0.6054,5,0
year,2025,alpha101/alpha_026,0.04166,0.6047,6,0
year,2025,gtja191/alpha_016,0.04178,0.6039,7,0
year,2025,qlib158/vsumn60,0.03952,0.5987,8,0
year,2025,alpha101/alpha_002,0.04078,0.5947,9,0
year,2025,qlib158/vma10,0.04635,0.5881,10,0
year,2025,gtja191/alpha_168,0.04359,0.5842,11,0
year,2025,alpha101/alpha_015,0.03565,0.5804,12,0
year,2025,gtja191/alpha_001,0.03686,0.5753,13,0
year,2025,alpha101/alpha_016,0.04481,0.568,14,0
year,2025,gtja191/alpha_048,0.03336,0.5579,15,0
year,2025,gtja191/alpha_037,0.03788,0.5517,16,0
year,2025,qlib158/vma60,0.03249,0.5494,17,0
year,2025,alpha101/alpha_067,0.02926,0.5358,18,0
year,2025,alpha101/alpha_069,0.02988,0.5329,19,0
year,2025,qlib158/vsumn5,0.02735,0.5326,20,0
year,2025,gtja191/alpha_092,0.0287,0.5324,21,0
year,2025,gtja191/alpha_041,0.02826,0.5279,22,0
year,2025,gtja191/alpha_157,0.02618,0.5218,23,0
year,2025,alpha101/alpha_080,0.02248,0.5147,24,0
year,2025,gtja191/alpha_025,0.02618,0.5139,25,0
year,2025,qlib158/min10,0.02283,0.5139,26,0
year,2025,gtja191/alpha_026,0.02458,0.5055,27,0
year,2025,alpha101/alpha_088,0.01955,0.5051,28,0
year,2025,qlib158/ma10,0.02205,0.5038,29,0
year,2025,qlib158/cntn5,0.02007,0.5031,30,0
year,2025,alpha101/alpha_023,0.02719,0.5022,31,0
year,2025,gtja191/alpha_008,0.0239,0.4989,32,0
year,2025,alpha101/alpha_004,0.01784,0.4934,33,0
year,2025,alpha101/alpha_024,0.02184,0.4932,34,0
year,2025,alpha101/alpha_084,0.02153,0.4895,35,0
year,2025,alpha101/alpha_019,0.01267,0.4635,36,0
year,2025,gtja191/alpha_006,0.00681,0.442,37,0
year,2025,alpha101/alpha_027,0.00423,0.4299,38,0
year,2026,gtja191/alpha_025,0.03117,0.6677,1,1
year,2026,gtja191/alpha_037,0.05048,0.6624,2,0
year,2026,alpha101/alpha_024,0.04061,0.6622,3,0
year,2026,gtja191/alpha_026,0.02632,0.6461,4,0
year,2026,alpha101/alpha_023,0.03254,0.6321,5,0
year,2026,gtja191/alpha_008,0.02228,0.6283,6,0
year,2026,alpha101/alpha_015,-0.00397,0.6244,7,0
year,2026,alpha101/alpha_019,0.03096,0.6226,8,0
year,2026,alpha101/alpha_069,0.01603,0.6188,9,0
year,2026,gtja191/alpha_041,0.01385,0.6143,10,0
year,2026,gtja191/alpha_092,0.00729,0.6099,11,0
year,2026,alpha101/alpha_084,-0.00331,0.6014,12,0
year,2026,alpha101/alpha_002,-0.01312,0.5975,13,0
year,2026,alpha101/alpha_080,-0.00907,0.5962,14,0
year,2026,alpha101/alpha_067,-0.01103,0.5935,15,0
year,2026,alpha101/alpha_055,-0.01463,0.5875,16,0
year,2026,gtja191/alpha_090,-0.01567,0.5865,17,0
year,2026,alpha101/alpha_027,-0.01339,0.5859,18,0
year,2026,gtja191/alpha_001,-0.01314,0.5855,19,0
year,2026,alpha101/alpha_026,-0.0154,0.5837,20,0
year,2026,gtja191/alpha_016,-0.01726,0.5809,21,0
year,2026,alpha101/alpha_088,-0.01736,0.5798,22,0
year,2026,alpha101/alpha_044,-0.01689,0.5776,23,0
year,2026,gtja191/alpha_157,-0.00818,0.5757,24,0
year,2026,alpha101/alpha_004,-0.01807,0.5734,25,0
year,2026,gtja191/alpha_006,-0.01858,0.5653,26,0
year,2026,qlib158/vsumn60,-0.02222,0.5653,27,0
year,2026,gtja191/alpha_048,-0.02192,0.5601,28,0
year,2026,qlib158/min10,-0.0226,0.5572,29,0
year,2026,alpha101/alpha_016,-0.01585,0.5542,30,0
year,2026,gtja191/alpha_168,-0.02274,0.544,31,0
year,2026,qlib158/vsumn20,-0.03158,0.5376,32,0
year,2026,qlib158/cntn5,-0.02934,0.5375,33,0
year,2026,qlib158/vma10,-0.02369,0.5329,34,0
year,2026,qlib158/vsumn30,-0.03375,0.5281,35,0
year,2026,qlib158/vsumn5,-0.03175,0.5231,36,0
year,2026,qlib158/vma60,-0.03096,0.5224,37,0
year,2026,qlib158/ma10,-0.03953,0.481,38,0
week,2024-W01,alpha101/alpha_027,0.0024,0.9447,1,1
week,2024-W01,gtja191/alpha_006,-0.0208,0.9145,2,0
week,2024-W01,alpha101/alpha_004,-0.06019,0.8627,3,0
week,2024-W01,alpha101/alpha_080,-0.07227,0.8556,4,0
week,2024-W01,alpha101/alpha_088,-0.09194,0.8244,5,0
week,2024-W01,qlib158/cntn5,-0.0925,0.8135,6,0
week,2024-W01,gtja191/alpha_016,-0.13007,0.743,7,0
week,2024-W01,gtja191/alpha_092,-0.13354,0.733,8,0
week,2024-W01,gtja191/alpha_025,-0.11833,0.7319,9,0
week,2024-W01,gtja191/alpha_026,-0.13594,0.7157,10,0
week,2024-W01,alpha101/alpha_023,-0.13956,0.7119,11,0
week,2024-W01,alpha101/alpha_015,-0.14248,0.7109,12,0
week,2024-W01,gtja191/alpha_168,-0.14661,0.6993,13,0
week,2024-W01,alpha101/alpha_002,-0.15133,0.6849,14,0
week,2024-W01,gtja191/alpha_001,-0.16696,0.6432,15,0
week,2024-W01,alpha101/alpha_067,-0.16764,0.6343,16,0
week,2024-W01,alpha101/alpha_055,-0.1692,0.6326,17,0
week,2024-W01,qlib158/min10,-0.16609,0.6296,18,0
week,2024-W01,alpha101/alpha_019,-0.16697,0.6207,19,0
week,2024-W01,gtja191/alpha_008,-0.16092,0.6038,20,0
week,2024-W01,qlib158/vsumn5,-0.18233,0.5811,21,0
week,2024-W01,gtja191/alpha_090,-0.18033,0.5736,22,0
week,2024-W01,alpha101/alpha_044,-0.18528,0.5679,23,0
week,2024-W01,gtja191/alpha_037,-0.16749,0.5676,24,0
week,2024-W01,alpha101/alpha_026,-0.18694,0.5648,25,0
week,2024-W01,qlib158/vsumn20,-0.19455,0.5415,26,0
week,2024-W01,qlib158/vsumn30,-0.19246,0.5392,27,0
week,2024-W01,qlib158/vsumn60,-0.20144,0.5131,28,0
week,2024-W01,qlib158/vma10,-0.19945,0.5098,29,0
week,2024-W01,gtja191/alpha_041,-0.20359,0.487,30,0
week,2024-W01,gtja191/alpha_048,-0.20613,0.479,31,0
week,2024-W01,qlib158/ma10,-0.21094,0.4542,32,0
week,2024-W01,qlib158/vma60,-0.21325,0.4493,33,0
week,2024-W01,alpha101/alpha_024,-0.21649,0.4364,34,0
week,2024-W01,gtja191/alpha_157,-0.21631,0.4328,35,0
week,2024-W01,alpha101/alpha_069,-0.21826,0.4324,36,0
week,2024-W01,alpha101/alpha_084,-0.22016,0.4114,37,0
week,2024-W01,alpha101/alpha_016,-0.23775,0.3622,38,0
week,2024-W02,alpha101/alpha_027,0.0365,0.9431,1,1
week,2024-W02,gtja191/alpha_006,0.02704,0.9376,2,0
week,2024-W02,gtja191/alpha_025,-0.02535,0.8774,3,0
week,2024-W02,gtja191/alpha_037,-0.0362,0.8645,4,0
week,2024-W02,gtja191/alpha_026,-0.0449,0.8563,5,0
week,2024-W02,alpha101/alpha_080,-0.0485,0.8521,6,0
week,2024-W02,gtja191/alpha_008,-0.05043,0.8489,7,0
week,2024-W02,gtja191/alpha_092,-0.051,0.8458,8,0
week,2024-W02,qlib158/cntn5,-0.07176,0.8133,9,0
week,2024-W02,alpha101/alpha_084,-0.09531,0.7894,10,0
week,2024-W02,alpha101/alpha_019,-0.09933,0.7819,11,0
week,2024-W02,alpha101/alpha_004,-0.10516,0.7729,12,0
week,2024-W02,gtja191/alpha_157,-0.10957,0.7563,13,0
week,2024-W02,qlib158/min10,-0.12423,0.7351,14,0
week,2024-W02,gtja191/alpha_041,-0.15034,0.6989,15,0
week,2024-W02,gtja191/alpha_001,-0.15475,0.6912,16,0
week,2024-W02,alpha101/alpha_088,-0.15276,0.6888,17,0
week,2024-W02,alpha101/alpha_023,-0.1551,0.6852,18,0
week,2024-W02,alpha101/alpha_069,-0.16951,0.6603,19,0
week,2024-W02,alpha101/alpha_024,-0.17168,0.6589,20,0
week,2024-W02,gtja191/alpha_016,-0.18161,0.6407,21,0
week,2024-W02,alpha101/alpha_026,-0.1848,0.6296,22,0
week,2024-W02,gtja191/alpha_090,-0.1851,0.6206,23,0
week,2024-W02,alpha101/alpha_055,-0.20324,0.5894,24,0
week,2024-W02,qlib158/vsumn5,-0.20722,0.5757,25,0
week,2024-W02,alpha101/alpha_015,-0.20569,0.5746,26,0
week,2024-W02,alpha101/alpha_044,-0.21112,0.5699,27,0
week,2024-W02,alpha101/alpha_002,-0.21497,0.5653,28,0
week,2024-W02,alpha101/alpha_067,-0.21651,0.5551,29,0
week,2024-W02,alpha101/alpha_016,-0.23787,0.5094,30,0
week,2024-W02,gtja191/alpha_048,-0.24091,0.5068,31,0
week,2024-W02,qlib158/vsumn20,-0.2679,0.4455,32,0
week,2024-W02,qlib158/vma10,-0.27312,0.4283,33,0
week,2024-W02,qlib158/vsumn30,-0.28138,0.4066,34,0
week,2024-W02,qlib158/ma10,-0.28594,0.404,35,0
week,2024-W02,qlib158/vsumn60,-0.28864,0.3943,36,0
week,2024-W02,gtja191/alpha_168,-0.29992,0.3644,37,0
week,2024-W02,qlib158/vma60,-0.31319,0.33,38,0
week,2024-W03,gtja191/alpha_006,0.07382,0.9238,1,1
week,2024-W03,alpha101/alpha_027,0.07279,0.9235,2,0
week,2024-W03,gtja191/alpha_026,0.03899,0.8786,3,0
week,2024-W03,gtja191/alpha_025,0.03355,0.8631,4,0
week,2024-W03,alpha101/alpha_019,0.02325,0.8542,5,0
week,2024-W03,gtja191/alpha_008,0.02401,0.8472,6,0
week,2024-W03,alpha101/alpha_084,0.01846,0.8446,7,0
week,2024-W03,gtja191/alpha_037,0.0117,0.8325,8,0
week,2024-W03,gtja191/alpha_157,0.00377,0.8154,9,0
week,2024-W03,gtja191/alpha_041,-0.03767,0.7338,10,0
week,2024-W03,alpha101/alpha_004,-0.04265,0.7099,11,0
week,2024-W03,alpha101/alpha_069,-0.05121,0.7034,12,0
week,2024-W03,qlib158/cntn5,-0.05463,0.6904,13,0
week,2024-W03,alpha101/alpha_080,-0.05748,0.6887,14,0
week,2024-W03,gtja191/alpha_092,-0.0577,0.6694,15,0
week,2024-W03,alpha101/alpha_067,-0.06417,0.6646,16,0
week,2024-W03,gtja191/alpha_016,-0.06573,0.6625,17,0
week,2024-W03,gtja191/alpha_001,-0.06607,0.6619,18,0
week,2024-W03,alpha101/alpha_024,-0.06858,0.6615,19,0
week,2024-W03,gtja191/alpha_090,-0.07071,0.6506,20,0
week,2024-W03,alpha101/alpha_002,-0.0764,0.6327,21,0
week,2024-W03,alpha101/alpha_088,-0.08103,0.6296,22,0
week,2024-W03,alpha101/alpha_044,-0.08659,0.6103,23,0
week,2024-W03,alpha101/alpha_023,-0.09265,0.6003,24,0
week,2024-W03,alpha101/alpha_015,-0.08427,0.598,25,0
week,2024-W03,alpha101/alpha_026,-0.09399,0.5973,26,0
week,2024-W03,qlib158/min10,-0.09304,0.5653,27,0
week,2024-W03,alpha101/alpha_016,-0.10742,0.5524,28,0
week,2024-W03,qlib158/ma10,-0.1261,0.5054,29,0
week,2024-W03,alpha101/alpha_055,-0.12938,0.4736,30,0
week,2024-W03,qlib158/vsumn60,-0.14497,0.4479,31,0
week,2024-W03,qlib158/vsumn5,-0.14109,0.4412,32,0
week,2024-W03,qlib158/vsumn20,-0.15093,0.4204,33,0
week,2024-W03,qlib158/vma60,-0.15525,0.4143,34,0
week,2024-W03,qlib158/vsumn30,-0.18731,0.3119,35,0
week,2024-W03,gtja191/alpha_048,-0.18607,0.3117,36,0
week,2024-W03,gtja191/alpha_168,-0.20351,0.2694,37,0
week,2024-W03,qlib158/vma10,-0.20245,0.269,38,0
week,2024-W04,alpha101/alpha_019,0.12249,0.9048,1,1
week,2024-W04,alpha101/alpha_024,0.09466,0.8532,2,0
week,2024-W04,alpha101/alpha_027,0.06347,0.7909,3,0
week,2024-W04,gtja191/alpha_006,0.05665,0.7624,4,0
week,2024-W04,gtja191/alpha_026,0.05757,0.7608,5,0
week,2024-W04,gtja191/alpha_037,0.04879,0.7446,6,0
week,2024-W04,gtja191/alpha_008,0.03922,0.7053,7,0
week,2024-W04,gtja191/alpha_025,0.03232,0.6959,8,0
week,2024-W04,alpha101/alpha_084,0.02914,0.687,9,0
week,2024-W04,gtja191/alpha_157,0.02667,0.6756,10,0
week,2024-W04,gtja191/alpha_092,0.02548,0.6675,11,0
week,2024-W04,alpha101/alpha_067,0.01176,0.6267,12,0
week,2024-W04,alpha101/alpha_069,0.01206,0.6171,13,0
week,2024-W04,alpha101/alpha_023,0.01203,0.6151,14,0
week,2024-W04,alpha101/alpha_080,0.00523,0.61,15,0
week,2024-W04,qlib158/cntn5,0.004,0.6057,16,0
week,2024-W04,gtja191/alpha_041,0.00075,0.5892,17,0
week,2024-W04,qlib158/min10,8e-05,0.5789,18,0
week,2024-W04,alpha101/alpha_026,-0.01033,0.5583,19,0
week,2024-W04,gtja191/alpha_090,-0.01667,0.536,20,0
week,2024-W04,qlib158/ma10,-0.02017,0.5185,21,0
week,2024-W04,gtja191/alpha_016,-0.02245,0.5171,22,0
week,2024-W04,gtja191/alpha_001,-0.02582,0.5031,23,0
week,2024-W04,alpha101/alpha_055,-0.03251,0.4805,24,0
week,2024-W04,qlib158/vsumn30,-0.04113,0.4594,25,0
week,2024-W04,gtja191/alpha_048,-0.04093,0.452,26,0
week,2024-W04,alpha101/alpha_044,-0.04317,0.4488,27,0
week,2024-W04,alpha101/alpha_004,-0.04337,0.4478,28,0
week,2024-W04,alpha101/alpha_002,-0.04266,0.4465,29,0
week,2024-W04,alpha101/alpha_016,-0.0551,0.406,30,0
week,2024-W04,qlib158/vma60,-0.05892,0.3976,31,0
week,2024-W04,alpha101/alpha_088,-0.05847,0.3957,32,0
week,2024-W04,gtja191/alpha_168,-0.05889,0.3929,33,0
week,2024-W04,alpha101/alpha_015,-0.05884,0.3925,34,0
week,2024-W04,qlib158/vsumn60,-0.0751,0.3376,35,0
week,2024-W04,qlib158/vsumn20,-0.07983,0.33,36,0
week,2024-W04,qlib158/vma10,-0.07852,0.3275,37,0
week,2024-W04,qlib158/vsumn5,-0.112,0.2405,38,0
week,2024-W05,alpha101/alpha_019,0.33477,0.9602,1,1
week,2024-W05,gtja191/alpha_037,0.18283,0.8446,2,0
week,2024-W05,alpha101/alpha_024,0.1771,0.8416,3,0
week,2024-W05,gtja191/alpha_041,0.16041,0.8207,4,0
week,2024-W05,gtja191/alpha_008,0.18658,0.7993,5,0
week,2024-W05,gtja191/alpha_026,0.15923,0.7934,6,0
week,2024-W05,gtja191/alpha_157,0.14923,0.7812,7,0
week,2024-W05,qlib158/ma10,0.16634,0.7779,8,0
week,2024-W05,alpha101/alpha_069,0.13637,0.7659,9,0
week,2024-W05,gtja191/alpha_092,0.12844,0.7483,10,0
week,2024-W05,gtja191/alpha_025,0.12071,0.7322,11,0
week,2024-W05,alpha101/alpha_084,0.12577,0.7178,12,0
week,2024-W05,alpha101/alpha_067,0.10261,0.6457,13,0
week,2024-W05,alpha101/alpha_023,0.12961,0.6241,14,0
week,2024-W05,alpha101/alpha_080,0.08978,0.6185,15,0
week,2024-W05,alpha101/alpha_016,0.08608,0.6108,16,0
week,2024-W05,qlib158/min10,0.08116,0.6067,17,0
week,2024-W05,qlib158/vsumn60,0.07676,0.585,18,0
week,2024-W05,gtja191/alpha_090,0.07666,0.5837,19,0
week,2024-W05,alpha101/alpha_015,0.07315,0.5704,20,0
week,2024-W05,qlib158/cntn5,0.06939,0.5646,21,0
week,2024-W05,gtja191/alpha_016,0.06467,0.557,22,0
week,2024-W05,alpha101/alpha_027,0.06653,0.5541,23,0
week,2024-W05,qlib158/vsumn20,0.06234,0.5396,24,0
week,2024-W05,alpha101/alpha_044,0.05456,0.5123,25,0
week,2024-W05,alpha101/alpha_088,0.05227,0.5109,26,0
week,2024-W05,gtja191/alpha_006,0.05284,0.5083,27,0
week,2024-W05,gtja191/alpha_048,0.05495,0.503,28,0
week,2024-W05,gtja191/alpha_001,0.04459,0.4815,29,0
week,2024-W05,alpha101/alpha_002,0.04421,0.4772,30,0
week,2024-W05,alpha101/alpha_055,0.03603,0.4466,31,0
week,2024-W05,gtja191/alpha_168,0.03399,0.4358,32,0
week,2024-W05,qlib158/vsumn5,0.02814,0.4269,33,0
week,2024-W05,alpha101/alpha_004,0.02421,0.4057,34,0
week,2024-W05,qlib158/vma60,0.02268,0.405,35,0
week,2024-W05,qlib158/vma10,0.0046,0.3352,36,0
week,2024-W05,alpha101/alpha_026,-0.01418,0.2885,37,0
week,2024-W05,qlib158/vsumn30,-0.02799,0.2398,38,0
week,2024-W06,qlib158/ma10,0.50504,0.9066,1,1
week,2024-W06,alpha101/alpha_019,0.44706,0.8857,2,0
week,2024-W06,gtja191/alpha_041,0.44028,0.8605,3,0
week,2024-W06,alpha101/alpha_016,0.41668,0.8516,4,0
week,2024-W06,alpha101/alpha_069,0.42569,0.8356,5,0
week,2024-W06,alpha101/alpha_024,0.37448,0.7977,6,0
week,2024-W06,gtja191/alpha_026,0.34778,0.7446,7,0
week,2024-W06,qlib158/vsumn30,0.33389,0.729,8,0
week,2024-W06,gtja191/alpha_016,0.32507,0.7206,9,0
week,2024-W06,alpha101/alpha_084,0.34018,0.7203,10,0
week,2024-W06,gtja191/alpha_048,0.31627,0.689,11,0
week,2024-W06,qlib158/vsumn20,0.31001,0.6859,12,0
week,2024-W06,gtja191/alpha_090,0.29998,0.6794,13,0
week,2024-W06,gtja191/alpha_157,0.30819,0.6766,14,0
week,2024-W06,gtja191/alpha_025,0.302,0.6684,15,0
week,2024-W06,qlib158/vsumn60,0.2936,0.6534,16,0
week,2024-W06,gtja191/alpha_092,0.29749,0.6496,17,0
week,2024-W06,gtja191/alpha_037,0.25921,0.5774,18,0
week,2024-W06,gtja191/alpha_168,0.25216,0.5606,19,0
week,2024-W06,alpha101/alpha_044,0.25399,0.5573,20,0
week,2024-W06,alpha101/alpha_002,0.24501,0.5504,21,0
week,2024-W06,gtja191/alpha_008,0.24848,0.5422,22,0
week,2024-W06,alpha101/alpha_088,0.23313,0.5156,23,0
week,2024-W06,alpha101/alpha_015,0.22596,0.5129,24,0
week,2024-W06,alpha101/alpha_004,0.22763,0.5031,25,0
week,2024-W06,qlib158/vma60,0.23193,0.4981,26,0
week,2024-W06,gtja191/alpha_001,0.22127,0.4945,27,0
week,2024-W06,alpha101/alpha_055,0.21396,0.4865,28,0
week,2024-W06,alpha101/alpha_080,0.2161,0.481,29,0
week,2024-W06,qlib158/cntn5,0.22388,0.4725,30,0
week,2024-W06,alpha101/alpha_067,0.19983,0.4572,31,0
week,2024-W06,qlib158/vma10,0.20484,0.4553,32,0
week,2024-W06,qlib158/min10,0.20676,0.4253,33,0
week,2024-W06,alpha101/alpha_026,0.18654,0.4126,34,0
week,2024-W06,qlib158/vsumn5,0.15571,0.3372,35,0
week,2024-W06,alpha101/alpha_023,0.10172,0.2015,36,0
week,2024-W06,gtja191/alpha_006,0.09066,0.1843,37,0
week,2024-W06,alpha101/alpha_027,0.09028,0.1792,38,0
week,2024-W08,qlib158/vma60,0.29462,0.8503,1,1
week,2024-W08,qlib158/vsumn60,0.23035,0.8115,2,0
week,2024-W08,qlib158/vma10,0.27788,0.8094,3,0
week,2024-W08,alpha101/alpha_026,0.22668,0.8079,4,0
week,2024-W08,gtja191/alpha_168,0.27895,0.8023,5,0
week,2024-W08,alpha101/alpha_016,0.22515,0.7567,6,0
week,2024-W08,gtja191/alpha_001,0.20159,0.7417,7,0
week,2024-W08,qlib158/ma10,0.24016,0.7353,8,0
week,2024-W08,qlib158/vsumn20,0.19816,0.7176,9,0
week,2024-W08,gtja191/alpha_157,0.21109,0.7158,10,0
week,2024-W08,qlib158/vsumn30,0.18223,0.7013,11,0
week,2024-W08,alpha101/alpha_055,0.20214,0.6624,12,0
week,2024-W08,alpha101/alpha_019,0.17488,0.6455,13,0
week,2024-W08,alpha101/alpha_002,0.16717,0.6451,14,0
week,2024-W08,gtja191/alpha_090,0.16608,0.6359,15,0
week,2024-W08,alpha101/alpha_015,0.16093,0.6189,16,0
week,2024-W08,gtja191/alpha_016,0.16179,0.6168,17,0
week,2024-W08,gtja191/alpha_025,0.17238,0.6166,18,0
week,2024-W08,alpha101/alpha_044,0.15131,0.5791,19,0
week,2024-W08,alpha101/alpha_069,0.1785,0.5375,20,0
week,2024-W08,alpha101/alpha_067,0.11096,0.4529,21,0
week,2024-W08,qlib158/vsumn5,0.11025,0.4416,22,0
week,2024-W08,gtja191/alpha_026,0.10309,0.4346,23,0
week,2024-W08,gtja191/alpha_092,0.09691,0.402,24,0
week,2024-W08,gtja191/alpha_008,0.08878,0.3859,25,0
week,2024-W08,alpha101/alpha_024,0.0847,0.3724,26,0
week,2024-W08,gtja191/alpha_041,0.08296,0.3357,27,0
week,2024-W08,gtja191/alpha_048,0.08087,0.3354,28,0
week,2024-W08,alpha101/alpha_084,0.07868,0.3333,29,0
week,2024-W08,gtja191/alpha_006,0.08017,0.3331,30,0
week,2024-W08,qlib158/cntn5,0.07397,0.3074,31,0
week,2024-W08,alpha101/alpha_080,0.06827,0.2892,32,0
week,2024-W08,alpha101/alpha_023,0.0465,0.2364,33,0
week,2024-W08,alpha101/alpha_027,0.04452,0.2325,34,0
week,2024-W08,gtja191/alpha_037,0.0377,0.2053,35,0
week,2024-W08,alpha101/alpha_004,0.03872,0.1971,36,0
week,2024-W08,alpha101/alpha_088,0.02113,0.1488,37,0
week,2024-W08,qlib158/min10,0.00669,0.1192,38,0
week,2024-W09,qlib158/vsumn30,0.07115,0.7227,1,1
week,2024-W09,qlib158/vsumn60,0.07004,0.7134,2,0
week,2024-W09,qlib158/vsumn20,0.06828,0.713,3,0
week,2024-W09,gtja191/alpha_001,0.0575,0.6829,4,0
week,2024-W09,gtja191/alpha_016,0.05749,0.6623,5,0
week,2024-W09,qlib158/vma10,0.05037,0.6417,6,0
week,2024-W09,gtja191/alpha_090,0.04946,0.635,7,0
week,2024-W09,alpha101/alpha_004,0.04779,0.6277,8,0
week,2024-W09,qlib158/vsumn5,0.07913,0.6263,9,0
week,2024-W09,alpha101/alpha_015,0.04885,0.6203,10,0
week,2024-W09,gtja191/alpha_092,0.05918,0.6172,11,0
week,2024-W09,alpha101/alpha_027,0.04471,0.6149,12,0
week,2024-W09,gtja191/alpha_006,0.04166,0.6142,13,0
week,2024-W09,gtja191/alpha_037,0.04021,0.6067,14,0
week,2024-W09,alpha101/alpha_026,0.03717,0.5915,15,0
week,2024-W09,alpha101/alpha_044,0.02325,0.522,16,0
week,2024-W09,alpha101/alpha_080,0.02042,0.4976,17,0
week,2024-W09,gtja191/alpha_025,0.02197,0.4927,18,0
week,2024-W09,alpha101/alpha_023,0.01524,0.4865,19,0
week,2024-W09,alpha101/alpha_002,0.01406,0.4843,20,0
week,2024-W09,alpha101/alpha_019,0.02004,0.4814,21,0
week,2024-W09,alpha101/alpha_016,0.01336,0.4806,22,0
week,2024-W09,alpha101/alpha_069,0.01243,0.4783,23,0
week,2024-W09,qlib158/vma60,0.01317,0.4668,24,0
week,2024-W09,alpha101/alpha_067,0.0215,0.4611,25,0
week,2024-W09,gtja191/alpha_041,0.00877,0.4588,26,0
week,2024-W09,gtja191/alpha_168,0.01001,0.452,27,0
week,2024-W09,gtja191/alpha_008,0.00515,0.442,28,0
week,2024-W09,alpha101/alpha_084,0.00507,0.4333,29,0
week,2024-W09,qlib158/cntn5,0.00109,0.4271,30,0
week,2024-W09,qlib158/min10,0.0042,0.4268,31,0
week,2024-W09,alpha101/alpha_055,0.00617,0.4111,32,0
week,2024-W09,gtja191/alpha_026,-0.00455,0.4079,33,0
week,2024-W09,gtja191/alpha_157,-0.00013,0.4004,34,0
week,2024-W09,qlib158/ma10,-0.00799,0.3718,35,0
week,2024-W09,alpha101/alpha_088,-0.01362,0.3456,36,0
week,2024-W09,alpha101/alpha_024,-0.01343,0.3357,37,0
week,2024-W09,gtja191/alpha_048,-0.01876,0.3104,38,0
week,2024-W10,qlib158/vsumn30,0.1265,0.7946,1,1
week,2024-W10,qlib158/vsumn60,0.10386,0.744,2,0
week,2024-W10,gtja191/alpha_016,0.08619,0.6894,3,0
week,2024-W10,alpha101/alpha_055,0.08268,0.6718,4,0
week,2024-W10,gtja191/alpha_168,0.07851,0.6451,5,0
week,2024-W10,gtja191/alpha_048,0.07063,0.6264,6,0
week,2024-W10,gtja191/alpha_001,0.06858,0.6214,7,0
week,2024-W10,qlib158/vsumn5,0.06436,0.6114,8,0
week,2024-W10,qlib158/vma60,0.06572,0.6079,9,0
week,2024-W10,alpha101/alpha_015,0.05244,0.562,10,0
week,2024-W10,alpha101/alpha_027,0.0481,0.5468,11,0
week,2024-W10,gtja191/alpha_006,0.0487,0.5461,12,0
week,2024-W10,gtja191/alpha_090,0.04848,0.5458,13,0
week,2024-W10,alpha101/alpha_002,0.04721,0.5391,14,0
week,2024-W10,alpha101/alpha_044,0.04503,0.5307,15,0
week,2024-W10,qlib158/vma10,0.04283,0.5163,16,0
week,2024-W10,alpha101/alpha_080,0.03142,0.4782,17,0
week,2024-W10,gtja191/alpha_157,0.03187,0.4756,18,0
week,2024-W10,alpha101/alpha_026,0.03235,0.475,19,0
week,2024-W10,alpha101/alpha_016,0.02829,0.4565,20,0
week,2024-W10,qlib158/vsumn20,0.02572,0.4488,21,0
week,2024-W10,alpha101/alpha_067,0.02539,0.4456,22,0
week,2024-W10,gtja191/alpha_026,0.02193,0.4382,23,0
week,2024-W10,alpha101/alpha_004,0.01946,0.423,24,0
week,2024-W10,gtja191/alpha_092,0.0149,0.4202,25,0
week,2024-W10,gtja191/alpha_037,0.01802,0.4185,26,0
week,2024-W10,qlib158/cntn5,0.01788,0.4147,27,0
week,2024-W10,alpha101/alpha_023,0.01696,0.4137,28,0
week,2024-W10,alpha101/alpha_069,0.01237,0.3989,29,0
week,2024-W10,alpha101/alpha_088,0.00934,0.3811,30,0
week,2024-W10,qlib158/min10,0.00283,0.3541,31,0
week,2024-W10,gtja191/alpha_008,0.00095,0.3509,32,0
week,2024-W10,gtja191/alpha_025,-0.00307,0.3355,33,0
week,2024-W10,alpha101/alpha_084,-0.00337,0.3349,34,0
week,2024-W10,qlib158/ma10,-0.00789,0.3127,35,0
week,2024-W10,gtja191/alpha_041,-0.00953,0.3065,36,0
week,2024-W10,alpha101/alpha_024,-0.0208,0.2658,37,0
week,2024-W10,alpha101/alpha_019,-0.05876,0.1506,38,0
week,2024-W11,qlib158/vsumn30,0.03628,0.7781,1,1
week,2024-W11,gtja191/alpha_006,0.04199,0.7751,2,0
week,2024-W11,alpha101/alpha_080,0.02948,0.7661,3,0
week,2024-W11,alpha101/alpha_027,0.03623,0.7587,4,0
week,2024-W11,alpha101/alpha_002,0.03237,0.7562,5,0
week,2024-W11,alpha101/alpha_004,0.02382,0.7488,6,0
week,2024-W11,qlib158/min10,0.02651,0.7362,7,0
week,2024-W11,gtja191/alpha_016,0.01559,0.7347,8,0
week,2024-W11,gtja191/alpha_092,0.03595,0.7168,9,0
week,2024-W11,qlib158/cntn5,0.01326,0.6883,10,0
week,2024-W11,gtja191/alpha_026,0.00642,0.6814,11,0
week,2024-W11,alpha101/alpha_024,0.00162,0.6785,12,0
week,2024-W11,alpha101/alpha_088,0.01265,0.6774,13,0
week,2024-W11,alpha101/alpha_055,-0.00251,0.6738,14,0
week,2024-W11,qlib158/vsumn20,-0.0065,0.6521,15,0
week,2024-W11,gtja191/alpha_008,-0.00384,0.6441,16,0
week,2024-W11,alpha101/alpha_023,-0.00285,0.6413,17,0
week,2024-W11,qlib158/vsumn60,-0.0097,0.6394,18,0
week,2024-W11,qlib158/vma60,-0.01666,0.6155,19,0
week,2024-W11,alpha101/alpha_015,-0.02323,0.6005,20,0
week,2024-W11,gtja191/alpha_025,-0.01188,0.5976,21,0
week,2024-W11,alpha101/alpha_084,-0.01789,0.587,22,0
week,2024-W11,gtja191/alpha_090,-0.02777,0.5787,23,0
week,2024-W11,qlib158/vsumn5,-0.02816,0.5778,24,0
week,2024-W11,alpha101/alpha_044,-0.03098,0.5774,25,0
week,2024-W11,alpha101/alpha_026,-0.02291,0.5721,26,0
week,2024-W11,gtja191/alpha_048,-0.03353,0.5652,27,0
week,2024-W11,qlib158/ma10,-0.03085,0.5617,28,0
week,2024-W11,qlib158/vma10,-0.03456,0.5577,29,0
week,2024-W11,gtja191/alpha_157,-0.03412,0.5528,30,0
week,2024-W11,gtja191/alpha_001,-0.04503,0.5229,31,0
week,2024-W11,gtja191/alpha_041,-0.04348,0.4853,32,0
week,2024-W11,gtja191/alpha_037,-0.05201,0.4808,33,0
week,2024-W11,gtja191/alpha_168,-0.05881,0.4698,34,0
week,2024-W11,alpha101/alpha_016,-0.06,0.4592,35,0
week,2024-W11,alpha101/alpha_067,-0.06422,0.4483,36,0
week,2024-W11,alpha101/alpha_069,-0.06782,0.4361,37,0
week,2024-W11,alpha101/alpha_019,-0.11967,0.2459,38,0
week,2024-W12,gtja191/alpha_025,0.06243,0.889,1,1
week,2024-W12,gtja191/alpha_006,0.03862,0.8561,2,0
week,2024-W12,alpha101/alpha_088,0.03747,0.8554,3,0
week,2024-W12,alpha101/alpha_004,0.03716,0.8545,4,0
week,2024-W12,alpha101/alpha_027,0.02531,0.8342,5,0
week,2024-W12,gtja191/alpha_157,0.02568,0.8338,6,0
week,2024-W12,alpha101/alpha_080,0.02221,0.8244,7,0
week,2024-W12,qlib158/cntn5,0.00589,0.8023,8,0
week,2024-W12,qlib158/min10,0.009,0.8011,9,0
week,2024-W12,alpha101/alpha_024,0.01128,0.7837,10,0
week,2024-W12,gtja191/alpha_037,-0.00374,0.783,11,0
week,2024-W12,alpha101/alpha_084,-0.00985,0.7648,12,0
week,2024-W12,gtja191/alpha_092,-0.01022,0.7604,13,0
week,2024-W12,gtja191/alpha_001,-0.01547,0.7506,14,0
week,2024-W12,gtja191/alpha_026,-0.01572,0.7499,15,0
week,2024-W12,alpha101/alpha_002,-0.01709,0.7404,16,0
week,2024-W12,alpha101/alpha_026,-0.02634,0.7328,17,0
week,2024-W12,gtja191/alpha_008,-0.03387,0.7152,18,0
week,2024-W12,qlib158/vsumn30,-0.03056,0.712,19,0
week,2024-W12,alpha101/alpha_069,-0.04648,0.6785,20,0
week,2024-W12,gtja191/alpha_048,-0.04656,0.6719,21,0
week,2024-W12,alpha101/alpha_023,-0.05409,0.6614,22,0
week,2024-W12,gtja191/alpha_041,-0.0491,0.6607,23,0
week,2024-W12,alpha101/alpha_044,-0.05186,0.6338,24,0
week,2024-W12,alpha101/alpha_055,-0.07129,0.6106,25,0
week,2024-W12,qlib158/vsumn5,-0.07689,0.5986,26,0
week,2024-W12,gtja191/alpha_090,-0.08576,0.5665,27,0
week,2024-W12,alpha101/alpha_015,-0.08613,0.5617,28,0
week,2024-W12,qlib158/vsumn20,-0.09048,0.5495,29,0
week,2024-W12,qlib158/ma10,-0.0941,0.537,30,0
week,2024-W12,alpha101/alpha_067,-0.09947,0.5231,31,0
week,2024-W12,qlib158/vsumn60,-0.1025,0.5144,32,0
week,2024-W12,qlib158/vma60,-0.10105,0.5132,33,0
week,2024-W12,gtja191/alpha_016,-0.10696,0.4938,34,0
week,2024-W12,gtja191/alpha_168,-0.10684,0.4733,35,0
week,2024-W12,qlib158/vma10,-0.10901,0.4603,36,0
week,2024-W12,alpha101/alpha_019,-0.14793,0.369,37,0
week,2024-W12,alpha101/alpha_016,-0.17095,0.2788,38,0
week,2024-W13,alpha101/alpha_088,0.03386,0.7417,1,1
week,2024-W13,alpha101/alpha_027,0.02758,0.71,2,0
week,2024-W13,gtja191/alpha_006,0.02583,0.7041,3,0
week,2024-W13,gtja191/alpha_008,0.01904,0.6933,4,0
week,2024-W13,qlib158/vsumn5,0.02103,0.6653,5,0
week,2024-W13,gtja191/alpha_026,0.01205,0.6595,6,0
week,2024-W13,qlib158/vsumn30,0.00782,0.6507,7,0
week,2024-W13,gtja191/alpha_090,0.00684,0.6472,8,0
week,2024-W13,alpha101/alpha_084,0.00602,0.6424,9,0
week,2024-W13,gtja191/alpha_025,0.00461,0.6362,10,0
week,2024-W13,qlib158/min10,0.00378,0.6319,11,0
week,2024-W13,qlib158/cntn5,0.0052,0.6291,12,0
week,2024-W13,qlib158/vsumn20,0.00056,0.6228,13,0
week,2024-W13,alpha101/alpha_002,0.00106,0.6214,14,0
week,2024-W13,gtja191/alpha_157,0.00617,0.6163,15,0
week,2024-W13,gtja191/alpha_048,0.00044,0.6048,16,0
week,2024-W13,gtja191/alpha_037,-0.0045,0.5967,17,0
week,2024-W13,gtja191/alpha_001,-0.00702,0.591,18,0
week,2024-W13,qlib158/vsumn60,-0.00177,0.5908,19,0
week,2024-W13,alpha101/alpha_067,-0.00644,0.5813,20,0
week,2024-W13,alpha101/alpha_080,-0.00989,0.5733,21,0
week,2024-W13,alpha101/alpha_023,-0.01314,0.5715,22,0
week,2024-W13,gtja191/alpha_092,-0.01031,0.5695,23,0
week,2024-W13,alpha101/alpha_044,-0.01178,0.5689,24,0
week,2024-W13,gtja191/alpha_016,-0.01744,0.5509,25,0
week,2024-W13,alpha101/alpha_026,-0.01549,0.5485,26,0
week,2024-W13,gtja191/alpha_041,-0.02092,0.5362,27,0
week,2024-W13,alpha101/alpha_024,-0.02279,0.5214,28,0
week,2024-W13,alpha101/alpha_019,-0.02615,0.5142,29,0
week,2024-W13,alpha101/alpha_055,-0.02497,0.5059,30,0
week,2024-W13,alpha101/alpha_015,-0.02704,0.5034,31,0
week,2024-W13,gtja191/alpha_168,-0.02689,0.5003,32,0
week,2024-W13,alpha101/alpha_004,-0.02732,0.4954,33,0
week,2024-W13,qlib158/vma60,-0.02922,0.494,34,0
week,2024-W13,alpha101/alpha_069,-0.03594,0.4659,35,0
week,2024-W13,qlib158/vma10,-0.03942,0.4515,36,0
week,2024-W13,alpha101/alpha_016,-0.056,0.3896,37,0
week,2024-W13,qlib158/ma10,-0.07793,0.2785,38,0
week,2024-W14,alpha101/alpha_024,0.05064,0.7727,1,1
week,2024-W14,gtja191/alpha_037,0.04937,0.7695,2,0
week,2024-W14,qlib158/cntn5,0.03108,0.7076,3,0
week,2024-W14,gtja191/alpha_016,0.02467,0.6841,4,0
week,2024-W14,gtja191/alpha_157,0.01982,0.6605,5,0
week,2024-W14,gtja191/alpha_006,0.01593,0.6481,6,0
week,2024-W14,gtja191/alpha_025,0.0128,0.635,7,0
week,2024-W14,gtja191/alpha_008,0.0124,0.6317,8,0
week,2024-W14,gtja191/alpha_090,0.01926,0.6188,9,0
week,2024-W14,alpha101/alpha_023,0.014,0.6155,10,0
week,2024-W14,alpha101/alpha_027,0.00562,0.6079,11,0
week,2024-W14,alpha101/alpha_088,0.00731,0.6017,12,0
week,2024-W14,alpha101/alpha_055,0.0045,0.5969,13,0
week,2024-W14,alpha101/alpha_015,0.00623,0.5919,14,0
week,2024-W14,alpha101/alpha_004,0.00072,0.5809,15,0
week,2024-W14,alpha101/alpha_067,-0.00217,0.5653,16,0
week,2024-W14,gtja191/alpha_026,-0.00571,0.555,17,0
week,2024-W14,alpha101/alpha_080,-0.0082,0.542,18,0
week,2024-W14,alpha101/alpha_044,-0.00935,0.5371,19,0
week,2024-W14,alpha101/alpha_002,-0.00993,0.5333,20,0
week,2024-W14,alpha101/alpha_026,-0.00966,0.5293,21,0
week,2024-W14,alpha101/alpha_084,-0.01286,0.5139,22,0
week,2024-W14,gtja191/alpha_001,-0.01193,0.513,23,0
week,2024-W14,qlib158/vsumn30,-0.01527,0.5047,24,0
week,2024-W14,gtja191/alpha_048,-0.01557,0.4992,25,0
week,2024-W14,gtja191/alpha_092,-0.00997,0.4978,26,0
week,2024-W14,qlib158/vsumn60,-0.01868,0.4882,27,0
week,2024-W14,qlib158/vma60,-0.022,0.4816,28,0
week,2024-W14,qlib158/vsumn20,-0.02697,0.4503,29,0
week,2024-W14,qlib158/vsumn5,-0.03908,0.3919,30,0
week,2024-W14,alpha101/alpha_069,-0.04587,0.358,31,0
week,2024-W14,alpha101/alpha_016,-0.04746,0.3502,32,0
week,2024-W14,alpha101/alpha_019,-0.05022,0.3362,33,0
week,2024-W14,gtja191/alpha_168,-0.05347,0.336,34,0
week,2024-W14,gtja191/alpha_041,-0.06177,0.2951,35,0
week,2024-W14,qlib158/min10,-0.06735,0.2673,36,0
week,2024-W14,qlib158/ma10,-0.0798,0.2255,37,0
week,2024-W14,qlib158/vma10,-0.08732,0.1985,38,0
week,2024-W15,gtja191/alpha_090,0.06667,0.7313,1,1
week,2024-W15,gtja191/alpha_016,0.05978,0.7102,2,0
week,2024-W15,gtja191/alpha_037,0.05532,0.6952,3,0
week,2024-W15,alpha101/alpha_026,0.05582,0.6925,4,0
week,2024-W15,alpha101/alpha_084,0.05026,0.6847,5,0
week,2024-W15,alpha101/alpha_055,0.0514,0.6833,6,0
week,2024-W15,gtja191/alpha_092,0.05272,0.6775,7,0
week,2024-W15,gtja191/alpha_008,0.04642,0.6739,8,0
week,2024-W15,gtja191/alpha_001,0.04499,0.6687,9,0
week,2024-W15,gtja191/alpha_157,0.04556,0.6667,10,0
week,2024-W15,alpha101/alpha_023,0.04687,0.6536,11,0
week,2024-W15,gtja191/alpha_026,0.03591,0.63,12,0
week,2024-W15,alpha101/alpha_080,0.03991,0.6293,13,0
week,2024-W15,alpha101/alpha_004,0.03379,0.6244,14,0
week,2024-W15,qlib158/cntn5,0.03406,0.6185,15,0
week,2024-W15,gtja191/alpha_006,0.03176,0.6149,16,0
week,2024-W15,alpha101/alpha_002,0.03005,0.6083,17,0
week,2024-W15,alpha101/alpha_044,0.02871,0.6011,18,0
week,2024-W15,alpha101/alpha_088,0.03006,0.5986,19,0
week,2024-W15,gtja191/alpha_025,0.02765,0.5937,20,0
week,2024-W15,alpha101/alpha_027,0.01743,0.5472,21,0
week,2024-W15,gtja191/alpha_048,0.01533,0.5454,22,0
week,2024-W15,alpha101/alpha_067,0.00937,0.5168,23,0
week,2024-W15,qlib158/vsumn20,0.00734,0.5065,24,0
week,2024-W15,alpha101/alpha_015,0.00755,0.5047,25,0
week,2024-W15,qlib158/vsumn60,-0.0048,0.4494,26,0
week,2024-W15,qlib158/vma60,-0.00575,0.4442,27,0
week,2024-W15,qlib158/vsumn5,-0.00826,0.4307,28,0
week,2024-W15,alpha101/alpha_024,-0.01506,0.4064,29,0
week,2024-W15,qlib158/min10,-0.02086,0.3926,30,0
week,2024-W15,gtja191/alpha_041,-0.02166,0.3831,31,0
week,2024-W15,qlib158/vsumn30,-0.02157,0.3728,32,0
week,2024-W15,qlib158/vma10,-0.02544,0.3715,33,0
week,2024-W15,gtja191/alpha_168,-0.03104,0.3503,34,0
week,2024-W15,alpha101/alpha_019,-0.0302,0.3344,35,0
week,2024-W15,alpha101/alpha_069,-0.0514,0.2603,36,0
week,2024-W15,alpha101/alpha_016,-0.05528,0.2316,37,0
week,2024-W15,qlib158/ma10,-0.11011,0.0902,38,0
week,2024-W16,qlib158/ma10,0.19844,0.7635,1,1
week,2024-W16,gtja191/alpha_001,0.18076,0.7481,2,0
week,2024-W16,alpha101/alpha_016,0.21787,0.7175,3,0
week,2024-W16,gtja191/alpha_090,0.12396,0.6774,4,0
week,2024-W16,gtja191/alpha_016,0.13176,0.6677,5,0
week,2024-W16,alpha101/alpha_026,0.12116,0.6602,6,0
week,2024-W16,qlib158/vsumn5,0.12631,0.6392,7,0
week,2024-W16,alpha101/alpha_055,0.11174,0.6301,8,0
week,2024-W16,alpha101/alpha_024,0.11067,0.6145,9,0
week,2024-W16,alpha101/alpha_002,0.10612,0.6066,10,0
week,2024-W16,alpha101/alpha_004,0.10205,0.5977,11,0
week,2024-W16,qlib158/cntn5,0.10438,0.5936,12,0
week,2024-W16,gtja191/alpha_048,0.10338,0.589,13,0
week,2024-W16,qlib158/vsumn30,0.09733,0.5761,14,0
week,2024-W16,qlib158/min10,0.1002,0.571,15,0
week,2024-W16,alpha101/alpha_084,0.09357,0.5685,16,0
week,2024-W16,qlib158/vsumn60,0.08433,0.5359,17,0
week,2024-W16,gtja191/alpha_025,0.08533,0.5333,18,0
week,2024-W16,gtja191/alpha_092,0.08813,0.5268,19,0
week,2024-W16,alpha101/alpha_044,0.0797,0.5086,20,0
week,2024-W16,qlib158/vsumn20,0.08031,0.5082,21,0
week,2024-W16,alpha101/alpha_088,0.07694,0.5061,22,0
week,2024-W16,gtja191/alpha_008,0.07362,0.4944,23,0
week,2024-W16,alpha101/alpha_067,0.07559,0.4924,24,0
week,2024-W16,alpha101/alpha_015,0.07335,0.4903,25,0
week,2024-W16,gtja191/alpha_026,0.07235,0.4825,26,0
week,2024-W16,qlib158/vma60,0.06271,0.473,27,0
week,2024-W16,alpha101/alpha_080,0.06505,0.4527,28,0
week,2024-W16,alpha101/alpha_019,0.05694,0.4237,29,0
week,2024-W16,gtja191/alpha_157,0.05303,0.4233,30,0
week,2024-W16,alpha101/alpha_069,0.05511,0.4067,31,0
week,2024-W16,gtja191/alpha_037,0.04331,0.3776,32,0
week,2024-W16,qlib158/vma10,0.0029,0.3761,33,0
week,2024-W16,alpha101/alpha_023,0.04417,0.3653,34,0
week,2024-W16,gtja191/alpha_041,0.04001,0.3586,35,0
week,2024-W16,gtja191/alpha_006,0.03489,0.3251,36,0
week,2024-W16,gtja191/alpha_168,-0.00618,0.3161,37,0
week,2024-W16,alpha101/alpha_027,0.01146,0.2462,38,0
week,2024-W17,qlib158/vma60,0.10756,0.7525,1,1
week,2024-W17,qlib158/cntn5,0.09127,0.7388,2,0
week,2024-W17,gtja191/alpha_168,0.08827,0.703,3,0
week,2024-W17,qlib158/ma10,0.07878,0.6994,4,0
week,2024-W17,qlib158/vma10,0.07936,0.6666,5,0
week,2024-W17,alpha101/alpha_002,0.06443,0.6592,6,0
week,2024-W17,alpha101/alpha_067,0.06156,0.6485,7,0
week,2024-W17,qlib158/vsumn30,0.06211,0.6373,8,0
week,2024-W17,gtja191/alpha_048,0.0564,0.6194,9,0
week,2024-W17,alpha101/alpha_044,0.04833,0.5887,10,0
week,2024-W17,gtja191/alpha_016,0.05244,0.5878,11,0
week,2024-W17,alpha101/alpha_004,0.04027,0.5645,12,0
week,2024-W17,qlib158/vsumn5,0.04229,0.5642,13,0
week,2024-W17,gtja191/alpha_026,0.04015,0.5547,14,0
week,2024-W17,gtja191/alpha_092,0.036,0.5429,15,0
week,2024-W17,qlib158/vsumn20,0.03763,0.5345,16,0
week,2024-W17,alpha101/alpha_084,0.03426,0.5341,17,0
week,2024-W17,qlib158/min10,0.03641,0.5298,18,0
week,2024-W17,gtja191/alpha_090,0.0298,0.5171,19,0
week,2024-W17,alpha101/alpha_088,0.02784,0.5081,20,0
week,2024-W17,qlib158/vsumn60,0.02883,0.5067,21,0
week,2024-W17,gtja191/alpha_008,0.02952,0.5045,22,0
week,2024-W17,alpha101/alpha_023,0.02642,0.4978,23,0
week,2024-W17,alpha101/alpha_015,0.02186,0.4789,24,0
week,2024-W17,gtja191/alpha_157,0.02174,0.478,25,0
week,2024-W17,alpha101/alpha_024,0.02126,0.4713,26,0
week,2024-W17,alpha101/alpha_019,0.01479,0.4411,27,0
week,2024-W17,gtja191/alpha_041,0.01164,0.4273,28,0
week,2024-W17,alpha101/alpha_027,0.01014,0.4251,29,0
week,2024-W17,alpha101/alpha_026,0.01304,0.4245,30,0
week,2024-W17,alpha101/alpha_055,0.01074,0.4195,31,0
week,2024-W17,gtja191/alpha_025,0.01048,0.4194,32,0
week,2024-W17,gtja191/alpha_001,0.01053,0.419,33,0
week,2024-W17,alpha101/alpha_080,0.00601,0.4115,34,0
week,2024-W17,gtja191/alpha_037,0.00594,0.4017,35,0
week,2024-W17,gtja191/alpha_006,0.00129,0.3823,36,0
week,2024-W17,alpha101/alpha_016,0.00106,0.3748,37,0
week,2024-W17,alpha101/alpha_069,-0.00264,0.3551,38,0
week,2024-W18,gtja191/alpha_157,0.03982,0.798,1,1
week,2024-W18,alpha101/alpha_080,0.02937,0.7644,2,0
week,2024-W18,gtja191/alpha_092,0.02663,0.7461,3,0
week,2024-W18,gtja191/alpha_006,0.01547,0.7096,4,0
week,2024-W18,qlib158/vsumn20,0.01694,0.7072,5,0
week,2024-W18,qlib158/cntn5,0.01734,0.7045,6,0
week,2024-W18,alpha101/alpha_055,0.01064,0.6887,7,0
week,2024-W18,alpha101/alpha_002,0.00158,0.6437,8,0
week,2024-W18,gtja191/alpha_090,-0.00487,0.6136,9,0
week,2024-W18,gtja191/alpha_016,0.00151,0.6101,10,0
week,2024-W18,gtja191/alpha_048,-0.00587,0.6068,11,0
week,2024-W18,alpha101/alpha_004,-0.00706,0.5881,12,0
week,2024-W18,alpha101/alpha_027,-0.01019,0.581,13,0
week,2024-W18,alpha101/alpha_069,-0.00872,0.5616,14,0
week,2024-W18,gtja191/alpha_001,-0.01323,0.5469,15,0
week,2024-W18,qlib158/vsumn5,-0.0166,0.5419,16,0
week,2024-W18,gtja191/alpha_026,-0.01611,0.5339,17,0
week,2024-W18,qlib158/vma60,-0.01647,0.5338,18,0
week,2024-W18,gtja191/alpha_037,-0.01414,0.5304,19,0
week,2024-W18,qlib158/vsumn60,-0.01757,0.5227,20,0
week,2024-W18,gtja191/alpha_025,-0.01921,0.505,21,0
week,2024-W18,gtja191/alpha_168,-0.02519,0.4952,22,0
week,2024-W18,alpha101/alpha_088,-0.02467,0.4889,23,0
week,2024-W18,alpha101/alpha_067,-0.02527,0.4879,24,0
week,2024-W18,qlib158/min10,-0.02527,0.4714,25,0
week,2024-W18,alpha101/alpha_026,-0.03018,0.462,26,0
week,2024-W18,qlib158/vsumn30,-0.02872,0.4592,27,0
week,2024-W18,gtja191/alpha_008,-0.0321,0.4417,28,0
week,2024-W18,alpha101/alpha_044,-0.0366,0.4219,29,0
week,2024-W18,alpha101/alpha_024,-0.03461,0.4208,30,0
week,2024-W18,alpha101/alpha_084,-0.03556,0.4194,31,0
week,2024-W18,gtja191/alpha_041,-0.03576,0.4187,32,0
week,2024-W18,qlib158/vma10,-0.04256,0.4063,33,0
week,2024-W18,alpha101/alpha_015,-0.03938,0.4005,34,0
week,2024-W18,alpha101/alpha_016,-0.0424,0.3942,35,0
week,2024-W18,alpha101/alpha_023,-0.04081,0.3884,36,0
week,2024-W18,qlib158/ma10,-0.06346,0.26,37,0
week,2024-W18,alpha101/alpha_019,-0.08106,0.1778,38,0
week,2024-W19,gtja191/alpha_006,0.00716,0.8445,1,1
week,2024-W19,alpha101/alpha_027,-0.00529,0.8115,2,0
week,2024-W19,alpha101/alpha_080,-0.01953,0.7753,3,0
week,2024-W19,gtja191/alpha_037,-0.02418,0.752,4,0
week,2024-W19,alpha101/alpha_004,-0.02247,0.7472,5,0
week,2024-W19,alpha101/alpha_023,-0.03052,0.7255,6,0
week,2024-W19,alpha101/alpha_002,-0.04361,0.6972,7,0
week,2024-W19,gtja191/alpha_092,-0.04259,0.6967,8,0
week,2024-W19,qlib158/vma10,-0.0321,0.6952,9,0
week,2024-W19,alpha101/alpha_044,-0.04141,0.6692,10,0
week,2024-W19,gtja191/alpha_008,-0.04288,0.6529,11,0
week,2024-W19,alpha101/alpha_088,-0.05423,0.6505,12,0
week,2024-W19,gtja191/alpha_001,-0.05157,0.6377,13,0
week,2024-W19,gtja191/alpha_026,-0.05298,0.6365,14,0
week,2024-W19,gtja191/alpha_025,-0.05702,0.6321,15,0
week,2024-W19,qlib158/min10,-0.05559,0.6296,16,0
week,2024-W19,qlib158/cntn5,-0.05352,0.6225,17,0
week,2024-W19,gtja191/alpha_041,-0.05702,0.6209,18,0
week,2024-W19,alpha101/alpha_067,-0.05893,0.6192,19,0
week,2024-W19,gtja191/alpha_090,-0.05547,0.6045,20,0
week,2024-W19,alpha101/alpha_019,-0.06514,0.5943,21,0
week,2024-W19,alpha101/alpha_084,-0.0633,0.5917,22,0
week,2024-W19,gtja191/alpha_048,-0.06652,0.5877,23,0
week,2024-W19,alpha101/alpha_069,-0.06725,0.5808,24,0
week,2024-W19,qlib158/vsumn60,-0.06625,0.5772,25,0
week,2024-W19,alpha101/alpha_015,-0.05279,0.569,26,0
week,2024-W19,alpha101/alpha_024,-0.06531,0.5647,27,0
week,2024-W19,alpha101/alpha_055,-0.0735,0.5601,28,0
week,2024-W19,qlib158/vsumn5,-0.07348,0.5545,29,0
week,2024-W19,gtja191/alpha_157,-0.07464,0.5355,30,0
week,2024-W19,gtja191/alpha_168,-0.07677,0.5186,31,0
week,2024-W19,qlib158/vma60,-0.08331,0.5065,32,0
week,2024-W19,alpha101/alpha_016,-0.08129,0.5022,33,0
week,2024-W19,qlib158/ma10,-0.0883,0.466,34,0
week,2024-W19,qlib158/vsumn30,-0.09847,0.4201,35,0
week,2024-W19,alpha101/alpha_026,-0.0988,0.4156,36,0
week,2024-W19,qlib158/vsumn20,-0.1015,0.3856,37,0
week,2024-W19,gtja191/alpha_016,-0.12688,0.2709,38,0
week,2024-W20,gtja191/alpha_037,-0.01362,0.7624,1,1
week,2024-W20,alpha101/alpha_069,-0.02026,0.7527,2,0
week,2024-W20,gtja191/alpha_025,-0.02213,0.7511,3,0
week,2024-W20,alpha101/alpha_024,-0.02585,0.7361,4,0
week,2024-W20,alpha101/alpha_027,-0.02987,0.7323,5,0
week,2024-W20,gtja191/alpha_092,-0.03051,0.7233,6,0
week,2024-W20,gtja191/alpha_041,-0.02848,0.7166,7,0
week,2024-W20,gtja191/alpha_157,-0.02988,0.7159,8,0
week,2024-W20,alpha101/alpha_023,-0.03866,0.6865,9,0
week,2024-W20,gtja191/alpha_026,-0.04113,0.6733,10,0
week,2024-W20,gtja191/alpha_048,-0.04632,0.66,11,0
week,2024-W20,gtja191/alpha_006,-0.04562,0.657,12,0
week,2024-W20,alpha101/alpha_067,-0.04587,0.655,13,0
week,2024-W20,alpha101/alpha_015,-0.04814,0.6517,14,0
week,2024-W20,alpha101/alpha_084,-0.04908,0.6429,15,0
week,2024-W20,alpha101/alpha_044,-0.04682,0.638,16,0
week,2024-W20,gtja191/alpha_008,-0.05467,0.6151,17,0
week,2024-W20,qlib158/vma60,-0.05639,0.615,18,0
week,2024-W20,alpha101/alpha_002,-0.04926,0.6101,19,0
week,2024-W20,gtja191/alpha_001,-0.0567,0.6039,20,0
week,2024-W20,alpha101/alpha_080,-0.05403,0.6023,21,0
week,2024-W20,qlib158/vma10,-0.05726,0.5953,22,0
week,2024-W20,gtja191/alpha_168,-0.06001,0.5898,23,0
week,2024-W20,qlib158/vsumn30,-0.06704,0.5564,24,0
week,2024-W20,alpha101/alpha_019,-0.06888,0.5515,25,0
week,2024-W20,qlib158/vsumn60,-0.06514,0.5457,26,0
week,2024-W20,gtja191/alpha_016,-0.06293,0.539,27,0
week,2024-W20,alpha101/alpha_026,-0.07362,0.5165,28,0
week,2024-W20,alpha101/alpha_055,-0.07366,0.5147,29,0
week,2024-W20,alpha101/alpha_004,-0.07604,0.4943,30,0
week,2024-W20,gtja191/alpha_090,-0.07884,0.4874,31,0
week,2024-W20,alpha101/alpha_016,-0.06806,0.4802,32,0
week,2024-W20,alpha101/alpha_088,-0.08173,0.4656,33,0
week,2024-W20,qlib158/min10,-0.09383,0.4567,34,0
week,2024-W20,qlib158/vsumn20,-0.08918,0.4257,35,0
week,2024-W20,qlib158/ma10,-0.11071,0.4086,36,0
week,2024-W20,qlib158/vsumn5,-0.09226,0.4014,37,0
week,2024-W20,qlib158/cntn5,-0.10361,0.3303,38,0
week,2024-W21,alpha101/alpha_024,-0.00187,0.8051,1,1
week,2024-W21,gtja191/alpha_006,-0.02201,0.7835,2,0
week,2024-W21,gtja191/alpha_026,-0.03233,0.7532,3,0
week,2024-W21,gtja191/alpha_092,-0.0362,0.7427,4,0
week,2024-W21,gtja191/alpha_008,-0.03625,0.7327,5,0
week,2024-W21,alpha101/alpha_027,-0.03817,0.7323,6,0
week,2024-W21,alpha101/alpha_080,-0.037,0.7139,7,0
week,2024-W21,alpha101/alpha_084,-0.04307,0.7069,8,0
week,2024-W21,gtja191/alpha_037,-0.05089,0.6873,9,0
week,2024-W21,alpha101/alpha_002,-0.0544,0.6681,10,0
week,2024-W21,gtja191/alpha_025,-0.05709,0.6624,11,0
week,2024-W21,gtja191/alpha_157,-0.05373,0.6592,12,0
week,2024-W21,qlib158/vsumn60,-0.04383,0.6565,13,0
week,2024-W21,alpha101/alpha_015,-0.05694,0.6499,14,0
week,2024-W21,alpha101/alpha_004,-0.05972,0.6457,15,0
week,2024-W21,alpha101/alpha_023,-0.06021,0.6387,16,0
week,2024-W21,alpha101/alpha_026,-0.05487,0.6227,17,0
week,2024-W21,alpha101/alpha_069,-0.06027,0.6205,18,0
week,2024-W21,alpha101/alpha_019,-0.06749,0.6176,19,0
week,2024-W21,gtja191/alpha_048,-0.06699,0.6138,20,0
week,2024-W21,qlib158/cntn5,-0.0724,0.5892,21,0
week,2024-W21,alpha101/alpha_044,-0.06662,0.5876,22,0
week,2024-W21,gtja191/alpha_041,-0.0706,0.5864,23,0
week,2024-W21,alpha101/alpha_055,-0.07524,0.5701,24,0
week,2024-W21,qlib158/vsumn30,-0.07038,0.5639,25,0
week,2024-W21,alpha101/alpha_067,-0.07955,0.538,26,0
week,2024-W21,gtja191/alpha_016,-0.08226,0.5338,27,0
week,2024-W21,qlib158/vsumn5,-0.0849,0.5275,28,0
week,2024-W21,qlib158/vma60,-0.0859,0.5112,29,0
week,2024-W21,alpha101/alpha_088,-0.08792,0.5091,30,0
week,2024-W21,gtja191/alpha_168,-0.08854,0.5074,31,0
week,2024-W21,qlib158/vsumn20,-0.08776,0.4977,32,0
week,2024-W21,gtja191/alpha_001,-0.09618,0.4619,33,0
week,2024-W21,qlib158/min10,-0.12165,0.3757,34,0
week,2024-W21,gtja191/alpha_090,-0.11159,0.375,35,0
week,2024-W21,qlib158/vma10,-0.14712,0.2223,36,0
week,2024-W21,alpha101/alpha_016,-0.14879,0.2107,37,0
week,2024-W21,qlib158/ma10,-0.17858,0.1085,38,0
week,2024-W22,alpha101/alpha_027,-0.0458,0.7273,1,1
week,2024-W22,gtja191/alpha_006,-0.04876,0.7182,2,0
week,2024-W22,qlib158/vsumn60,-0.03402,0.7108,3,0
week,2024-W22,alpha101/alpha_024,-0.0387,0.7085,4,0
week,2024-W22,gtja191/alpha_037,-0.0574,0.6835,5,0
week,2024-W22,gtja191/alpha_016,-0.06209,0.6347,6,0
week,2024-W22,alpha101/alpha_002,-0.06458,0.6283,7,0
week,2024-W22,qlib158/vsumn30,-0.06643,0.627,8,0
week,2024-W22,gtja191/alpha_008,-0.06901,0.6188,9,0
week,2024-W22,alpha101/alpha_026,-0.06997,0.618,10,0
week,2024-W22,qlib158/vsumn20,-0.06858,0.6177,11,0
week,2024-W22,alpha101/alpha_055,-0.07279,0.5979,12,0
week,2024-W22,alpha101/alpha_023,-0.07475,0.5871,13,0
week,2024-W22,alpha101/alpha_067,-0.06969,0.5575,14,0
week,2024-W22,alpha101/alpha_069,-0.08011,0.5545,15,0
week,2024-W22,alpha101/alpha_088,-0.08206,0.552,16,0
week,2024-W22,alpha101/alpha_019,-0.08191,0.5459,17,0
week,2024-W22,gtja191/alpha_041,-0.0819,0.5408,18,0
week,2024-W22,gtja191/alpha_026,-0.08463,0.535,19,0
week,2024-W22,gtja191/alpha_090,-0.08354,0.5282,20,0
week,2024-W22,gtja191/alpha_157,-0.08539,0.5246,21,0
week,2024-W22,alpha101/alpha_004,-0.08668,0.5202,22,0
week,2024-W22,alpha101/alpha_080,-0.08771,0.5139,23,0
week,2024-W22,alpha101/alpha_044,-0.08854,0.5101,24,0
week,2024-W22,gtja191/alpha_092,-0.08878,0.5076,25,0
week,2024-W22,qlib158/vsumn5,-0.0926,0.4866,26,0
week,2024-W22,gtja191/alpha_001,-0.09357,0.4754,27,0
week,2024-W22,qlib158/vma60,-0.09513,0.4665,28,0
week,2024-W22,alpha101/alpha_084,-0.09605,0.4663,29,0
week,2024-W22,alpha101/alpha_015,-0.09933,0.4538,30,0
week,2024-W22,gtja191/alpha_048,-0.09771,0.4512,31,0
week,2024-W22,gtja191/alpha_168,-0.10472,0.4139,32,0
week,2024-W22,gtja191/alpha_025,-0.10424,0.4115,33,0
week,2024-W22,qlib158/min10,-0.10994,0.3998,34,0
week,2024-W22,qlib158/cntn5,-0.12098,0.3196,35,0
week,2024-W22,alpha101/alpha_016,-0.12744,0.2932,36,0
week,2024-W22,qlib158/vma10,-0.14752,0.2179,37,0
week,2024-W22,qlib158/ma10,-0.15224,0.1793,38,0
week,2024-W23,alpha101/alpha_027,0.00182,0.8123,1,1
week,2024-W23,gtja191/alpha_006,-0.00551,0.7959,2,0
week,2024-W23,qlib158/ma10,-0.01199,0.7082,3,0
week,2024-W23,qlib158/vsumn60,-0.03022,0.6758,4,0
week,2024-W23,alpha101/alpha_067,-0.03012,0.6664,5,0
week,2024-W23,alpha101/alpha_015,-0.03412,0.6632,6,0
week,2024-W23,gtja191/alpha_016,-0.03405,0.6626,7,0
week,2024-W23,qlib158/cntn5,-0.03707,0.6497,8,0
week,2024-W23,alpha101/alpha_004,-0.03905,0.6453,9,0
week,2024-W23,qlib158/min10,-0.04249,0.6157,10,0
week,2024-W23,alpha101/alpha_026,-0.04097,0.6061,11,0
week,2024-W23,qlib158/vsumn20,-0.04469,0.6047,12,0
week,2024-W23,qlib158/vsumn30,-0.04643,0.6043,13,0
week,2024-W23,alpha101/alpha_016,-0.04638,0.5887,14,0
week,2024-W23,alpha101/alpha_044,-0.04893,0.5829,15,0
week,2024-W23,qlib158/vma60,-0.05025,0.5725,16,0
week,2024-W23,gtja191/alpha_001,-0.05306,0.5511,17,0
week,2024-W23,qlib158/vsumn5,-0.0592,0.5278,18,0
week,2024-W23,alpha101/alpha_019,-0.05782,0.5224,19,0
week,2024-W23,alpha101/alpha_002,-0.05938,0.5174,20,0
week,2024-W23,alpha101/alpha_088,-0.06061,0.5118,21,0
week,2024-W23,alpha101/alpha_080,-0.05996,0.5074,22,0
week,2024-W23,gtja191/alpha_090,-0.06538,0.4731,23,0
week,2024-W23,alpha101/alpha_055,-0.06962,0.4494,24,0
week,2024-W23,gtja191/alpha_157,-0.0687,0.4426,25,0
week,2024-W23,alpha101/alpha_024,-0.06223,0.4403,26,0
week,2024-W23,alpha101/alpha_023,-0.07977,0.4147,27,0
week,2024-W23,gtja191/alpha_092,-0.08186,0.3786,28,0
week,2024-W23,qlib158/vma10,-0.10329,0.294,29,0
week,2024-W23,gtja191/alpha_048,-0.10228,0.2727,30,0
week,2024-W23,alpha101/alpha_069,-0.10176,0.2674,31,0
week,2024-W23,gtja191/alpha_026,-0.11331,0.2312,32,0
week,2024-W23,gtja191/alpha_168,-0.12098,0.2196,33,0
week,2024-W23,alpha101/alpha_084,-0.11753,0.211,34,0
week,2024-W23,gtja191/alpha_008,-0.11568,0.2047,35,0
week,2024-W23,gtja191/alpha_025,-0.12126,0.1888,36,0
week,2024-W23,gtja191/alpha_041,-0.12447,0.1807,37,0
week,2024-W23,gtja191/alpha_037,-0.12879,0.1762,38,0
week,2024-W24,alpha101/alpha_027,0.02752,0.8632,1,1
week,2024-W24,gtja191/alpha_006,0.02227,0.854,2,0
week,2024-W24,qlib158/vma10,-0.01126,0.692,3,0
week,2024-W24,alpha101/alpha_004,-0.02769,0.6731,4,0
week,2024-W24,qlib158/min10,-0.02917,0.6446,5,0
week,2024-W24,qlib158/vsumn5,-0.03337,0.6406,6,0
week,2024-W24,qlib158/ma10,-0.03477,0.6375,7,0
week,2024-W24,alpha101/alpha_002,-0.03021,0.6325,8,0
week,2024-W24,qlib158/vma60,-0.03939,0.6276,9,0
week,2024-W24,gtja191/alpha_016,-0.03936,0.6178,10,0
week,2024-W24,qlib158/vsumn60,-0.03796,0.6118,11,0
week,2024-W24,alpha101/alpha_080,-0.04159,0.6011,12,0
week,2024-W24,qlib158/vsumn20,-0.04452,0.5996,13,0
week,2024-W24,alpha101/alpha_015,-0.04673,0.5689,14,0
week,2024-W24,gtja191/alpha_168,-0.05023,0.5613,15,0
week,2024-W24,alpha101/alpha_026,-0.05484,0.5365,16,0
week,2024-W24,alpha101/alpha_055,-0.05248,0.5359,17,0
week,2024-W24,alpha101/alpha_044,-0.0551,0.5351,18,0
week,2024-W24,alpha101/alpha_016,-0.05714,0.5244,19,0
week,2024-W24,gtja191/alpha_001,-0.05916,0.5072,20,0
week,2024-W24,alpha101/alpha_088,-0.05949,0.506,21,0
week,2024-W24,qlib158/vsumn30,-0.06016,0.5056,22,0
week,2024-W24,alpha101/alpha_023,-0.06529,0.4752,23,0
week,2024-W24,alpha101/alpha_024,-0.05983,0.4732,24,0
week,2024-W24,gtja191/alpha_090,-0.07081,0.4417,25,0
week,2024-W24,alpha101/alpha_067,-0.07071,0.4384,26,0
week,2024-W24,alpha101/alpha_069,-0.07431,0.4221,27,0
week,2024-W24,gtja191/alpha_092,-0.07992,0.4158,28,0
week,2024-W24,alpha101/alpha_019,-0.07523,0.4112,29,0
week,2024-W24,alpha101/alpha_084,-0.08098,0.3862,30,0
week,2024-W24,gtja191/alpha_025,-0.0842,0.368,31,0
week,2024-W24,gtja191/alpha_026,-0.08621,0.3425,32,0
week,2024-W24,gtja191/alpha_037,-0.09129,0.3286,33,0
week,2024-W24,qlib158/cntn5,-0.09124,0.3253,34,0
week,2024-W24,gtja191/alpha_041,-0.09938,0.3125,35,0
week,2024-W24,gtja191/alpha_008,-0.09392,0.303,36,0
week,2024-W24,gtja191/alpha_048,-0.10316,0.2679,37,0
week,2024-W24,gtja191/alpha_157,-0.11744,0.2119,38,0
week,2024-W25,alpha101/alpha_027,0.03888,0.8958,1,1
week,2024-W25,gtja191/alpha_006,0.02978,0.8799,2,0
week,2024-W25,alpha101/alpha_044,-0.01494,0.7475,3,0
week,2024-W25,alpha101/alpha_080,-0.01678,0.744,4,0
week,2024-W25,alpha101/alpha_088,-0.01656,0.7273,5,0
week,2024-W25,alpha101/alpha_004,-0.01901,0.7092,6,0
week,2024-W25,gtja191/alpha_168,-0.02947,0.683,7,0
week,2024-W25,gtja191/alpha_025,-0.03155,0.6777,8,0
week,2024-W25,gtja191/alpha_026,-0.02955,0.6767,9,0
week,2024-W25,qlib158/vsumn30,-0.02753,0.6745,10,0
week,2024-W25,qlib158/vma10,-0.03001,0.6713,11,0
week,2024-W25,alpha101/alpha_084,-0.03112,0.6667,12,0
week,2024-W25,alpha101/alpha_015,-0.03797,0.6455,13,0
week,2024-W25,qlib158/vma60,-0.03859,0.6414,14,0
week,2024-W25,gtja191/alpha_016,-0.03908,0.6239,15,0
week,2024-W25,alpha101/alpha_055,-0.03983,0.6203,16,0
week,2024-W25,qlib158/min10,-0.04215,0.6198,17,0
week,2024-W25,alpha101/alpha_024,-0.04203,0.6172,18,0
week,2024-W25,gtja191/alpha_008,-0.0454,0.6018,19,0
week,2024-W25,alpha101/alpha_026,-0.04436,0.6012,20,0
week,2024-W25,alpha101/alpha_023,-0.0458,0.5995,21,0
week,2024-W25,gtja191/alpha_001,-0.04849,0.5859,22,0
week,2024-W25,gtja191/alpha_037,-0.04886,0.5712,23,0
week,2024-W25,qlib158/vsumn20,-0.05074,0.5699,24,0
week,2024-W25,qlib158/cntn5,-0.05266,0.5683,25,0
week,2024-W25,gtja191/alpha_048,-0.05416,0.5563,26,0
week,2024-W25,gtja191/alpha_157,-0.05436,0.548,27,0
week,2024-W25,gtja191/alpha_090,-0.0527,0.5445,28,0
week,2024-W25,alpha101/alpha_016,-0.05741,0.5399,29,0
week,2024-W25,alpha101/alpha_069,-0.05968,0.5244,30,0
week,2024-W25,qlib158/vsumn5,-0.06239,0.51,31,0
week,2024-W25,qlib158/vsumn60,-0.06273,0.5051,32,0
week,2024-W25,alpha101/alpha_067,-0.06553,0.4904,33,0
week,2024-W25,gtja191/alpha_041,-0.06784,0.4733,34,0
week,2024-W25,alpha101/alpha_002,-0.07411,0.4442,35,0
week,2024-W25,qlib158/ma10,-0.08651,0.3777,36,0
week,2024-W25,gtja191/alpha_092,-0.08485,0.3769,37,0
week,2024-W25,alpha101/alpha_019,-0.11262,0.2423,38,0
week,2024-W26,qlib158/ma10,0.09352,0.8994,1,1
week,2024-W26,gtja191/alpha_006,0.04421,0.8601,2,0
week,2024-W26,qlib158/min10,0.06613,0.849,3,0
week,2024-W26,alpha101/alpha_027,0.03394,0.8464,4,0
week,2024-W26,alpha101/alpha_088,0.00664,0.759,5,0
week,2024-W26,qlib158/vma10,0.01915,0.7071,6,0
week,2024-W26,qlib158/vma60,-0.00725,0.6855,7,0
week,2024-W26,gtja191/alpha_168,0.01062,0.6743,8,0
week,2024-W26,alpha101/alpha_084,-0.01177,0.6731,9,0
week,2024-W26,gtja191/alpha_016,-0.01224,0.669,10,0
week,2024-W26,alpha101/alpha_069,-0.00678,0.6586,11,0
week,2024-W26,gtja191/alpha_090,-0.01766,0.6407,12,0
week,2024-W26,alpha101/alpha_026,-0.02168,0.6206,13,0
week,2024-W26,gtja191/alpha_037,-0.02017,0.6075,14,0
week,2024-W26,alpha101/alpha_016,-0.02542,0.5983,15,0
week,2024-W26,gtja191/alpha_008,-0.02931,0.581,16,0
week,2024-W26,alpha101/alpha_023,-0.02565,0.5809,17,0
week,2024-W26,qlib158/cntn5,-0.02912,0.5658,18,0
week,2024-W26,alpha101/alpha_044,-0.03246,0.5606,19,0
week,2024-W26,gtja191/alpha_157,-0.02343,0.5597,20,0
week,2024-W26,alpha101/alpha_067,-0.03228,0.5578,21,0
week,2024-W26,qlib158/vsumn30,-0.03258,0.5568,22,0
week,2024-W26,qlib158/vsumn60,-0.03377,0.5514,23,0
week,2024-W26,gtja191/alpha_092,-0.03341,0.5447,24,0
week,2024-W26,qlib158/vsumn20,-0.03514,0.5424,25,0
week,2024-W26,gtja191/alpha_025,-0.03507,0.5419,26,0
week,2024-W26,gtja191/alpha_026,-0.03536,0.539,27,0
week,2024-W26,alpha101/alpha_002,-0.0387,0.5157,28,0
week,2024-W26,alpha101/alpha_024,-0.03747,0.5065,29,0
week,2024-W26,gtja191/alpha_048,-0.04077,0.4992,30,0
week,2024-W26,gtja191/alpha_001,-0.04206,0.4979,31,0
week,2024-W26,alpha101/alpha_004,-0.04291,0.4931,32,0
week,2024-W26,qlib158/vsumn5,-0.04805,0.4607,33,0
week,2024-W26,alpha101/alpha_055,-0.0521,0.439,34,0
week,2024-W26,alpha101/alpha_080,-0.05504,0.4211,35,0
week,2024-W26,alpha101/alpha_015,-0.05561,0.4142,36,0
week,2024-W26,gtja191/alpha_041,-0.06034,0.3935,37,0
week,2024-W26,alpha101/alpha_019,-0.10097,0.1981,38,0
week,2024-W27,gtja191/alpha_168,0.12313,0.8501,1,1
week,2024-W27,qlib158/vma10,0.09681,0.8159,2,0
week,2024-W27,qlib158/min10,0.07135,0.6922,3,0
week,2024-W27,qlib158/ma10,0.03564,0.6834,4,0
week,2024-W27,qlib158/vsumn5,0.02798,0.6783,5,0
week,2024-W27,alpha101/alpha_004,0.01759,0.6591,6,0
week,2024-W27,qlib158/cntn5,0.01284,0.6463,7,0
week,2024-W27,gtja191/alpha_048,0.00443,0.6117,8,0
week,2024-W27,alpha101/alpha_088,0.0024,0.6045,9,0
week,2024-W27,qlib158/vma60,0.00331,0.5897,10,0
week,2024-W27,qlib158/vsumn30,0.00284,0.5872,11,0
week,2024-W27,alpha101/alpha_055,0.00035,0.5867,12,0
week,2024-W27,gtja191/alpha_157,0.00032,0.5839,13,0
week,2024-W27,alpha101/alpha_016,0.01541,0.5815,14,0
week,2024-W27,gtja191/alpha_090,-0.00543,0.5525,15,0
week,2024-W27,gtja191/alpha_001,-0.00087,0.5519,16,0
week,2024-W27,alpha101/alpha_084,-0.00769,0.5351,17,0
week,2024-W27,alpha101/alpha_080,-0.00456,0.5223,18,0
week,2024-W27,alpha101/alpha_027,-0.00784,0.5094,19,0
week,2024-W27,gtja191/alpha_008,-0.01136,0.5082,20,0
week,2024-W27,alpha101/alpha_044,-0.0108,0.5054,21,0
week,2024-W27,alpha101/alpha_026,-0.01182,0.5043,22,0
week,2024-W27,alpha101/alpha_002,-0.01237,0.5031,23,0
week,2024-W27,gtja191/alpha_026,-0.01309,0.501,24,0
week,2024-W27,alpha101/alpha_067,-0.01325,0.5007,25,0
week,2024-W27,alpha101/alpha_069,-0.01559,0.4877,26,0
week,2024-W27,gtja191/alpha_037,-0.01573,0.4876,27,0
week,2024-W27,gtja191/alpha_006,-0.01769,0.48,28,0
week,2024-W27,gtja191/alpha_092,-0.0168,0.4779,29,0
week,2024-W27,qlib158/vsumn60,-0.01606,0.477,30,0
week,2024-W27,alpha101/alpha_015,-0.01965,0.4597,31,0
week,2024-W27,gtja191/alpha_025,-0.02462,0.4351,32,0
week,2024-W27,qlib158/vsumn20,-0.02303,0.4334,33,0
week,2024-W27,gtja191/alpha_041,-0.03041,0.388,34,0
week,2024-W27,alpha101/alpha_019,-0.0334,0.3775,35,0
week,2024-W27,alpha101/alpha_023,-0.03391,0.3734,36,0
week,2024-W27,gtja191/alpha_016,-0.03272,0.371,37,0
week,2024-W27,alpha101/alpha_024,-0.03942,0.3301,38,0
week,2024-W28,gtja191/alpha_168,0.19372,0.9689,1,1
week,2024-W28,qlib158/vma10,0.16029,0.9237,2,0
week,2024-W28,qlib158/vsumn5,0.04494,0.726,3,0
week,2024-W28,gtja191/alpha_090,0.03028,0.6613,4,0
week,2024-W28,qlib158/vsumn60,0.02603,0.6494,5,0
week,2024-W28,qlib158/vma60,0.01849,0.6047,6,0
week,2024-W28,gtja191/alpha_001,0.0188,0.6036,7,0
week,2024-W28,gtja191/alpha_041,0.01321,0.5731,8,0
week,2024-W28,alpha101/alpha_069,0.01186,0.5628,9,0
week,2024-W28,qlib158/vsumn30,0.01161,0.5588,10,0
week,2024-W28,alpha101/alpha_088,0.00915,0.552,11,0
week,2024-W28,gtja191/alpha_092,0.00776,0.5371,12,0
week,2024-W28,alpha101/alpha_080,0.00521,0.5296,13,0
week,2024-W28,alpha101/alpha_055,0.00413,0.5275,14,0
week,2024-W28,gtja191/alpha_025,0.0046,0.5255,15,0
week,2024-W28,qlib158/vsumn20,0.0031,0.5132,16,0
week,2024-W28,alpha101/alpha_016,0.00235,0.5131,17,0
week,2024-W28,alpha101/alpha_015,-0.0003,0.4957,18,0
week,2024-W28,gtja191/alpha_048,-0.00555,0.4954,19,0
week,2024-W28,gtja191/alpha_157,-0.00392,0.4785,20,0
week,2024-W28,alpha101/alpha_026,-0.00536,0.4779,21,0
week,2024-W28,alpha101/alpha_044,-0.00734,0.459,22,0
week,2024-W28,qlib158/min10,-0.01389,0.4408,23,0
week,2024-W28,alpha101/alpha_067,-0.01403,0.4226,24,0
week,2024-W28,alpha101/alpha_002,-0.01593,0.4121,25,0
week,2024-W28,gtja191/alpha_016,-0.01905,0.4101,26,0
week,2024-W28,alpha101/alpha_027,-0.02333,0.385,27,0
week,2024-W28,alpha101/alpha_004,-0.02365,0.3835,28,0
week,2024-W28,qlib158/ma10,-0.02446,0.379,29,0
week,2024-W28,alpha101/alpha_024,-0.0305,0.3766,30,0
week,2024-W28,gtja191/alpha_008,-0.02478,0.3691,31,0
week,2024-W28,qlib158/cntn5,-0.03032,0.3453,32,0
week,2024-W28,alpha101/alpha_019,-0.03365,0.3305,33,0
week,2024-W28,gtja191/alpha_006,-0.03268,0.3292,34,0
week,2024-W28,gtja191/alpha_026,-0.03741,0.3127,35,0
week,2024-W28,alpha101/alpha_084,-0.04033,0.2954,36,0
week,2024-W28,gtja191/alpha_037,-0.05021,0.2575,37,0
week,2024-W28,alpha101/alpha_023,-0.06719,0.2263,38,0
week,2024-W29,gtja191/alpha_168,0.11355,0.9162,1,1
week,2024-W29,qlib158/vma10,0.0636,0.8264,2,0
week,2024-W29,qlib158/vma60,0.03504,0.7071,3,0
week,2024-W29,qlib158/vsumn30,0.03237,0.6876,4,0
week,2024-W29,qlib158/vsumn60,0.02315,0.6506,5,0
week,2024-W29,alpha101/alpha_002,0.02349,0.6432,6,0
week,2024-W29,gtja191/alpha_090,0.02874,0.6141,7,0
week,2024-W29,alpha101/alpha_055,0.01925,0.608,8,0
week,2024-W29,qlib158/vsumn5,0.01311,0.5945,9,0
week,2024-W29,alpha101/alpha_088,0.01224,0.592,10,0
week,2024-W29,qlib158/vsumn20,0.01019,0.5794,11,0
week,2024-W29,alpha101/alpha_044,0.00801,0.5595,12,0
week,2024-W29,gtja191/alpha_092,0.00818,0.5587,13,0
week,2024-W29,alpha101/alpha_015,0.00569,0.5568,14,0
week,2024-W29,qlib158/min10,0.002,0.5313,15,0
week,2024-W29,alpha101/alpha_016,0.00085,0.5297,16,0
week,2024-W29,alpha101/alpha_026,0.00078,0.5282,17,0
week,2024-W29,gtja191/alpha_048,-0.00227,0.5176,18,0
week,2024-W29,qlib158/ma10,-0.0076,0.4807,19,0
week,2024-W29,alpha101/alpha_004,-0.00968,0.4693,20,0
week,2024-W29,alpha101/alpha_080,-0.00903,0.4692,21,0
week,2024-W29,gtja191/alpha_006,-0.01084,0.4633,22,0
week,2024-W29,qlib158/cntn5,-0.01667,0.4293,23,0
week,2024-W29,gtja191/alpha_016,-0.01987,0.4118,24,0
week,2024-W29,alpha101/alpha_027,-0.02156,0.4018,25,0
week,2024-W29,gtja191/alpha_001,-0.02609,0.3801,26,0
week,2024-W29,alpha101/alpha_067,-0.03274,0.3512,27,0
week,2024-W29,gtja191/alpha_157,-0.04109,0.314,28,0
week,2024-W29,alpha101/alpha_069,-0.04745,0.2862,29,0
week,2024-W29,alpha101/alpha_019,-0.0552,0.2449,30,0
week,2024-W29,gtja191/alpha_041,-0.0614,0.2316,31,0
week,2024-W29,alpha101/alpha_023,-0.07013,0.2166,32,0
week,2024-W29,gtja191/alpha_025,-0.06415,0.2144,33,0
week,2024-W29,alpha101/alpha_084,-0.07644,0.182,34,0
week,2024-W29,gtja191/alpha_008,-0.08708,0.1469,35,0
week,2024-W29,gtja191/alpha_037,-0.09272,0.1329,36,0
week,2024-W29,gtja191/alpha_026,-0.09433,0.1295,37,0
week,2024-W29,alpha101/alpha_024,-0.1005,0.1085,38,0
week,2024-W30,gtja191/alpha_168,0.07296,0.8828,1,1
week,2024-W30,qlib158/vma10,0.04077,0.7751,2,0
week,2024-W30,qlib158/vsumn30,0.0213,0.6878,3,0
week,2024-W30,qlib158/vsumn20,0.01752,0.6528,4,0
week,2024-W30,qlib158/vsumn5,0.00922,0.6391,5,0
week,2024-W30,alpha101/alpha_044,0.00441,0.6293,6,0
week,2024-W30,gtja191/alpha_016,0.00142,0.6088,7,0
week,2024-W30,qlib158/vma60,0.00019,0.6014,8,0
week,2024-W30,gtja191/alpha_001,-0.00031,0.6001,9,0
week,2024-W30,alpha101/alpha_088,-0.00157,0.5914,10,0
week,2024-W30,alpha101/alpha_015,-0.00676,0.5673,11,0
week,2024-W30,alpha101/alpha_027,-0.00734,0.5567,12,0
week,2024-W30,alpha101/alpha_016,-0.00504,0.5557,13,0
week,2024-W30,qlib158/min10,-0.00678,0.5522,14,0
week,2024-W30,qlib158/ma10,-0.00888,0.5496,15,0
week,2024-W30,qlib158/vsumn60,-0.0093,0.5441,16,0
week,2024-W30,alpha101/alpha_002,-0.01085,0.5396,17,0
week,2024-W30,gtja191/alpha_090,-0.01106,0.5267,18,0
week,2024-W30,alpha101/alpha_080,-0.01412,0.517,19,0
week,2024-W30,alpha101/alpha_026,-0.01373,0.5165,20,0
week,2024-W30,gtja191/alpha_006,-0.01385,0.5087,21,0
week,2024-W30,alpha101/alpha_055,-0.01778,0.4938,22,0
week,2024-W30,alpha101/alpha_004,-0.02383,0.4625,23,0
week,2024-W30,alpha101/alpha_067,-0.02612,0.4404,24,0
week,2024-W30,gtja191/alpha_048,-0.02655,0.4353,25,0
week,2024-W30,qlib158/cntn5,-0.03602,0.3904,26,0
week,2024-W30,alpha101/alpha_024,-0.03915,0.3804,27,0
week,2024-W30,gtja191/alpha_037,-0.0411,0.3799,28,0
week,2024-W30,gtja191/alpha_026,-0.0467,0.3356,29,0
week,2024-W30,gtja191/alpha_025,-0.04771,0.3287,30,0
week,2024-W30,alpha101/alpha_084,-0.0501,0.3221,31,0
week,2024-W30,gtja191/alpha_008,-0.05321,0.314,32,0
week,2024-W30,gtja191/alpha_157,-0.05329,0.3032,33,0
week,2024-W30,alpha101/alpha_069,-0.05605,0.2797,34,0
week,2024-W30,gtja191/alpha_041,-0.06203,0.2642,35,0
week,2024-W30,gtja191/alpha_092,-0.06378,0.2528,36,0
week,2024-W30,alpha101/alpha_023,-0.06116,0.249,37,0
week,2024-W30,alpha101/alpha_019,-0.08279,0.19,38,0
week,2024-W31,qlib158/vma10,0.01535,0.7856,1,1
week,2024-W31,gtja191/alpha_026,-0.0059,0.7399,2,0
week,2024-W31,alpha101/alpha_024,-0.01263,0.7087,3,0
week,2024-W31,alpha101/alpha_055,-0.01539,0.6994,4,0
week,2024-W31,gtja191/alpha_001,-0.01531,0.693,5,0
week,2024-W31,alpha101/alpha_044,-0.0126,0.6849,6,0
week,2024-W31,qlib158/vma60,-0.00599,0.6757,7,0
week,2024-W31,gtja191/alpha_008,-0.02198,0.6617,8,0
week,2024-W31,gtja191/alpha_037,-0.02167,0.6569,9,0
week,2024-W31,alpha101/alpha_067,-0.02547,0.6423,10,0
week,2024-W31,gtja191/alpha_025,-0.02589,0.6406,11,0
week,2024-W31,gtja191/alpha_016,-0.02592,0.6369,12,0
week,2024-W31,alpha101/alpha_002,-0.02571,0.6317,13,0
week,2024-W31,alpha101/alpha_084,-0.03078,0.6063,14,0
week,2024-W31,qlib158/vsumn30,-0.03091,0.6015,15,0
week,2024-W31,gtja191/alpha_006,-0.03265,0.589,16,0
week,2024-W31,alpha101/alpha_026,-0.03554,0.5832,17,0
week,2024-W31,gtja191/alpha_168,-0.01634,0.581,18,0
week,2024-W31,alpha101/alpha_015,-0.03563,0.5801,19,0
week,2024-W31,alpha101/alpha_027,-0.03724,0.5658,20,0
week,2024-W31,gtja191/alpha_041,-0.03839,0.5639,21,0
week,2024-W31,alpha101/alpha_080,-0.03877,0.5602,22,0
week,2024-W31,qlib158/cntn5,-0.04097,0.5466,23,0
week,2024-W31,qlib158/vsumn20,-0.04218,0.5371,24,0
week,2024-W31,gtja191/alpha_090,-0.04258,0.5336,25,0
week,2024-W31,qlib158/vsumn60,-0.04295,0.5321,26,0
week,2024-W31,qlib158/min10,-0.04032,0.5266,27,0
week,2024-W31,alpha101/alpha_069,-0.04734,0.5119,28,0
week,2024-W31,alpha101/alpha_088,-0.04888,0.4948,29,0
week,2024-W31,gtja191/alpha_048,-0.0542,0.4618,30,0
week,2024-W31,gtja191/alpha_092,-0.05556,0.4606,31,0
week,2024-W31,alpha101/alpha_004,-0.05387,0.4601,32,0
week,2024-W31,gtja191/alpha_157,-0.05579,0.4517,33,0
week,2024-W31,qlib158/vsumn5,-0.05931,0.4319,34,0
week,2024-W31,alpha101/alpha_016,-0.06593,0.3958,35,0
week,2024-W31,qlib158/ma10,-0.07656,0.3351,36,0
week,2024-W31,alpha101/alpha_023,-0.0871,0.308,37,0
week,2024-W31,alpha101/alpha_019,-0.08385,0.3013,38,0
week,2024-W32,qlib158/vma10,0.04195,0.8253,1,1
week,2024-W32,qlib158/vsumn20,0.03945,0.8087,2,0
week,2024-W32,gtja191/alpha_168,0.03913,0.8025,3,0
week,2024-W32,qlib158/vma60,0.04199,0.7798,4,0
week,2024-W32,alpha101/alpha_015,0.01445,0.7398,5,0
week,2024-W32,alpha101/alpha_055,0.00598,0.6867,6,0
week,2024-W32,qlib158/vsumn30,0.0002,0.6678,7,0
week,2024-W32,gtja191/alpha_016,-0.00512,0.6652,8,0
week,2024-W32,gtja191/alpha_001,-0.00568,0.6529,9,0
week,2024-W32,gtja191/alpha_048,-0.0076,0.6528,10,0
week,2024-W32,gtja191/alpha_157,-0.00793,0.6432,11,0
week,2024-W32,gtja191/alpha_041,-0.01392,0.6206,12,0
week,2024-W32,alpha101/alpha_027,-0.0152,0.6125,13,0
week,2024-W32,alpha101/alpha_044,-0.01581,0.6041,14,0
week,2024-W32,alpha101/alpha_069,-0.02033,0.585,15,0
week,2024-W32,alpha101/alpha_002,-0.01955,0.5839,16,0
week,2024-W32,qlib158/vsumn60,-0.0212,0.5782,17,0
week,2024-W32,alpha101/alpha_088,-0.02277,0.5682,18,0
week,2024-W32,alpha101/alpha_067,-0.02358,0.564,19,0
week,2024-W32,alpha101/alpha_026,-0.02389,0.5633,20,0
week,2024-W32,gtja191/alpha_006,-0.0269,0.5463,21,0
week,2024-W32,alpha101/alpha_016,-0.02396,0.5459,22,0
week,2024-W32,gtja191/alpha_090,-0.02747,0.5435,23,0
week,2024-W32,gtja191/alpha_025,-0.02724,0.5412,24,0
week,2024-W32,gtja191/alpha_008,-0.0283,0.5332,25,0
week,2024-W32,qlib158/min10,-0.03366,0.501,26,0
week,2024-W32,alpha101/alpha_080,-0.03436,0.5009,27,0
week,2024-W32,gtja191/alpha_026,-0.03815,0.4781,28,0
week,2024-W32,alpha101/alpha_084,-0.0439,0.4448,29,0
week,2024-W32,alpha101/alpha_024,-0.04884,0.417,30,0
week,2024-W32,qlib158/cntn5,-0.05066,0.4039,31,0
week,2024-W32,gtja191/alpha_037,-0.0504,0.4026,32,0
week,2024-W32,gtja191/alpha_092,-0.05249,0.3956,33,0
week,2024-W32,qlib158/vsumn5,-0.05487,0.3918,34,0
week,2024-W32,alpha101/alpha_004,-0.05473,0.3832,35,0
week,2024-W32,qlib158/ma10,-0.05677,0.3715,36,0
week,2024-W32,alpha101/alpha_019,-0.05743,0.3671,37,0
week,2024-W32,alpha101/alpha_023,-0.0728,0.2961,38,0
week,2024-W33,qlib158/vma10,0.00523,0.7087,1,1
week,2024-W33,gtja191/alpha_168,0.00148,0.6934,2,0
week,2024-W33,qlib158/vsumn30,-0.01016,0.6749,3,0
week,2024-W33,alpha101/alpha_015,-0.01324,0.6574,4,0
week,2024-W33,gtja191/alpha_090,-0.01146,0.652,5,0
week,2024-W33,gtja191/alpha_048,-0.01785,0.6424,6,0
week,2024-W33,alpha101/alpha_026,-0.02459,0.6142,7,0
week,2024-W33,alpha101/alpha_044,-0.02626,0.6024,8,0
week,2024-W33,alpha101/alpha_024,-0.02685,0.5755,9,0
week,2024-W33,alpha101/alpha_004,-0.03229,0.5614,10,0
week,2024-W33,qlib158/ma10,-0.03461,0.5534,11,0
week,2024-W33,alpha101/alpha_019,-0.03437,0.5523,12,0
week,2024-W33,alpha101/alpha_002,-0.0356,0.5507,13,0
week,2024-W33,gtja191/alpha_016,-0.03664,0.5469,14,0
week,2024-W33,alpha101/alpha_055,-0.03722,0.5422,15,0
week,2024-W33,qlib158/min10,-0.02148,0.5376,16,0
week,2024-W33,gtja191/alpha_001,-0.03913,0.523,17,0
week,2024-W33,qlib158/vsumn60,-0.03874,0.5224,18,0
week,2024-W33,qlib158/vsumn5,-0.04064,0.5204,19,0
week,2024-W33,qlib158/vsumn20,-0.04052,0.5105,20,0
week,2024-W33,gtja191/alpha_025,-0.04418,0.5001,21,0
week,2024-W33,alpha101/alpha_027,-0.04386,0.4979,22,0
week,2024-W33,alpha101/alpha_084,-0.04583,0.4912,23,0
week,2024-W33,alpha101/alpha_067,-0.04542,0.4863,24,0
week,2024-W33,alpha101/alpha_016,-0.04848,0.4778,25,0
week,2024-W33,qlib158/cntn5,-0.0485,0.4725,26,0
week,2024-W33,gtja191/alpha_092,-0.05129,0.4588,27,0
week,2024-W33,alpha101/alpha_088,-0.05071,0.4586,28,0
week,2024-W33,qlib158/vma60,-0.05195,0.4537,29,0
week,2024-W33,gtja191/alpha_037,-0.05578,0.4339,30,0
week,2024-W33,gtja191/alpha_006,-0.05883,0.4124,31,0
week,2024-W33,alpha101/alpha_080,-0.06102,0.3992,32,0
week,2024-W33,alpha101/alpha_069,-0.06086,0.3971,33,0
week,2024-W33,gtja191/alpha_008,-0.06708,0.3671,34,0
week,2024-W33,gtja191/alpha_157,-0.06776,0.3603,35,0
week,2024-W33,gtja191/alpha_041,-0.06819,0.3544,36,0
week,2024-W33,alpha101/alpha_023,-0.07149,0.3464,37,0
week,2024-W33,gtja191/alpha_026,-0.07405,0.3204,38,0
week,2024-W34,gtja191/alpha_168,0.03287,0.7281,1,1
week,2024-W34,qlib158/vma10,0.02475,0.6907,2,0
week,2024-W34,qlib158/vsumn30,0.01802,0.6703,3,0
week,2024-W34,qlib158/vsumn60,0.01621,0.6629,4,0
week,2024-W34,qlib158/min10,0.01388,0.6436,5,0
week,2024-W34,gtja191/alpha_048,0.00667,0.6154,6,0
week,2024-W34,alpha101/alpha_004,0.0042,0.5957,7,0
week,2024-W34,alpha101/alpha_084,-0.00101,0.5707,8,0
week,2024-W34,alpha101/alpha_026,-7e-05,0.5646,9,0
week,2024-W34,alpha101/alpha_044,0.00206,0.5639,10,0
week,2024-W34,gtja191/alpha_092,-0.00361,0.558,11,0
week,2024-W34,gtja191/alpha_157,-0.00613,0.5401,12,0
week,2024-W34,qlib158/cntn5,-0.00742,0.5373,13,0
week,2024-W34,alpha101/alpha_088,-0.0085,0.5313,14,0
week,2024-W34,gtja191/alpha_026,-0.00893,0.5306,15,0
week,2024-W34,qlib158/vsumn20,-0.00788,0.527,16,0
week,2024-W34,qlib158/ma10,-0.01061,0.5152,17,0
week,2024-W34,qlib158/vsumn5,-0.01119,0.5127,18,0
week,2024-W34,gtja191/alpha_016,-0.01198,0.5105,19,0
week,2024-W34,alpha101/alpha_080,-0.01133,0.5086,20,0
week,2024-W34,gtja191/alpha_008,-0.01364,0.4939,21,0
week,2024-W34,alpha101/alpha_055,-0.01495,0.4919,22,0
week,2024-W34,qlib158/vma60,-0.01547,0.4847,23,0
week,2024-W34,gtja191/alpha_001,-0.01657,0.4843,24,0
week,2024-W34,alpha101/alpha_067,-0.01804,0.474,25,0
week,2024-W34,alpha101/alpha_019,-0.02075,0.4613,26,0
week,2024-W34,gtja191/alpha_006,-0.02295,0.4479,27,0
week,2024-W34,alpha101/alpha_016,-0.02425,0.4381,28,0
week,2024-W34,alpha101/alpha_002,-0.02495,0.4349,29,0
week,2024-W34,alpha101/alpha_015,-0.02891,0.4123,30,0
week,2024-W34,alpha101/alpha_024,-0.03454,0.3802,31,0
week,2024-W34,gtja191/alpha_090,-0.03469,0.3785,32,0
week,2024-W34,alpha101/alpha_069,-0.04329,0.3431,33,0
week,2024-W34,gtja191/alpha_025,-0.04228,0.3392,34,0
week,2024-W34,gtja191/alpha_037,-0.04783,0.314,35,0
week,2024-W34,alpha101/alpha_023,-0.04875,0.3064,36,0
week,2024-W34,gtja191/alpha_041,-0.05144,0.2971,37,0
week,2024-W34,alpha101/alpha_027,-0.05942,0.2484,38,0
week,2024-W35,gtja191/alpha_025,0.27748,0.8234,1,1
week,2024-W35,alpha101/alpha_019,0.23548,0.7594,2,0
week,2024-W35,alpha101/alpha_069,0.23821,0.7439,3,0
week,2024-W35,gtja191/alpha_008,0.2323,0.7413,4,0
week,2024-W35,alpha101/alpha_084,0.21004,0.712,5,0
week,2024-W35,gtja191/alpha_157,0.24607,0.709,6,0
week,2024-W35,gtja191/alpha_026,0.20779,0.6736,7,0
week,2024-W35,qlib158/vsumn30,0.20556,0.661,8,0
week,2024-W35,gtja191/alpha_041,0.21423,0.6562,9,0
week,2024-W35,qlib158/vsumn20,0.18652,0.6201,10,0
week,2024-W35,qlib158/vsumn5,0.19014,0.6178,11,0
week,2024-W35,gtja191/alpha_090,0.17247,0.576,12,0
week,2024-W35,alpha101/alpha_002,0.17584,0.5745,13,0
week,2024-W35,alpha101/alpha_016,0.16804,0.5631,14,0
week,2024-W35,gtja191/alpha_168,0.16206,0.5584,15,0
week,2024-W35,gtja191/alpha_016,0.17698,0.5576,16,0
week,2024-W35,qlib158/vsumn60,0.16378,0.5552,17,0
week,2024-W35,qlib158/ma10,0.16575,0.5519,18,0
week,2024-W35,alpha101/alpha_044,0.16939,0.5448,19,0
week,2024-W35,gtja191/alpha_037,0.1674,0.5349,20,0
week,2024-W35,qlib158/min10,0.16958,0.5241,21,0
week,2024-W35,alpha101/alpha_026,0.15533,0.5169,22,0
week,2024-W35,alpha101/alpha_015,0.16059,0.5131,23,0
week,2024-W35,alpha101/alpha_067,0.15291,0.5105,24,0
week,2024-W35,qlib158/cntn5,0.14945,0.5045,25,0
week,2024-W35,gtja191/alpha_092,0.14996,0.4926,26,0
week,2024-W35,qlib158/vma10,0.13933,0.4802,27,0
week,2024-W35,gtja191/alpha_048,0.14141,0.4608,28,0
week,2024-W35,alpha101/alpha_004,0.14092,0.4595,29,0
week,2024-W35,gtja191/alpha_001,0.14676,0.4513,30,0
week,2024-W35,alpha101/alpha_080,0.13341,0.4391,31,0
week,2024-W35,alpha101/alpha_024,0.14998,0.4348,32,0
week,2024-W35,qlib158/vma60,0.13712,0.41,33,0
week,2024-W35,alpha101/alpha_055,0.12457,0.3426,34,0
week,2024-W35,alpha101/alpha_088,0.11393,0.3289,35,0
week,2024-W35,gtja191/alpha_006,0.1038,0.2636,36,0
week,2024-W35,alpha101/alpha_027,0.09887,0.2477,37,0
week,2024-W35,alpha101/alpha_023,0.0926,0.2247,38,0
week,2024-W36,gtja191/alpha_025,0.36656,0.8817,1,1
week,2024-W36,alpha101/alpha_019,0.34251,0.8553,2,0
week,2024-W36,gtja191/alpha_008,0.30431,0.825,3,0
week,2024-W36,gtja191/alpha_026,0.30524,0.8222,4,0
week,2024-W36,alpha101/alpha_084,0.30397,0.8121,5,0
week,2024-W36,gtja191/alpha_037,0.29633,0.8015,6,0
week,2024-W36,qlib158/ma10,0.31714,0.7893,7,0
week,2024-W36,gtja191/alpha_157,0.26905,0.7698,8,0
week,2024-W36,alpha101/alpha_069,0.26977,0.7617,9,0
week,2024-W36,alpha101/alpha_024,0.28842,0.7541,10,0
week,2024-W36,qlib158/vsumn30,0.24753,0.6771,11,0
week,2024-W36,gtja191/alpha_041,0.25385,0.676,12,0
week,2024-W36,alpha101/alpha_023,0.23232,0.6516,13,0
week,2024-W36,gtja191/alpha_048,0.2185,0.6371,14,0
week,2024-W36,gtja191/alpha_016,0.22028,0.609,15,0
week,2024-W36,alpha101/alpha_055,0.2021,0.5965,16,0
week,2024-W36,alpha101/alpha_067,0.20125,0.5935,17,0
week,2024-W36,gtja191/alpha_001,0.20758,0.5689,18,0
week,2024-W36,alpha101/alpha_044,0.2113,0.5635,19,0
week,2024-W36,qlib158/min10,0.19011,0.541,20,0
week,2024-W36,gtja191/alpha_090,0.19478,0.5359,21,0
week,2024-W36,qlib158/vsumn20,0.18564,0.529,22,0
week,2024-W36,alpha101/alpha_002,0.18543,0.5026,23,0
week,2024-W36,alpha101/alpha_015,0.16366,0.4385,24,0
week,2024-W36,qlib158/vsumn60,0.15561,0.396,25,0
week,2024-W36,qlib158/vsumn5,0.15262,0.3905,26,0
week,2024-W36,alpha101/alpha_088,0.14981,0.3761,27,0
week,2024-W36,qlib158/cntn5,0.14157,0.3443,28,0
week,2024-W36,gtja191/alpha_092,0.13993,0.3378,29,0
week,2024-W36,alpha101/alpha_016,0.13565,0.337,30,0
week,2024-W36,alpha101/alpha_080,0.13477,0.3204,31,0
week,2024-W36,alpha101/alpha_004,0.12077,0.2494,32,0
week,2024-W36,gtja191/alpha_006,0.11116,0.22,33,0
week,2024-W36,alpha101/alpha_026,0.10997,0.2091,34,0
week,2024-W36,qlib158/vma60,0.10776,0.2041,35,0
week,2024-W36,alpha101/alpha_027,0.1005,0.1739,36,0
week,2024-W36,gtja191/alpha_168,0.1,0.1727,37,0
week,2024-W36,qlib158/vma10,0.08018,0.1443,38,0
week,2024-W37,alpha101/alpha_019,0.41849,0.8749,1,1
week,2024-W37,gtja191/alpha_041,0.34256,0.7708,2,0
week,2024-W37,qlib158/ma10,0.32578,0.7683,3,0
week,2024-W37,alpha101/alpha_067,0.31033,0.7556,4,0
week,2024-W37,alpha101/alpha_069,0.32734,0.744,5,0
week,2024-W37,gtja191/alpha_157,0.32386,0.736,6,0
week,2024-W37,qlib158/vma10,0.2657,0.6429,7,0
week,2024-W37,gtja191/alpha_025,0.25404,0.6367,8,0
week,2024-W37,alpha101/alpha_015,0.25959,0.6351,9,0
week,2024-W37,gtja191/alpha_090,0.25885,0.6319,10,0
week,2024-W37,gtja191/alpha_016,0.25894,0.6308,11,0
week,2024-W37,alpha101/alpha_023,0.25415,0.6232,12,0
week,2024-W37,qlib158/vma60,0.24407,0.6045,13,0
week,2024-W37,gtja191/alpha_008,0.23956,0.5957,14,0
week,2024-W37,gtja191/alpha_048,0.25054,0.5949,15,0
week,2024-W37,qlib158/vsumn60,0.25915,0.5913,16,0
week,2024-W37,gtja191/alpha_037,0.24262,0.5805,17,0
week,2024-W37,qlib158/vsumn5,0.24254,0.5774,18,0
week,2024-W37,alpha101/alpha_044,0.24658,0.5713,19,0
week,2024-W37,gtja191/alpha_168,0.22778,0.5531,20,0
week,2024-W37,alpha101/alpha_055,0.23277,0.5453,21,0
week,2024-W37,qlib158/vsumn30,0.21592,0.523,22,0
week,2024-W37,gtja191/alpha_026,0.21449,0.5175,23,0
week,2024-W37,alpha101/alpha_002,0.21541,0.509,24,0
week,2024-W37,qlib158/vsumn20,0.21395,0.5072,25,0
week,2024-W37,gtja191/alpha_001,0.21754,0.5039,26,0
week,2024-W37,alpha101/alpha_084,0.20584,0.4861,27,0
week,2024-W37,alpha101/alpha_024,0.20765,0.4821,28,0
week,2024-W37,alpha101/alpha_016,0.20753,0.4805,29,0
week,2024-W37,gtja191/alpha_092,0.19235,0.4396,30,0
week,2024-W37,qlib158/min10,0.17822,0.3927,31,0
week,2024-W37,alpha101/alpha_026,0.18017,0.3803,32,0
week,2024-W37,alpha101/alpha_080,0.16556,0.3378,33,0
week,2024-W37,alpha101/alpha_004,0.16273,0.3192,34,0
week,2024-W37,alpha101/alpha_088,0.15778,0.3019,35,0
week,2024-W37,qlib158/cntn5,0.15016,0.2793,36,0
week,2024-W37,alpha101/alpha_027,0.1208,0.1684,37,0
week,2024-W37,gtja191/alpha_006,0.11733,0.1534,38,0
week,2024-W38,alpha101/alpha_019,0.39397,0.7469,1,1
week,2024-W38,alpha101/alpha_024,0.36069,0.7146,2,0
week,2024-W38,qlib158/vsumn20,0.37457,0.7121,3,0
week,2024-W38,qlib158/vsumn30,0.33672,0.6804,4,0
week,2024-W38,qlib158/ma10,0.33197,0.6663,5,0
week,2024-W38,qlib158/vsumn60,0.32971,0.6581,6,0
week,2024-W38,alpha101/alpha_016,0.33486,0.6483,7,0
week,2024-W38,gtja191/alpha_025,0.31027,0.6189,8,0
week,2024-W38,gtja191/alpha_048,0.30479,0.6107,9,0
week,2024-W38,gtja191/alpha_041,0.31692,0.6096,10,0
week,2024-W38,alpha101/alpha_026,0.29817,0.5907,11,0
week,2024-W38,gtja191/alpha_026,0.29737,0.5888,12,0
week,2024-W38,gtja191/alpha_168,0.29564,0.583,13,0
week,2024-W38,alpha101/alpha_067,0.29248,0.5807,14,0
week,2024-W38,alpha101/alpha_069,0.30029,0.5731,15,0
week,2024-W38,alpha101/alpha_023,0.303,0.5661,16,0
week,2024-W38,alpha101/alpha_002,0.27738,0.5362,17,0
week,2024-W38,gtja191/alpha_008,0.2768,0.535,18,0
week,2024-W38,alpha101/alpha_044,0.27645,0.5306,19,0
week,2024-W38,qlib158/vsumn5,0.2723,0.5233,20,0
week,2024-W38,gtja191/alpha_092,0.2734,0.5187,21,0
week,2024-W38,qlib158/vma60,0.27203,0.5141,22,0
week,2024-W38,gtja191/alpha_157,0.27667,0.5133,23,0
week,2024-W38,qlib158/vma10,0.26505,0.4989,24,0
week,2024-W38,gtja191/alpha_001,0.26155,0.4915,25,0
week,2024-W38,alpha101/alpha_015,0.26147,0.4848,26,0
week,2024-W38,qlib158/min10,0.2837,0.474,27,0
week,2024-W38,gtja191/alpha_037,0.2487,0.4539,28,0
week,2024-W38,alpha101/alpha_084,0.24723,0.4509,29,0
week,2024-W38,gtja191/alpha_090,0.24616,0.4367,30,0
week,2024-W38,alpha101/alpha_055,0.24547,0.4326,31,0
week,2024-W38,qlib158/cntn5,0.23772,0.4053,32,0
week,2024-W38,gtja191/alpha_016,0.23096,0.4032,33,0
week,2024-W38,alpha101/alpha_080,0.2295,0.3972,34,0
week,2024-W38,alpha101/alpha_088,0.19435,0.275,35,0
week,2024-W38,alpha101/alpha_004,0.1835,0.2458,36,0
week,2024-W38,gtja191/alpha_006,0.12854,0.0872,37,0
week,2024-W38,alpha101/alpha_027,0.12999,0.0851,38,0
week,2024-W39,alpha101/alpha_016,0.50149,0.8391,1,1
week,2024-W39,qlib158/vma10,0.44604,0.8367,2,0
week,2024-W39,alpha101/alpha_019,0.37888,0.808,3,0
week,2024-W39,gtja191/alpha_168,0.45487,0.7891,4,0
week,2024-W39,qlib158/vsumn5,0.3635,0.7694,5,0
week,2024-W39,alpha101/alpha_023,0.33401,0.7658,6,0
week,2024-W39,qlib158/vma60,0.38072,0.7447,7,0
week,2024-W39,alpha101/alpha_088,0.33355,0.7283,8,0
week,2024-W39,alpha101/alpha_080,0.29572,0.6813,9,0
week,2024-W39,qlib158/ma10,0.27536,0.6734,10,0
week,2024-W39,gtja191/alpha_016,0.27602,0.6612,11,0
week,2024-W39,gtja191/alpha_090,0.27716,0.6529,12,0
week,2024-W39,alpha101/alpha_067,0.26156,0.6479,13,0
week,2024-W39,gtja191/alpha_041,0.27246,0.6445,14,0
week,2024-W39,gtja191/alpha_048,0.26967,0.6108,15,0
week,2024-W39,alpha101/alpha_044,0.25297,0.5982,16,0
week,2024-W39,qlib158/vsumn20,0.26557,0.5936,17,0
week,2024-W39,alpha101/alpha_002,0.23807,0.5883,18,0
week,2024-W39,alpha101/alpha_055,0.23741,0.5835,19,0
week,2024-W39,alpha101/alpha_069,0.24362,0.5786,20,0
week,2024-W39,alpha101/alpha_026,0.23371,0.5739,21,0
week,2024-W39,gtja191/alpha_157,0.23622,0.5682,22,0
week,2024-W39,qlib158/vsumn30,0.23282,0.5606,23,0
week,2024-W39,gtja191/alpha_008,0.22088,0.5387,24,0
week,2024-W39,gtja191/alpha_026,0.21738,0.5222,25,0
week,2024-W39,alpha101/alpha_084,0.2118,0.5179,26,0
week,2024-W39,gtja191/alpha_001,0.21353,0.5168,27,0
week,2024-W39,alpha101/alpha_015,0.2133,0.5077,28,0
week,2024-W39,qlib158/vsumn60,0.21039,0.5055,29,0
week,2024-W39,gtja191/alpha_025,0.21458,0.5046,30,0
week,2024-W39,qlib158/min10,0.20129,0.4841,31,0
week,2024-W39,gtja191/alpha_037,0.19522,0.4562,32,0
week,2024-W39,alpha101/alpha_024,0.18788,0.4168,33,0
week,2024-W39,qlib158/cntn5,0.17994,0.4066,34,0
week,2024-W39,gtja191/alpha_006,0.16557,0.3758,35,0
week,2024-W39,gtja191/alpha_092,0.17614,0.3612,36,0
week,2024-W39,alpha101/alpha_004,0.14472,0.2864,37,0
week,2024-W39,alpha101/alpha_027,0.04682,0.0774,38,0
week,2024-W40,alpha101/alpha_044,0.34338,0.958,1,1
week,2024-W40,qlib158/ma10,0.26412,0.9318,2,0
week,2024-W40,alpha101/alpha_023,0.25881,0.9293,3,0
week,2024-W40,qlib158/vma60,0.25405,0.9279,4,0
week,2024-W40,alpha101/alpha_024,0.23125,0.9163,5,0
week,2024-W40,alpha101/alpha_019,0.22785,0.9136,6,0
week,2024-W40,gtja191/alpha_008,0.21446,0.9043,7,0
week,2024-W40,qlib158/vsumn5,0.21266,0.9029,8,0
week,2024-W40,gtja191/alpha_037,0.2074,0.8991,9,0
week,2024-W40,gtja191/alpha_041,0.20711,0.8989,10,0
week,2024-W40,qlib158/cntn5,0.20477,0.8969,11,0
week,2024-W40,gtja191/alpha_048,0.19902,0.8923,12,0
week,2024-W40,qlib158/min10,0.19782,0.8915,13,0
week,2024-W40,gtja191/alpha_026,0.19169,0.8882,14,0
week,2024-W40,alpha101/alpha_084,0.18879,0.8855,15,0
week,2024-W40,gtja191/alpha_025,0.18624,0.8832,16,0
week,2024-W40,gtja191/alpha_006,0.17747,0.8752,17,0
week,2024-W40,alpha101/alpha_088,0.16738,0.8656,18,0
week,2024-W40,alpha101/alpha_016,0.1521,0.8493,19,0
week,2024-W40,gtja191/alpha_157,0.14885,0.8464,20,0
week,2024-W40,qlib158/vma10,0.14757,0.8448,21,0
week,2024-W40,alpha101/alpha_080,0.14617,0.8444,22,0
week,2024-W40,gtja191/alpha_168,0.14637,0.8444,23,0
week,2024-W40,alpha101/alpha_002,0.14073,0.8388,24,0
week,2024-W40,alpha101/alpha_069,0.11192,0.7919,25,0
week,2024-W40,qlib158/vsumn30,0.10272,0.7803,26,0
week,2024-W40,qlib158/vsumn20,0.07002,0.705,27,0
week,2024-W40,alpha101/alpha_015,0.06664,0.6962,28,0
week,2024-W40,gtja191/alpha_090,0.06038,0.6794,29,0
week,2024-W40,gtja191/alpha_016,0.04333,0.6271,30,0
week,2024-W40,qlib158/vsumn60,0.02266,0.5461,31,0
week,2024-W40,gtja191/alpha_001,0.01482,0.5095,32,0
week,2024-W40,gtja191/alpha_092,0.01314,0.4981,33,0
week,2024-W40,alpha101/alpha_067,0.01,0.4847,34,0
week,2024-W40,alpha101/alpha_055,0.00625,0.4642,35,0
week,2024-W40,alpha101/alpha_026,-0.00301,0.415,36,0
week,2024-W40,alpha101/alpha_027,-0.02987,0.2834,37,0
week,2024-W40,alpha101/alpha_004,-0.05601,0.1631,38,0
week,2024-W41,qlib158/vma10,0.35705,0.9162,1,1
week,2024-W41,qlib158/ma10,0.29859,0.9098,2,0
week,2024-W41,gtja191/alpha_041,0.28324,0.9004,3,0
week,2024-W41,gtja191/alpha_168,0.31748,0.8884,4,0
week,2024-W41,qlib158/vma60,0.3175,0.8834,5,0
week,2024-W41,gtja191/alpha_048,0.28244,0.8826,6,0
week,2024-W41,gtja191/alpha_157,0.25719,0.8624,7,0
week,2024-W41,alpha101/alpha_019,0.21823,0.8317,8,0
week,2024-W41,qlib158/min10,0.21931,0.8212,9,0
week,2024-W41,alpha101/alpha_069,0.19846,0.8082,10,0
week,2024-W41,alpha101/alpha_088,0.17135,0.7783,11,0
week,2024-W41,qlib158/vsumn5,0.19119,0.7772,12,0
week,2024-W41,qlib158/vsumn30,0.18245,0.7593,13,0
week,2024-W41,alpha101/alpha_026,0.24573,0.7434,14,0
week,2024-W41,gtja191/alpha_001,0.14532,0.7393,15,0
week,2024-W41,qlib158/vsumn20,0.1422,0.7181,16,0
week,2024-W41,qlib158/cntn5,0.13414,0.6936,17,0
week,2024-W41,alpha101/alpha_002,0.13647,0.6932,18,0
week,2024-W41,gtja191/alpha_016,0.13216,0.6908,19,0
week,2024-W41,alpha101/alpha_044,0.12754,0.6804,20,0
week,2024-W41,gtja191/alpha_025,0.14572,0.6639,21,0
week,2024-W41,alpha101/alpha_016,0.12054,0.6284,22,0
week,2024-W41,alpha101/alpha_055,0.1165,0.6266,23,0
week,2024-W41,gtja191/alpha_092,0.09512,0.6029,24,0
week,2024-W41,gtja191/alpha_008,0.14133,0.5953,25,0
week,2024-W41,qlib158/vsumn60,0.0836,0.5687,26,0
week,2024-W41,alpha101/alpha_015,0.09466,0.5636,27,0
week,2024-W41,alpha101/alpha_067,0.10923,0.5558,28,0
week,2024-W41,gtja191/alpha_090,0.08168,0.5427,29,0
week,2024-W41,gtja191/alpha_026,0.11072,0.5401,30,0
week,2024-W41,alpha101/alpha_004,0.11771,0.5285,31,0
week,2024-W41,alpha101/alpha_023,0.10771,0.5004,32,0
week,2024-W41,alpha101/alpha_084,0.10421,0.4818,33,0
week,2024-W41,gtja191/alpha_037,0.09913,0.4778,34,0
week,2024-W41,gtja191/alpha_006,0.07956,0.4571,35,0
week,2024-W41,alpha101/alpha_080,0.06733,0.4246,36,0
week,2024-W41,alpha101/alpha_024,0.05599,0.3814,37,0
week,2024-W41,alpha101/alpha_027,0.02056,0.2986,38,0
week,2024-W42,qlib158/vma60,0.27483,0.8523,1,1
week,2024-W42,gtja191/alpha_168,0.23883,0.7937,2,0
week,2024-W42,qlib158/vsumn20,0.22493,0.7851,3,0
week,2024-W42,qlib158/vma10,0.19695,0.7124,4,0
week,2024-W42,alpha101/alpha_016,0.18739,0.6878,5,0
week,2024-W42,alpha101/alpha_044,0.18833,0.6786,6,0
week,2024-W42,gtja191/alpha_001,0.16228,0.6456,7,0
week,2024-W42,qlib158/vsumn60,0.15558,0.635,8,0
week,2024-W42,gtja191/alpha_048,0.15344,0.6322,9,0
week,2024-W42,alpha101/alpha_015,0.1496,0.6199,10,0
week,2024-W42,alpha101/alpha_026,0.18565,0.6117,11,0
week,2024-W42,alpha101/alpha_019,0.17628,0.6083,12,0
week,2024-W42,alpha101/alpha_002,0.161,0.6055,13,0
week,2024-W42,alpha101/alpha_088,0.15073,0.5825,14,0
week,2024-W42,gtja191/alpha_090,0.1413,0.5819,15,0
week,2024-W42,qlib158/vsumn5,0.14019,0.5708,16,0
week,2024-W42,gtja191/alpha_026,0.13114,0.5452,17,0
week,2024-W42,gtja191/alpha_157,0.14003,0.5429,18,0
week,2024-W42,qlib158/ma10,0.12931,0.5393,19,0
week,2024-W42,alpha101/alpha_055,0.13096,0.5322,20,0
week,2024-W42,gtja191/alpha_037,0.12723,0.5318,21,0
week,2024-W42,gtja191/alpha_016,0.12816,0.5232,22,0
week,2024-W42,qlib158/min10,0.1542,0.5215,23,0
week,2024-W42,alpha101/alpha_067,0.12291,0.5061,24,0
week,2024-W42,qlib158/vsumn30,0.12072,0.497,25,0
week,2024-W42,gtja191/alpha_092,0.11885,0.4915,26,0
week,2024-W42,alpha101/alpha_004,0.10974,0.4531,27,0
week,2024-W42,qlib158/cntn5,0.10586,0.4451,28,0
week,2024-W42,alpha101/alpha_080,0.10346,0.4436,29,0
week,2024-W42,gtja191/alpha_008,0.09454,0.3858,30,0
week,2024-W42,alpha101/alpha_069,0.08961,0.3744,31,0
week,2024-W42,gtja191/alpha_041,0.12014,0.3705,32,0
week,2024-W42,alpha101/alpha_084,0.08732,0.3704,33,0
week,2024-W42,gtja191/alpha_025,0.06959,0.3144,34,0
week,2024-W42,alpha101/alpha_023,0.06934,0.2832,35,0
week,2024-W42,gtja191/alpha_006,0.05345,0.2302,36,0
week,2024-W42,alpha101/alpha_024,0.01854,0.1558,37,0
week,2024-W42,alpha101/alpha_027,0.02392,0.1443,38,0
week,2024-W43,gtja191/alpha_016,0.08766,0.707,1,1
week,2024-W43,qlib158/vma10,0.08939,0.7007,2,0
week,2024-W43,qlib158/vma60,0.09185,0.6988,3,0
week,2024-W43,gtja191/alpha_168,0.08278,0.6967,4,0
week,2024-W43,qlib158/vsumn30,0.08862,0.6882,5,0
week,2024-W43,qlib158/vsumn5,0.07573,0.6481,6,0
week,2024-W43,alpha101/alpha_055,0.07081,0.6349,7,0
week,2024-W43,gtja191/alpha_037,0.06699,0.6302,8,0
week,2024-W43,alpha101/alpha_015,0.06956,0.6255,9,0
week,2024-W43,qlib158/vsumn60,0.07135,0.6203,10,0
week,2024-W43,alpha101/alpha_067,0.0626,0.6172,11,0
week,2024-W43,qlib158/vsumn20,0.06649,0.6094,12,0
week,2024-W43,gtja191/alpha_092,0.05576,0.5847,13,0
week,2024-W43,alpha101/alpha_088,0.04726,0.5481,14,0
week,2024-W43,gtja191/alpha_001,0.04394,0.5399,15,0
week,2024-W43,alpha101/alpha_002,0.04523,0.5227,16,0
week,2024-W43,gtja191/alpha_090,0.03979,0.5056,17,0
week,2024-W43,alpha101/alpha_004,0.03613,0.5012,18,0
week,2024-W43,alpha101/alpha_023,0.0332,0.487,19,0
week,2024-W43,gtja191/alpha_048,0.03558,0.4839,20,0
week,2024-W43,alpha101/alpha_044,0.03213,0.4793,21,0
week,2024-W43,alpha101/alpha_026,0.03348,0.4729,22,0
week,2024-W43,alpha101/alpha_069,0.02899,0.4649,23,0
week,2024-W43,alpha101/alpha_027,0.02705,0.4552,24,0
week,2024-W43,alpha101/alpha_080,0.02549,0.4455,25,0
week,2024-W43,qlib158/cntn5,0.02137,0.4258,26,0
week,2024-W43,gtja191/alpha_006,0.02056,0.421,27,0
week,2024-W43,alpha101/alpha_084,0.01421,0.3942,28,0
week,2024-W43,gtja191/alpha_157,0.01363,0.3884,29,0
week,2024-W43,qlib158/min10,0.01291,0.3825,30,0
week,2024-W43,alpha101/alpha_016,0.00839,0.3631,31,0
week,2024-W43,qlib158/ma10,0.00287,0.3335,32,0
week,2024-W43,gtja191/alpha_041,-0.00098,0.3171,33,0
week,2024-W43,gtja191/alpha_026,-0.0052,0.2973,34,0
week,2024-W43,gtja191/alpha_025,-0.01,0.2828,35,0
week,2024-W43,gtja191/alpha_008,-0.01568,0.2608,36,0
week,2024-W43,alpha101/alpha_024,-0.02633,0.2228,37,0
week,2024-W43,alpha101/alpha_019,-0.0416,0.1669,38,0
week,2024-W44,qlib158/vsumn30,0.08654,0.7474,1,1
week,2024-W44,qlib158/vsumn60,0.09329,0.738,2,0
week,2024-W44,qlib158/vsumn20,0.06238,0.6771,3,0
week,2024-W44,alpha101/alpha_069,0.05452,0.6368,4,0
week,2024-W44,gtja191/alpha_090,0.05242,0.6163,5,0
week,2024-W44,qlib158/vsumn5,0.0456,0.6103,6,0
week,2024-W44,gtja191/alpha_041,0.05024,0.6063,7,0
week,2024-W44,alpha101/alpha_044,0.05107,0.5954,8,0
week,2024-W44,alpha101/alpha_002,0.04291,0.5902,9,0
week,2024-W44,alpha101/alpha_055,0.03896,0.5855,10,0
week,2024-W44,qlib158/min10,0.04065,0.5839,11,0
week,2024-W44,alpha101/alpha_067,0.04227,0.5795,12,0
week,2024-W44,qlib158/vma60,0.04501,0.5727,13,0
week,2024-W44,alpha101/alpha_015,0.03959,0.558,14,0
week,2024-W44,gtja191/alpha_001,0.03227,0.5298,15,0
week,2024-W44,gtja191/alpha_092,0.02198,0.5126,16,0
week,2024-W44,alpha101/alpha_027,0.01503,0.4803,17,0
week,2024-W44,alpha101/alpha_088,0.01607,0.4792,18,0
week,2024-W44,alpha101/alpha_026,0.01278,0.4657,19,0
week,2024-W44,alpha101/alpha_004,0.0129,0.4609,20,0
week,2024-W44,gtja191/alpha_157,0.01236,0.4568,21,0
week,2024-W44,gtja191/alpha_016,0.01004,0.4558,22,0
week,2024-W44,qlib158/vma10,0.00969,0.4267,23,0
week,2024-W44,alpha101/alpha_080,0.00482,0.4239,24,0
week,2024-W44,gtja191/alpha_006,0.00268,0.4158,25,0
week,2024-W44,gtja191/alpha_168,0.00407,0.4018,26,0
week,2024-W44,gtja191/alpha_048,0.0005,0.3994,27,0
week,2024-W44,qlib158/ma10,0.00035,0.3987,28,0
week,2024-W44,qlib158/cntn5,-0.00729,0.3662,29,0
week,2024-W44,alpha101/alpha_016,-0.02524,0.3477,30,0
week,2024-W44,alpha101/alpha_023,-0.02443,0.3159,31,0
week,2024-W44,gtja191/alpha_025,-0.02896,0.2765,32,0
week,2024-W44,alpha101/alpha_024,-0.03344,0.2651,33,0
week,2024-W44,gtja191/alpha_037,-0.03433,0.2575,34,0
week,2024-W44,gtja191/alpha_008,-0.03744,0.2563,35,0
week,2024-W44,alpha101/alpha_084,-0.03305,0.2549,36,0
week,2024-W44,alpha101/alpha_019,-0.03791,0.2381,37,0
week,2024-W44,gtja191/alpha_026,-0.03962,0.2282,38,0
week,2024-W45,qlib158/vsumn60,0.09307,0.7647,1,1
week,2024-W45,qlib158/vsumn30,0.08974,0.7392,2,0
week,2024-W45,gtja191/alpha_090,0.06142,0.6598,3,0
week,2024-W45,gtja191/alpha_016,0.05246,0.6394,4,0
week,2024-W45,qlib158/vsumn20,0.05414,0.6383,5,0
week,2024-W45,alpha101/alpha_044,0.0444,0.6026,6,0
week,2024-W45,alpha101/alpha_055,0.04431,0.6019,7,0
week,2024-W45,alpha101/alpha_015,0.05979,0.5995,8,0
week,2024-W45,gtja191/alpha_092,0.03652,0.5711,9,0
week,2024-W45,qlib158/vma60,0.03503,0.5619,10,0
week,2024-W45,gtja191/alpha_001,0.02947,0.5392,11,0
week,2024-W45,qlib158/vma10,0.04285,0.5386,12,0
week,2024-W45,gtja191/alpha_168,0.04239,0.5333,13,0
week,2024-W45,alpha101/alpha_016,0.02848,0.4992,14,0
week,2024-W45,qlib158/vsumn5,0.02075,0.4976,15,0
week,2024-W45,gtja191/alpha_157,0.01904,0.4934,16,0
week,2024-W45,alpha101/alpha_080,0.01728,0.4901,17,0
week,2024-W45,alpha101/alpha_026,0.0155,0.4792,18,0
week,2024-W45,alpha101/alpha_004,0.01399,0.4693,19,0
week,2024-W45,alpha101/alpha_002,0.01339,0.4629,20,0
week,2024-W45,alpha101/alpha_027,0.01148,0.4589,21,0
week,2024-W45,qlib158/min10,0.00837,0.4426,22,0
week,2024-W45,alpha101/alpha_067,0.00926,0.4413,23,0
week,2024-W45,alpha101/alpha_088,0.00667,0.4402,24,0
week,2024-W45,qlib158/cntn5,0.00688,0.4329,25,0
week,2024-W45,alpha101/alpha_069,-0.01139,0.3555,26,0
week,2024-W45,gtja191/alpha_041,-0.01427,0.3388,27,0
week,2024-W45,gtja191/alpha_048,-0.01529,0.3354,28,0
week,2024-W45,gtja191/alpha_026,-0.0178,0.3277,29,0
week,2024-W45,gtja191/alpha_025,-0.02516,0.2997,30,0
week,2024-W45,gtja191/alpha_006,-0.0277,0.2778,31,0
week,2024-W45,alpha101/alpha_084,-0.03685,0.2417,32,0
week,2024-W45,gtja191/alpha_008,-0.03911,0.2328,33,0
week,2024-W45,alpha101/alpha_019,-0.0545,0.2042,34,0
week,2024-W45,alpha101/alpha_024,-0.05193,0.1985,35,0
week,2024-W45,qlib158/ma10,-0.04896,0.195,36,0
week,2024-W45,gtja191/alpha_037,-0.05392,0.1818,37,0
week,2024-W45,alpha101/alpha_023,-0.06019,0.1817,38,0
week,2024-W46,alpha101/alpha_055,0.06082,0.6652,1,1
week,2024-W46,qlib158/vsumn60,0.04865,0.6335,2,0
week,2024-W46,qlib158/min10,0.04755,0.6289,3,0
week,2024-W46,alpha101/alpha_015,0.04487,0.6192,4,0
week,2024-W46,alpha101/alpha_002,0.05098,0.6016,5,0
week,2024-W46,alpha101/alpha_026,0.04198,0.5888,6,0
week,2024-W46,gtja191/alpha_090,0.0378,0.5751,7,0
week,2024-W46,qlib158/cntn5,0.03565,0.5747,8,0
week,2024-W46,qlib158/vsumn30,0.04019,0.5727,9,0
week,2024-W46,gtja191/alpha_006,0.03381,0.5725,10,0
week,2024-W46,qlib158/vsumn5,0.03212,0.5608,11,0
week,2024-W46,alpha101/alpha_016,0.04929,0.5565,12,0
week,2024-W46,alpha101/alpha_004,0.03057,0.555,13,0
week,2024-W46,qlib158/vsumn20,0.03647,0.5543,14,0
week,2024-W46,alpha101/alpha_088,0.02933,0.5502,15,0
week,2024-W46,qlib158/vma10,0.03282,0.5455,16,0
week,2024-W46,alpha101/alpha_067,0.03145,0.5411,17,0
week,2024-W46,alpha101/alpha_027,0.02349,0.524,18,0
week,2024-W46,gtja191/alpha_001,0.0217,0.5117,19,0
week,2024-W46,qlib158/vma60,0.02105,0.5042,20,0
week,2024-W46,alpha101/alpha_044,0.0196,0.5034,21,0
week,2024-W46,alpha101/alpha_080,0.01783,0.4966,22,0
week,2024-W46,gtja191/alpha_048,0.01673,0.4905,23,0
week,2024-W46,gtja191/alpha_168,0.0106,0.4665,24,0
week,2024-W46,alpha101/alpha_069,0.00124,0.4192,25,0
week,2024-W46,alpha101/alpha_024,-0.00371,0.3962,26,0
week,2024-W46,gtja191/alpha_092,-0.00644,0.3859,27,0
week,2024-W46,gtja191/alpha_016,-0.00531,0.3832,28,0
week,2024-W46,gtja191/alpha_041,-0.00844,0.3709,29,0
week,2024-W46,alpha101/alpha_023,-0.00988,0.3703,30,0
week,2024-W46,gtja191/alpha_025,-0.0092,0.3675,31,0
week,2024-W46,alpha101/alpha_084,-0.01407,0.348,32,0
week,2024-W46,gtja191/alpha_157,-0.01276,0.3473,33,0
week,2024-W46,qlib158/ma10,-0.01556,0.3396,34,0
week,2024-W46,gtja191/alpha_008,-0.02094,0.3154,35,0
week,2024-W46,gtja191/alpha_026,-0.02859,0.2771,36,0
week,2024-W46,gtja191/alpha_037,-0.04102,0.2424,37,0
week,2024-W46,alpha101/alpha_019,-0.05023,0.2071,38,0
week,2024-W47,alpha101/alpha_044,0.06326,0.681,1,1
week,2024-W47,gtja191/alpha_168,0.06101,0.6791,2,0
week,2024-W47,qlib158/vsumn60,0.06495,0.6741,3,0
week,2024-W47,alpha101/alpha_026,0.06129,0.6702,4,0
week,2024-W47,alpha101/alpha_055,0.05467,0.6427,5,0
week,2024-W47,gtja191/alpha_016,0.05725,0.6322,6,0
week,2024-W47,qlib158/vsumn30,0.05159,0.6194,7,0
week,2024-W47,qlib158/vsumn20,0.04684,0.6086,8,0
week,2024-W47,alpha101/alpha_002,0.04548,0.608,9,0
week,2024-W47,alpha101/alpha_015,0.06468,0.605,10,0
week,2024-W47,gtja191/alpha_001,0.03938,0.583,11,0
week,2024-W47,alpha101/alpha_080,0.03717,0.5754,12,0
week,2024-W47,qlib158/vma60,0.03716,0.5699,13,0
week,2024-W47,gtja191/alpha_090,0.02959,0.5587,14,0
week,2024-W47,alpha101/alpha_088,0.03127,0.5433,15,0
week,2024-W47,qlib158/vsumn5,0.02621,0.5349,16,0
week,2024-W47,qlib158/cntn5,0.02343,0.5282,17,0
week,2024-W47,alpha101/alpha_067,0.02079,0.5081,18,0
week,2024-W47,alpha101/alpha_004,0.02249,0.5026,19,0
week,2024-W47,gtja191/alpha_048,0.01591,0.4733,20,0
week,2024-W47,qlib158/vma10,0.01922,0.4706,21,0
week,2024-W47,alpha101/alpha_027,0.00982,0.4588,22,0
week,2024-W47,gtja191/alpha_006,0.00822,0.4468,23,0
week,2024-W47,alpha101/alpha_024,0.00333,0.4235,24,0
week,2024-W47,alpha101/alpha_016,0.00194,0.4196,25,0
week,2024-W47,qlib158/min10,-0.0031,0.3894,26,0
week,2024-W47,alpha101/alpha_069,-0.00254,0.383,27,0
week,2024-W47,alpha101/alpha_084,-0.00266,0.3757,28,0
week,2024-W47,qlib158/ma10,-0.0035,0.3707,29,0
week,2024-W47,alpha101/alpha_023,-0.00401,0.3702,30,0
week,2024-W47,gtja191/alpha_157,-0.00574,0.3691,31,0
week,2024-W47,gtja191/alpha_092,-0.0107,0.35,32,0
week,2024-W47,gtja191/alpha_037,-0.01204,0.3355,33,0
week,2024-W47,gtja191/alpha_008,-0.01699,0.3185,34,0
week,2024-W47,gtja191/alpha_026,-0.01595,0.3175,35,0
week,2024-W47,gtja191/alpha_041,-0.02255,0.2858,36,0
week,2024-W47,gtja191/alpha_025,-0.02368,0.2804,37,0
week,2024-W47,alpha101/alpha_019,-0.04652,0.1834,38,0
week,2024-W48,alpha101/alpha_026,0.10133,0.8515,1,1
week,2024-W48,gtja191/alpha_006,0.04489,0.7545,2,0
week,2024-W48,alpha101/alpha_069,0.04819,0.7532,3,0
week,2024-W48,gtja191/alpha_041,0.05515,0.7361,4,0
week,2024-W48,alpha101/alpha_027,0.03884,0.7345,5,0
week,2024-W48,gtja191/alpha_001,0.04087,0.7314,6,0
week,2024-W48,alpha101/alpha_044,0.0338,0.6966,7,0
week,2024-W48,alpha101/alpha_080,0.02673,0.6918,8,0
week,2024-W48,qlib158/vsumn60,0.02584,0.6824,9,0
week,2024-W48,alpha101/alpha_002,0.02363,0.678,10,0
week,2024-W48,alpha101/alpha_088,0.02175,0.6727,11,0
week,2024-W48,gtja191/alpha_016,0.02316,0.6619,12,0
week,2024-W48,alpha101/alpha_067,0.02927,0.6603,13,0
week,2024-W48,gtja191/alpha_090,0.01356,0.6453,14,0
week,2024-W48,alpha101/alpha_004,0.01466,0.6341,15,0
week,2024-W48,qlib158/min10,0.01228,0.6314,16,0
week,2024-W48,alpha101/alpha_023,0.01819,0.6293,17,0
week,2024-W48,gtja191/alpha_025,0.00844,0.6167,18,0
week,2024-W48,alpha101/alpha_015,0.00818,0.6096,19,0
week,2024-W48,gtja191/alpha_048,0.00519,0.5992,20,0
week,2024-W48,gtja191/alpha_026,0.00682,0.5933,21,0
week,2024-W48,alpha101/alpha_084,0.00449,0.5882,22,0
week,2024-W48,gtja191/alpha_008,0.00228,0.5801,23,0
week,2024-W48,gtja191/alpha_157,-0.00151,0.5734,24,0
week,2024-W48,gtja191/alpha_092,-0.00608,0.5397,25,0
week,2024-W48,alpha101/alpha_024,-0.00498,0.5373,26,0
week,2024-W48,qlib158/vsumn30,-0.00723,0.5319,27,0
week,2024-W48,qlib158/vsumn5,-0.00798,0.5268,28,0
week,2024-W48,gtja191/alpha_037,-0.01238,0.5169,29,0
week,2024-W48,qlib158/vsumn20,-0.0111,0.5124,30,0
week,2024-W48,alpha101/alpha_019,-0.01102,0.5109,31,0
week,2024-W48,qlib158/vma60,-0.01792,0.487,32,0
week,2024-W48,alpha101/alpha_055,-0.01976,0.4766,33,0
week,2024-W48,qlib158/cntn5,-0.02228,0.4665,34,0
week,2024-W48,qlib158/ma10,-0.03536,0.4019,35,0
week,2024-W48,gtja191/alpha_168,-0.06322,0.2629,36,0
week,2024-W48,qlib158/vma10,-0.06702,0.251,37,0
week,2024-W48,alpha101/alpha_016,-0.08914,0.1686,38,0
week,2024-W49,alpha101/alpha_027,0.00447,0.8433,1,1
week,2024-W49,alpha101/alpha_088,-0.01738,0.7962,2,0
week,2024-W49,gtja191/alpha_090,-0.0242,0.7721,3,0
week,2024-W49,alpha101/alpha_004,-0.03395,0.7438,4,0
week,2024-W49,alpha101/alpha_015,-0.03388,0.7337,5,0
week,2024-W49,gtja191/alpha_016,-0.03934,0.7319,6,0
week,2024-W49,alpha101/alpha_026,-0.03584,0.7132,7,0
week,2024-W49,alpha101/alpha_080,-0.04477,0.7081,8,0
week,2024-W49,gtja191/alpha_006,-0.05198,0.6873,9,0
week,2024-W49,alpha101/alpha_002,-0.05421,0.6758,10,0
week,2024-W49,qlib158/min10,-0.05116,0.6695,11,0
week,2024-W49,alpha101/alpha_044,-0.06278,0.6351,12,0
week,2024-W49,qlib158/vsumn60,-0.07155,0.6099,13,0
week,2024-W49,gtja191/alpha_001,-0.07635,0.5853,14,0
week,2024-W49,gtja191/alpha_048,-0.07533,0.5804,15,0
week,2024-W49,alpha101/alpha_069,-0.07472,0.5797,16,0
week,2024-W49,alpha101/alpha_055,-0.07469,0.5753,17,0
week,2024-W49,qlib158/vsumn20,-0.08097,0.5625,18,0
week,2024-W49,gtja191/alpha_041,-0.08319,0.5554,19,0
week,2024-W49,qlib158/cntn5,-0.08382,0.5481,20,0
week,2024-W49,gtja191/alpha_037,-0.08719,0.5407,21,0
week,2024-W49,alpha101/alpha_084,-0.09124,0.5162,22,0
week,2024-W49,gtja191/alpha_026,-0.09306,0.5037,23,0
week,2024-W49,gtja191/alpha_092,-0.0925,0.4964,24,0
week,2024-W49,gtja191/alpha_025,-0.09587,0.4853,25,0
week,2024-W49,qlib158/vsumn5,-0.09945,0.4746,26,0
week,2024-W49,alpha101/alpha_023,-0.10022,0.474,27,0
week,2024-W49,qlib158/vsumn30,-0.10115,0.4561,28,0
week,2024-W49,gtja191/alpha_008,-0.10301,0.4552,29,0
week,2024-W49,gtja191/alpha_157,-0.10587,0.445,30,0
week,2024-W49,alpha101/alpha_024,-0.11115,0.444,31,0
week,2024-W49,qlib158/vma60,-0.11542,0.4071,32,0
week,2024-W49,alpha101/alpha_067,-0.11313,0.4047,33,0
week,2024-W49,qlib158/vma10,-0.12313,0.3747,34,0
week,2024-W49,qlib158/ma10,-0.13594,0.3137,35,0
week,2024-W49,gtja191/alpha_168,-0.14362,0.2916,36,0
week,2024-W49,alpha101/alpha_019,-0.14398,0.28,37,0
week,2024-W49,alpha101/alpha_016,-0.16674,0.2174,38,0
week,2024-W50,alpha101/alpha_027,-0.04034,0.8519,1,1
week,2024-W50,gtja191/alpha_016,-0.05551,0.8191,2,0
week,2024-W50,alpha101/alpha_004,-0.0734,0.7703,3,0
week,2024-W50,alpha101/alpha_088,-0.0747,0.7696,4,0
week,2024-W50,gtja191/alpha_006,-0.07899,0.7548,5,0
week,2024-W50,gtja191/alpha_092,-0.08311,0.7421,6,0
week,2024-W50,alpha101/alpha_026,-0.07757,0.7288,7,0
week,2024-W50,alpha101/alpha_015,-0.09494,0.7044,8,0
week,2024-W50,qlib158/cntn5,-0.08304,0.6987,9,0
week,2024-W50,alpha101/alpha_084,-0.09445,0.6921,10,0
week,2024-W50,qlib158/vsumn60,-0.09761,0.6832,11,0
week,2024-W50,gtja191/alpha_157,-0.09682,0.6784,12,0
week,2024-W50,gtja191/alpha_001,-0.1043,0.6655,13,0
week,2024-W50,qlib158/min10,-0.10033,0.6581,14,0
week,2024-W50,gtja191/alpha_048,-0.10689,0.6561,15,0
week,2024-W50,alpha101/alpha_069,-0.10845,0.6207,16,0
week,2024-W50,gtja191/alpha_041,-0.10881,0.6177,17,0
week,2024-W50,gtja191/alpha_025,-0.11827,0.6094,18,0
week,2024-W50,qlib158/vsumn30,-0.11739,0.6069,19,0
week,2024-W50,alpha101/alpha_044,-0.11328,0.6036,20,0
week,2024-W50,alpha101/alpha_055,-0.11635,0.6035,21,0
week,2024-W50,qlib158/vsumn5,-0.12004,0.5989,22,0
week,2024-W50,qlib158/vma10,-0.11848,0.5985,23,0
week,2024-W50,alpha101/alpha_080,-0.11971,0.5972,24,0
week,2024-W50,alpha101/alpha_067,-0.11782,0.5902,25,0
week,2024-W50,gtja191/alpha_168,-0.12208,0.5746,26,0
week,2024-W50,gtja191/alpha_026,-0.13212,0.542,27,0
week,2024-W50,gtja191/alpha_008,-0.13448,0.5306,28,0
week,2024-W50,gtja191/alpha_090,-0.13664,0.519,29,0
week,2024-W50,alpha101/alpha_024,-0.14049,0.5035,30,0
week,2024-W50,qlib158/vsumn20,-0.1399,0.4972,31,0
week,2024-W50,alpha101/alpha_023,-0.14409,0.4771,32,0
week,2024-W50,alpha101/alpha_019,-0.14654,0.4696,33,0
week,2024-W50,gtja191/alpha_037,-0.14842,0.4625,34,0
week,2024-W50,qlib158/vma60,-0.14799,0.4557,35,0
week,2024-W50,alpha101/alpha_002,-0.15353,0.4352,36,0
week,2024-W50,alpha101/alpha_016,-0.16073,0.4041,37,0
week,2024-W50,qlib158/ma10,-0.18676,0.2782,38,0
week,2024-W51,alpha101/alpha_069,-0.00958,0.8089,1,1
week,2024-W51,gtja191/alpha_041,-0.01315,0.7911,2,0
week,2024-W51,alpha101/alpha_026,-0.01915,0.7861,3,0
week,2024-W51,alpha101/alpha_084,-0.02334,0.7641,4,0
week,2024-W51,gtja191/alpha_016,-0.02919,0.758,5,0
week,2024-W51,alpha101/alpha_027,-0.03113,0.7561,6,0
week,2024-W51,alpha101/alpha_024,-0.03498,0.7367,7,0
week,2024-W51,gtja191/alpha_006,-0.0379,0.7262,8,0
week,2024-W51,gtja191/alpha_037,-0.04062,0.7207,9,0
week,2024-W51,alpha101/alpha_088,-0.0396,0.7178,10,0
week,2024-W51,alpha101/alpha_019,-0.04086,0.7049,11,0
week,2024-W51,gtja191/alpha_001,-0.04344,0.696,12,0
week,2024-W51,gtja191/alpha_048,-0.04397,0.6933,13,0
week,2024-W51,gtja191/alpha_026,-0.04524,0.6924,14,0
week,2024-W51,gtja191/alpha_157,-0.03916,0.6922,15,0
week,2024-W51,alpha101/alpha_067,-0.04706,0.6873,16,0
week,2024-W51,gtja191/alpha_090,-0.04912,0.6761,17,0
week,2024-W51,qlib158/cntn5,-0.04821,0.6759,18,0
week,2024-W51,gtja191/alpha_008,-0.05096,0.6726,19,0
week,2024-W51,qlib158/vsumn30,-0.04941,0.665,20,0
week,2024-W51,gtja191/alpha_092,-0.05146,0.6545,21,0
week,2024-W51,alpha101/alpha_015,-0.05601,0.6441,22,0
week,2024-W51,qlib158/ma10,-0.05439,0.6403,23,0
week,2024-W51,qlib158/min10,-0.05868,0.6343,24,0
week,2024-W51,alpha101/alpha_080,-0.05407,0.6316,25,0
week,2024-W51,alpha101/alpha_055,-0.05628,0.6309,26,0
week,2024-W51,qlib158/vsumn20,-0.05465,0.6282,27,0
week,2024-W51,alpha101/alpha_044,-0.05846,0.619,28,0
week,2024-W51,alpha101/alpha_023,-0.04114,0.6064,29,0
week,2024-W51,alpha101/alpha_004,-0.06301,0.5835,30,0
week,2024-W51,qlib158/vsumn5,-0.07093,0.569,31,0
week,2024-W51,alpha101/alpha_002,-0.06936,0.5629,32,0
week,2024-W51,gtja191/alpha_025,-0.07588,0.5383,33,0
week,2024-W51,gtja191/alpha_168,-0.07888,0.5254,34,0
week,2024-W51,qlib158/vma60,-0.09041,0.4668,35,0
week,2024-W51,qlib158/vma10,-0.10456,0.4195,36,0
week,2024-W51,qlib158/vsumn60,-0.10231,0.3862,37,0
week,2024-W51,alpha101/alpha_016,-0.14927,0.1698,38,0
week,2024-W52,gtja191/alpha_037,0.01028,0.7688,1,1
week,2024-W52,alpha101/alpha_026,0.01201,0.7393,2,0
week,2024-W52,alpha101/alpha_069,0.0106,0.7241,3,0
week,2024-W52,qlib158/vsumn20,-0.00271,0.7144,4,0
week,2024-W52,alpha101/alpha_023,0.01039,0.7113,5,0
week,2024-W52,qlib158/ma10,-0.0093,0.6712,6,0
week,2024-W52,gtja191/alpha_001,-0.01507,0.6675,7,0
week,2024-W52,alpha101/alpha_002,-0.01588,0.6588,8,0
week,2024-W52,alpha101/alpha_015,-0.01937,0.6464,9,0
week,2024-W52,gtja191/alpha_016,-0.02427,0.6388,10,0
week,2024-W52,alpha101/alpha_044,-0.02287,0.632,11,0
week,2024-W52,gtja191/alpha_026,-0.02435,0.627,12,0
week,2024-W52,gtja191/alpha_008,-0.02235,0.6256,13,0
week,2024-W52,gtja191/alpha_157,-0.03157,0.6097,14,0
week,2024-W52,alpha101/alpha_055,-0.03173,0.5982,15,0
week,2024-W52,alpha101/alpha_024,-0.03107,0.5881,16,0
week,2024-W52,gtja191/alpha_025,-0.03465,0.5819,17,0
week,2024-W52,alpha101/alpha_067,-0.03056,0.5787,18,0
week,2024-W52,gtja191/alpha_090,-0.03763,0.5755,19,0
week,2024-W52,gtja191/alpha_041,-0.03657,0.5751,20,0
week,2024-W52,alpha101/alpha_084,-0.0392,0.5604,21,0
week,2024-W52,alpha101/alpha_088,-0.04589,0.5258,22,0
week,2024-W52,qlib158/vsumn30,-0.04588,0.5235,23,0
week,2024-W52,alpha101/alpha_019,-0.04541,0.5074,24,0
week,2024-W52,gtja191/alpha_168,-0.04833,0.496,25,0
week,2024-W52,alpha101/alpha_027,-0.05108,0.4938,26,0
week,2024-W52,gtja191/alpha_048,-0.0557,0.466,27,0
week,2024-W52,alpha101/alpha_080,-0.05409,0.4652,28,0
week,2024-W52,gtja191/alpha_006,-0.05539,0.4635,29,0
week,2024-W52,qlib158/vsumn5,-0.05696,0.455,30,0
week,2024-W52,gtja191/alpha_092,-0.05748,0.4542,31,0
week,2024-W52,qlib158/cntn5,-0.05484,0.4513,32,0
week,2024-W52,qlib158/min10,-0.05801,0.4494,33,0
week,2024-W52,qlib158/vma10,-0.06398,0.4205,34,0
week,2024-W52,qlib158/vma60,-0.06655,0.4035,35,0
week,2024-W52,alpha101/alpha_004,-0.06701,0.3911,36,0
week,2024-W52,alpha101/alpha_016,-0.07211,0.3728,37,0
week,2024-W52,qlib158/vsumn60,-0.07112,0.3675,38,0
week,2025-W01,gtja191/alpha_001,0.10444,0.8178,1,1
week,2025-W01,gtja191/alpha_041,0.10202,0.8018,2,0
week,2025-W01,alpha101/alpha_069,0.08417,0.7582,3,0
week,2025-W01,gtja191/alpha_048,0.08405,0.7344,4,0
week,2025-W01,gtja191/alpha_157,0.07122,0.7099,5,0
week,2025-W01,alpha101/alpha_026,0.06225,0.6954,6,0
week,2025-W01,alpha101/alpha_002,0.06568,0.6921,7,0
week,2025-W01,gtja191/alpha_092,0.07061,0.6892,8,0
week,2025-W01,alpha101/alpha_023,0.06351,0.6813,9,0
week,2025-W01,qlib158/vsumn20,0.058,0.6732,10,0
week,2025-W01,gtja191/alpha_037,0.06342,0.6725,11,0
week,2025-W01,alpha101/alpha_004,0.0562,0.6644,12,0
week,2025-W01,alpha101/alpha_055,0.05483,0.6606,13,0
week,2025-W01,qlib158/ma10,0.04956,0.6268,14,0
week,2025-W01,alpha101/alpha_067,0.03716,0.5666,15,0
week,2025-W01,qlib158/vma60,0.03501,0.5651,16,0
week,2025-W01,gtja191/alpha_016,0.03399,0.5634,17,0
week,2025-W01,alpha101/alpha_015,0.03589,0.5598,18,0
week,2025-W01,alpha101/alpha_084,0.04147,0.5549,19,0
week,2025-W01,gtja191/alpha_168,0.03797,0.5538,20,0
week,2025-W01,gtja191/alpha_090,0.03477,0.5454,21,0
week,2025-W01,gtja191/alpha_025,0.03401,0.5427,22,0
week,2025-W01,alpha101/alpha_019,0.03046,0.5284,23,0
week,2025-W01,qlib158/vsumn30,0.02674,0.5265,24,0
week,2025-W01,alpha101/alpha_044,0.02779,0.5192,25,0
week,2025-W01,qlib158/vsumn5,0.02604,0.5148,26,0
week,2025-W01,qlib158/vsumn60,0.01501,0.4582,27,0
week,2025-W01,qlib158/vma10,0.01405,0.4528,28,0
week,2025-W01,alpha101/alpha_024,0.01429,0.4526,29,0
week,2025-W01,gtja191/alpha_026,0.00755,0.4237,30,0
week,2025-W01,alpha101/alpha_080,0.00794,0.4202,31,0
week,2025-W01,alpha101/alpha_016,-0.00265,0.3943,32,0
week,2025-W01,qlib158/cntn5,-0.00189,0.3728,33,0
week,2025-W01,gtja191/alpha_008,-0.00415,0.3582,34,0
week,2025-W01,qlib158/min10,-0.00908,0.3313,35,0
week,2025-W01,gtja191/alpha_006,-0.01472,0.3118,36,0
week,2025-W01,alpha101/alpha_088,-0.01473,0.3065,37,0
week,2025-W01,alpha101/alpha_027,-0.01981,0.2885,38,0
week,2025-W02,gtja191/alpha_001,0.1778,0.789,1,1
week,2025-W02,gtja191/alpha_041,0.16186,0.7562,2,0
week,2025-W02,qlib158/vsumn20,0.15142,0.7376,3,0
week,2025-W02,alpha101/alpha_069,0.14775,0.7334,4,0
week,2025-W02,gtja191/alpha_025,0.14107,0.7274,5,0
week,2025-W02,gtja191/alpha_090,0.1378,0.7239,6,0
week,2025-W02,alpha101/alpha_067,0.1367,0.7084,7,0
week,2025-W02,alpha101/alpha_055,0.13294,0.7039,8,0
week,2025-W02,alpha101/alpha_044,0.1326,0.6964,9,0
week,2025-W02,alpha101/alpha_019,0.11764,0.6583,10,0
week,2025-W02,alpha101/alpha_084,0.11585,0.6435,11,0
week,2025-W02,gtja191/alpha_157,0.11707,0.6285,12,0
week,2025-W02,alpha101/alpha_002,0.10888,0.6256,13,0
week,2025-W02,alpha101/alpha_004,0.11426,0.6219,14,0
week,2025-W02,gtja191/alpha_016,0.10631,0.619,15,0
week,2025-W02,qlib158/ma10,0.10164,0.596,16,0
week,2025-W02,qlib158/vsumn60,0.09937,0.5848,17,0
week,2025-W02,qlib158/vsumn30,0.09373,0.5762,18,0
week,2025-W02,alpha101/alpha_015,0.09375,0.5724,19,0
week,2025-W02,alpha101/alpha_026,0.09541,0.5694,20,0
week,2025-W02,alpha101/alpha_016,0.10192,0.5681,21,0
week,2025-W02,gtja191/alpha_026,0.09132,0.5654,22,0
week,2025-W02,gtja191/alpha_037,0.09536,0.5599,23,0
week,2025-W02,qlib158/vma60,0.08531,0.5345,24,0
week,2025-W02,alpha101/alpha_024,0.08552,0.5171,25,0
week,2025-W02,gtja191/alpha_008,0.07929,0.501,26,0
week,2025-W02,qlib158/vsumn5,0.08515,0.4667,27,0
week,2025-W02,gtja191/alpha_048,0.07713,0.4504,28,0
week,2025-W02,alpha101/alpha_080,0.06144,0.4204,29,0
week,2025-W02,alpha101/alpha_023,0.05918,0.3796,30,0
week,2025-W02,gtja191/alpha_168,0.05281,0.3682,31,0
week,2025-W02,gtja191/alpha_092,0.04928,0.3574,32,0
week,2025-W02,qlib158/vma10,0.05154,0.338,33,0
week,2025-W02,qlib158/min10,0.03902,0.299,34,0
week,2025-W02,alpha101/alpha_088,0.03522,0.2954,35,0
week,2025-W02,gtja191/alpha_006,0.01851,0.2101,36,0
week,2025-W02,qlib158/cntn5,0.01537,0.199,37,0
week,2025-W02,alpha101/alpha_027,0.00628,0.1614,38,0
week,2025-W03,gtja191/alpha_016,0.12811,0.7078,1,1
week,2025-W03,qlib158/vsumn30,0.11202,0.6802,2,0
week,2025-W03,alpha101/alpha_067,0.09897,0.6253,3,0
week,2025-W03,gtja191/alpha_037,0.09645,0.6185,4,0
week,2025-W03,qlib158/vsumn20,0.09199,0.6149,5,0
week,2025-W03,gtja191/alpha_041,0.09806,0.6115,6,0
week,2025-W03,alpha101/alpha_044,0.08914,0.5848,7,0
week,2025-W03,alpha101/alpha_002,0.08758,0.5803,8,0
week,2025-W03,alpha101/alpha_026,0.08545,0.5754,9,0
week,2025-W03,qlib158/ma10,0.0857,0.5694,10,0
week,2025-W03,qlib158/vma60,0.07779,0.5581,11,0
week,2025-W03,alpha101/alpha_055,0.09647,0.5552,12,0
week,2025-W03,gtja191/alpha_090,0.07318,0.5309,13,0
week,2025-W03,alpha101/alpha_023,0.07111,0.5221,14,0
week,2025-W03,gtja191/alpha_001,0.07532,0.5046,15,0
week,2025-W03,gtja191/alpha_025,0.06348,0.4928,16,0
week,2025-W03,alpha101/alpha_015,0.06124,0.4907,17,0
week,2025-W03,alpha101/alpha_069,0.07077,0.4897,18,0
week,2025-W03,qlib158/vsumn60,0.06506,0.4878,19,0
week,2025-W03,qlib158/vsumn5,0.06007,0.4715,20,0
week,2025-W03,alpha101/alpha_019,0.05445,0.4513,21,0
week,2025-W03,gtja191/alpha_157,0.05393,0.4427,22,0
week,2025-W03,gtja191/alpha_048,0.05558,0.4267,23,0
week,2025-W03,gtja191/alpha_026,0.04551,0.4072,24,0
week,2025-W03,gtja191/alpha_008,0.04149,0.393,25,0
week,2025-W03,alpha101/alpha_024,0.04203,0.3878,26,0
week,2025-W03,gtja191/alpha_168,0.03585,0.367,27,0
week,2025-W03,alpha101/alpha_084,0.03825,0.3623,28,0
week,2025-W03,gtja191/alpha_092,0.03507,0.3607,29,0
week,2025-W03,qlib158/cntn5,0.02972,0.333,30,0
week,2025-W03,gtja191/alpha_006,0.02363,0.3004,31,0
week,2025-W03,qlib158/min10,0.01186,0.262,32,0
week,2025-W03,alpha101/alpha_004,0.0147,0.26,33,0
week,2025-W03,alpha101/alpha_080,0.0145,0.2595,34,0
week,2025-W03,alpha101/alpha_027,0.00913,0.2368,35,0
week,2025-W03,alpha101/alpha_088,0.00793,0.2282,36,0
week,2025-W03,qlib158/vma10,0.00282,0.2214,37,0
week,2025-W03,alpha101/alpha_016,-0.00846,0.2125,38,0
week,2025-W04,qlib158/vsumn60,0.10482,0.68,1,1
week,2025-W04,qlib158/ma10,0.10303,0.6742,2,0
week,2025-W04,qlib158/vsumn30,0.10915,0.6588,3,0
week,2025-W04,alpha101/alpha_044,0.09655,0.6448,4,0
week,2025-W04,gtja191/alpha_090,0.08701,0.6216,5,0
week,2025-W04,qlib158/vsumn20,0.08534,0.6111,6,0
week,2025-W04,alpha101/alpha_055,0.08434,0.6031,7,0
week,2025-W04,alpha101/alpha_067,0.08378,0.593,8,0
week,2025-W04,qlib158/vma10,0.08394,0.5906,9,0
week,2025-W04,gtja191/alpha_157,0.08095,0.5863,10,0
week,2025-W04,gtja191/alpha_168,0.07483,0.5594,11,0
week,2025-W04,gtja191/alpha_048,0.06988,0.5572,12,0
week,2025-W04,gtja191/alpha_001,0.07078,0.5476,13,0
week,2025-W04,qlib158/vsumn5,0.07089,0.5379,14,0
week,2025-W04,gtja191/alpha_092,0.07048,0.5376,15,0
week,2025-W04,qlib158/cntn5,0.06279,0.5278,16,0
week,2025-W04,gtja191/alpha_016,0.06464,0.522,17,0
week,2025-W04,alpha101/alpha_026,0.06081,0.5111,18,0
week,2025-W04,alpha101/alpha_080,0.0586,0.5077,19,0
week,2025-W04,qlib158/vma60,0.06457,0.5027,20,0
week,2025-W04,alpha101/alpha_016,0.05001,0.4717,21,0
week,2025-W04,gtja191/alpha_041,0.05535,0.469,22,0
week,2025-W04,alpha101/alpha_015,0.05412,0.4636,23,0
week,2025-W04,alpha101/alpha_002,0.04815,0.4592,24,0
week,2025-W04,alpha101/alpha_069,0.04966,0.4455,25,0
week,2025-W04,gtja191/alpha_025,0.04226,0.4196,26,0
week,2025-W04,qlib158/min10,0.03748,0.4096,27,0
week,2025-W04,gtja191/alpha_006,0.04591,0.4081,28,0
week,2025-W04,alpha101/alpha_023,0.022,0.3805,29,0
week,2025-W04,gtja191/alpha_026,0.0215,0.3349,30,0
week,2025-W04,alpha101/alpha_024,0.01738,0.3192,31,0
week,2025-W04,gtja191/alpha_008,0.0159,0.314,32,0
week,2025-W04,gtja191/alpha_037,0.01692,0.3022,33,0
week,2025-W04,alpha101/alpha_027,0.01489,0.2987,34,0
week,2025-W04,alpha101/alpha_004,0.01548,0.2986,35,0
week,2025-W04,alpha101/alpha_088,0.00638,0.269,36,0
week,2025-W04,alpha101/alpha_084,0.005,0.2583,37,0
week,2025-W04,alpha101/alpha_019,-0.01395,0.2035,38,0
week,2025-W05,qlib158/vma10,0.32796,0.9468,1,1
week,2025-W05,alpha101/alpha_016,0.24509,0.9022,2,0
week,2025-W05,gtja191/alpha_168,0.23186,0.8907,3,0
week,2025-W05,gtja191/alpha_001,0.20313,0.8607,4,0
week,2025-W05,qlib158/min10,0.17863,0.8303,5,0
week,2025-W05,gtja191/alpha_048,0.17607,0.8272,6,0
week,2025-W05,alpha101/alpha_044,0.15611,0.7873,7,0
week,2025-W05,qlib158/cntn5,0.15061,0.776,8,0
week,2025-W05,alpha101/alpha_002,0.14737,0.7686,9,0
week,2025-W05,qlib158/vsumn20,0.12408,0.7101,10,0
week,2025-W05,alpha101/alpha_015,0.11785,0.6914,11,0
week,2025-W05,alpha101/alpha_055,0.11283,0.6752,12,0
week,2025-W05,gtja191/alpha_157,0.09874,0.6345,13,0
week,2025-W05,qlib158/ma10,0.09584,0.6234,14,0
week,2025-W05,alpha101/alpha_067,0.09072,0.6069,15,0
week,2025-W05,qlib158/vma60,0.08662,0.5946,16,0
week,2025-W05,qlib158/vsumn30,0.08644,0.5942,17,0
week,2025-W05,qlib158/vsumn5,0.07234,0.5322,18,0
week,2025-W05,qlib158/vsumn60,0.07103,0.5256,19,0
week,2025-W05,alpha101/alpha_026,0.06788,0.5122,20,0
week,2025-W05,gtja191/alpha_090,0.0581,0.4674,21,0
week,2025-W05,alpha101/alpha_080,0.05399,0.4496,22,0
week,2025-W05,gtja191/alpha_016,0.05372,0.4483,23,0
week,2025-W05,gtja191/alpha_092,0.04766,0.4253,24,0
week,2025-W05,alpha101/alpha_069,0.04603,0.42,25,0
week,2025-W05,gtja191/alpha_041,0.04488,0.4148,26,0
week,2025-W05,gtja191/alpha_025,0.04462,0.4144,27,0
week,2025-W05,alpha101/alpha_004,0.03609,0.3721,28,0
week,2025-W05,gtja191/alpha_008,0.03371,0.3608,29,0
week,2025-W05,gtja191/alpha_037,0.03348,0.3598,30,0
week,2025-W05,alpha101/alpha_088,0.03202,0.3536,31,0
week,2025-W05,alpha101/alpha_027,-0.00426,0.1946,32,0
week,2025-W05,gtja191/alpha_006,-0.00699,0.1831,33,0
week,2025-W05,alpha101/alpha_084,-0.01478,0.1588,34,0
week,2025-W05,alpha101/alpha_023,-0.01704,0.1479,35,0
week,2025-W05,gtja191/alpha_026,-0.02563,0.1216,36,0
week,2025-W05,alpha101/alpha_019,-0.02662,0.1181,37,0
week,2025-W05,alpha101/alpha_024,-0.04762,0.0719,38,0
week,2025-W06,alpha101/alpha_016,0.22707,0.8893,1,1
week,2025-W06,qlib158/vma10,0.16112,0.8426,2,0
week,2025-W06,alpha101/alpha_055,0.12336,0.7582,3,0
week,2025-W06,gtja191/alpha_168,0.11577,0.7294,4,0
week,2025-W06,alpha101/alpha_044,0.10563,0.7095,5,0
week,2025-W06,gtja191/alpha_016,0.09749,0.7081,6,0
week,2025-W06,qlib158/vsumn20,0.08986,0.6729,7,0
week,2025-W06,qlib158/vsumn5,0.07673,0.6408,8,0
week,2025-W06,gtja191/alpha_090,0.08645,0.6367,9,0
week,2025-W06,qlib158/vsumn60,0.07587,0.6357,10,0
week,2025-W06,qlib158/vma60,0.09672,0.6224,11,0
week,2025-W06,alpha101/alpha_015,0.06627,0.5994,12,0
week,2025-W06,alpha101/alpha_002,0.07103,0.5848,13,0
week,2025-W06,alpha101/alpha_069,0.05598,0.5486,14,0
week,2025-W06,gtja191/alpha_008,0.05698,0.5426,15,0
week,2025-W06,gtja191/alpha_041,0.05846,0.5423,16,0
week,2025-W06,alpha101/alpha_067,0.05389,0.5393,17,0
week,2025-W06,qlib158/vsumn30,0.0471,0.5127,18,0
week,2025-W06,alpha101/alpha_026,0.04036,0.4663,19,0
week,2025-W06,alpha101/alpha_084,0.03896,0.4581,20,0
week,2025-W06,gtja191/alpha_001,0.03734,0.4486,21,0
week,2025-W06,gtja191/alpha_048,0.0316,0.4299,22,0
week,2025-W06,gtja191/alpha_025,0.0311,0.4297,23,0
week,2025-W06,gtja191/alpha_092,0.03132,0.4295,24,0
week,2025-W06,gtja191/alpha_157,0.03222,0.4273,25,0
week,2025-W06,alpha101/alpha_080,0.02976,0.4241,26,0
week,2025-W06,qlib158/cntn5,0.02634,0.4001,27,0
week,2025-W06,alpha101/alpha_024,0.02058,0.3885,28,0
week,2025-W06,alpha101/alpha_088,0.01752,0.3575,29,0
week,2025-W06,gtja191/alpha_026,0.01607,0.3488,30,0
week,2025-W06,gtja191/alpha_006,0.00803,0.3031,31,0
week,2025-W06,alpha101/alpha_004,0.00692,0.2982,32,0
week,2025-W06,alpha101/alpha_027,0.0039,0.2815,33,0
week,2025-W06,gtja191/alpha_037,0.00259,0.2714,34,0
week,2025-W06,qlib158/ma10,-0.0058,0.2456,35,0
week,2025-W06,qlib158/min10,-0.0055,0.2425,36,0
week,2025-W06,alpha101/alpha_019,-0.01362,0.1879,37,0
week,2025-W06,alpha101/alpha_023,-0.02143,0.1593,38,0
week,2025-W07,qlib158/vma10,0.12357,0.8179,1,1
week,2025-W07,gtja191/alpha_168,0.12304,0.801,2,0
week,2025-W07,alpha101/alpha_067,0.12026,0.7992,3,0
week,2025-W07,alpha101/alpha_002,0.1069,0.7581,4,0
week,2025-W07,alpha101/alpha_044,0.07668,0.704,5,0
week,2025-W07,qlib158/vma60,0.07151,0.6631,6,0
week,2025-W07,qlib158/vsumn5,0.07185,0.6527,7,0
week,2025-W07,alpha101/alpha_055,0.07263,0.6427,8,0
week,2025-W07,qlib158/vsumn60,0.05784,0.6327,9,0
week,2025-W07,alpha101/alpha_016,0.0638,0.6205,10,0
week,2025-W07,gtja191/alpha_048,0.04726,0.5865,11,0
week,2025-W07,gtja191/alpha_090,0.04446,0.5821,12,0
week,2025-W07,qlib158/vsumn30,0.0439,0.5719,13,0
week,2025-W07,alpha101/alpha_026,0.0442,0.5707,14,0
week,2025-W07,qlib158/min10,0.04629,0.5695,15,0
week,2025-W07,gtja191/alpha_016,0.04726,0.5621,16,0
week,2025-W07,alpha101/alpha_015,0.04636,0.5582,17,0
week,2025-W07,gtja191/alpha_001,0.04306,0.5524,18,0
week,2025-W07,alpha101/alpha_069,0.03686,0.5286,19,0
week,2025-W07,gtja191/alpha_092,0.03814,0.5269,20,0
week,2025-W07,qlib158/vsumn20,0.02717,0.4859,21,0
week,2025-W07,qlib158/cntn5,0.0265,0.481,22,0
week,2025-W07,alpha101/alpha_023,0.01061,0.4005,23,0
week,2025-W07,alpha101/alpha_088,0.00852,0.3879,24,0
week,2025-W07,gtja191/alpha_041,0.0088,0.3826,25,0
week,2025-W07,gtja191/alpha_157,0.00733,0.3803,26,0
week,2025-W07,alpha101/alpha_080,0.00597,0.3746,27,0
week,2025-W07,alpha101/alpha_024,0.00454,0.3706,28,0
week,2025-W07,gtja191/alpha_006,0.00156,0.3498,29,0
week,2025-W07,qlib158/ma10,-0.00321,0.324,30,0
week,2025-W07,gtja191/alpha_026,-0.008,0.3017,31,0
week,2025-W07,alpha101/alpha_004,-0.00799,0.2996,32,0
week,2025-W07,gtja191/alpha_008,-0.00948,0.2922,33,0
week,2025-W07,gtja191/alpha_025,-0.01109,0.2887,34,0
week,2025-W07,alpha101/alpha_027,-0.00937,0.2882,35,0
week,2025-W07,alpha101/alpha_084,-0.01111,0.283,36,0
week,2025-W07,gtja191/alpha_037,-0.01395,0.2695,37,0
week,2025-W07,alpha101/alpha_019,-0.04504,0.1475,38,0
week,2025-W08,alpha101/alpha_002,0.10431,0.7741,1,1
week,2025-W08,alpha101/alpha_015,0.08351,0.719,2,0
week,2025-W08,qlib158/vsumn20,0.08064,0.709,3,0
week,2025-W08,qlib158/vsumn30,0.07768,0.6957,4,0
week,2025-W08,alpha101/alpha_026,0.07204,0.6641,5,0
week,2025-W08,gtja191/alpha_048,0.06744,0.6228,6,0
week,2025-W08,qlib158/vsumn60,0.06263,0.6161,7,0
week,2025-W08,gtja191/alpha_090,0.06231,0.6152,8,0
week,2025-W08,qlib158/vsumn5,0.06458,0.6139,9,0
week,2025-W08,gtja191/alpha_168,0.05952,0.5926,10,0
week,2025-W08,alpha101/alpha_088,0.05477,0.5896,11,0
week,2025-W08,alpha101/alpha_044,0.05547,0.5854,12,0
week,2025-W08,qlib158/vma60,0.05303,0.5572,13,0
week,2025-W08,alpha101/alpha_055,0.04965,0.5569,14,0
week,2025-W08,alpha101/alpha_016,0.04822,0.5374,15,0
week,2025-W08,qlib158/vma10,0.04221,0.5173,16,0
week,2025-W08,gtja191/alpha_157,0.04237,0.5122,17,0
week,2025-W08,gtja191/alpha_001,0.03855,0.5076,18,0
week,2025-W08,gtja191/alpha_016,0.03828,0.506,19,0
week,2025-W08,qlib158/min10,0.03852,0.5049,20,0
week,2025-W08,gtja191/alpha_092,0.03819,0.4982,21,0
week,2025-W08,qlib158/ma10,0.03115,0.481,22,0
week,2025-W08,qlib158/cntn5,0.02689,0.4355,23,0
week,2025-W08,alpha101/alpha_004,0.02158,0.4089,24,0
week,2025-W08,gtja191/alpha_025,0.01964,0.3984,25,0
week,2025-W08,alpha101/alpha_080,0.01524,0.3803,26,0
week,2025-W08,gtja191/alpha_026,0.01501,0.3696,27,0
week,2025-W08,gtja191/alpha_006,0.01413,0.366,28,0
week,2025-W08,alpha101/alpha_067,0.006,0.3301,29,0
week,2025-W08,alpha101/alpha_027,0.00157,0.3089,30,0
week,2025-W08,alpha101/alpha_069,-0.00052,0.2981,31,0
week,2025-W08,gtja191/alpha_041,-8e-05,0.296,32,0
week,2025-W08,alpha101/alpha_084,-0.00182,0.2846,33,0
week,2025-W08,gtja191/alpha_008,-0.01491,0.2379,34,0
week,2025-W08,alpha101/alpha_019,-0.02392,0.2229,35,0
week,2025-W08,alpha101/alpha_024,-0.0245,0.1954,36,0
week,2025-W08,gtja191/alpha_037,-0.04037,0.1454,37,0
week,2025-W08,alpha101/alpha_023,-0.04061,0.1357,38,0
week,2025-W09,qlib158/vsumn20,0.13068,0.8669,1,1
week,2025-W09,qlib158/vsumn30,0.06343,0.7931,2,0
week,2025-W09,alpha101/alpha_088,0.04006,0.6971,3,0
week,2025-W09,gtja191/alpha_001,0.04042,0.6832,4,0
week,2025-W09,alpha101/alpha_004,0.03443,0.6812,5,0
week,2025-W09,qlib158/min10,0.03599,0.6579,6,0
week,2025-W09,alpha101/alpha_080,0.03406,0.6563,7,0
week,2025-W09,gtja191/alpha_006,0.02529,0.6352,8,0
week,2025-W09,gtja191/alpha_157,0.02598,0.6287,9,0
week,2025-W09,alpha101/alpha_027,0.02418,0.6283,10,0
week,2025-W09,qlib158/vsumn60,0.02182,0.6255,11,0
week,2025-W09,alpha101/alpha_015,0.02383,0.6243,12,0
week,2025-W09,gtja191/alpha_016,0.02303,0.609,13,0
week,2025-W09,alpha101/alpha_055,0.01558,0.583,14,0
week,2025-W09,alpha101/alpha_044,0.01745,0.5762,15,0
week,2025-W09,alpha101/alpha_002,0.01107,0.5635,16,0
week,2025-W09,qlib158/cntn5,0.01247,0.562,17,0
week,2025-W09,alpha101/alpha_026,0.00921,0.5563,18,0
week,2025-W09,gtja191/alpha_090,0.00233,0.5172,19,0
week,2025-W09,qlib158/vma60,0.00109,0.512,20,0
week,2025-W09,gtja191/alpha_092,-0.00165,0.5086,21,0
week,2025-W09,gtja191/alpha_168,-0.00286,0.4994,22,0
week,2025-W09,qlib158/vsumn5,-0.00274,0.4929,23,0
week,2025-W09,gtja191/alpha_048,-0.00584,0.4786,24,0
week,2025-W09,gtja191/alpha_041,-0.00375,0.4733,25,0
week,2025-W09,gtja191/alpha_025,-0.00811,0.4704,26,0
week,2025-W09,alpha101/alpha_069,-0.01522,0.4298,27,0
week,2025-W09,alpha101/alpha_084,-0.02045,0.4149,28,0
week,2025-W09,qlib158/vma10,-0.02039,0.413,29,0
week,2025-W09,alpha101/alpha_067,-0.0329,0.3542,30,0
week,2025-W09,gtja191/alpha_008,-0.03218,0.353,31,0
week,2025-W09,gtja191/alpha_026,-0.03549,0.3483,32,0
week,2025-W09,alpha101/alpha_016,-0.05823,0.2682,33,0
week,2025-W09,alpha101/alpha_024,-0.06395,0.2513,34,0
week,2025-W09,qlib158/ma10,-0.0724,0.2421,35,0
week,2025-W09,gtja191/alpha_037,-0.06814,0.2313,36,0
week,2025-W09,alpha101/alpha_019,-0.08214,0.1827,37,0
week,2025-W09,alpha101/alpha_023,-0.08694,0.1734,38,0
week,2025-W10,gtja191/alpha_006,0.0206,0.7495,1,1
week,2025-W10,qlib158/min10,0.02499,0.7456,2,0
week,2025-W10,alpha101/alpha_027,0.01178,0.7225,3,0
week,2025-W10,qlib158/vsumn30,0.00622,0.7086,4,0
week,2025-W10,gtja191/alpha_090,0.00569,0.708,5,0
week,2025-W10,alpha101/alpha_004,0.00973,0.7022,6,0
week,2025-W10,alpha101/alpha_088,0.00505,0.6967,7,0
week,2025-W10,qlib158/vsumn20,-0.00193,0.6402,8,0
week,2025-W10,alpha101/alpha_026,-0.0128,0.633,9,0
week,2025-W10,qlib158/vsumn60,-0.00874,0.6278,10,0
week,2025-W10,alpha101/alpha_055,-0.01451,0.6126,11,0
week,2025-W10,alpha101/alpha_067,-0.01194,0.6052,12,0
week,2025-W10,alpha101/alpha_016,-0.02136,0.5941,13,0
week,2025-W10,qlib158/vsumn5,-0.01445,0.5899,14,0
week,2025-W10,alpha101/alpha_044,-0.02256,0.5725,15,0
week,2025-W10,qlib158/cntn5,-0.01971,0.5719,16,0
week,2025-W10,gtja191/alpha_092,-0.02309,0.5688,17,0
week,2025-W10,qlib158/vma60,-0.02202,0.552,18,0
week,2025-W10,qlib158/vma10,-0.02758,0.5344,19,0
week,2025-W10,gtja191/alpha_048,-0.03072,0.5327,20,0
week,2025-W10,qlib158/ma10,-0.03866,0.5295,21,0
week,2025-W10,gtja191/alpha_016,-0.03624,0.5227,22,0
week,2025-W10,alpha101/alpha_015,-0.0336,0.5163,23,0
week,2025-W10,gtja191/alpha_008,-0.03783,0.4955,24,0
week,2025-W10,alpha101/alpha_080,-0.04452,0.4714,25,0
week,2025-W10,gtja191/alpha_001,-0.0469,0.4695,26,0
week,2025-W10,alpha101/alpha_002,-0.04448,0.4662,27,0
week,2025-W10,gtja191/alpha_026,-0.05118,0.4463,28,0
week,2025-W10,gtja191/alpha_168,-0.04904,0.4406,29,0
week,2025-W10,alpha101/alpha_024,-0.06201,0.395,30,0
week,2025-W10,gtja191/alpha_157,-0.07641,0.3904,31,0
week,2025-W10,gtja191/alpha_041,-0.07143,0.3592,32,0
week,2025-W10,alpha101/alpha_069,-0.07481,0.3443,33,0
week,2025-W10,gtja191/alpha_025,-0.07647,0.3437,34,0
week,2025-W10,alpha101/alpha_084,-0.07779,0.3301,35,0
week,2025-W10,gtja191/alpha_037,-0.08246,0.3227,36,0
week,2025-W10,alpha101/alpha_023,-0.08753,0.3029,37,0
week,2025-W10,alpha101/alpha_019,-0.11688,0.1904,38,0
week,2025-W11,alpha101/alpha_027,0.00517,0.8521,1,1
week,2025-W11,gtja191/alpha_006,0.00743,0.8476,2,0
week,2025-W11,alpha101/alpha_088,-0.01136,0.8214,3,0
week,2025-W11,alpha101/alpha_004,-0.01061,0.8117,4,0
week,2025-W11,alpha101/alpha_080,-0.00989,0.8,5,0
week,2025-W11,alpha101/alpha_026,-0.03232,0.7504,6,0
week,2025-W11,alpha101/alpha_015,-0.05434,0.6971,7,0
week,2025-W11,alpha101/alpha_055,-0.06289,0.6944,8,0
week,2025-W11,qlib158/vsumn5,-0.05423,0.691,9,0
week,2025-W11,qlib158/min10,-0.05922,0.6869,10,0
week,2025-W11,qlib158/cntn5,-0.06261,0.6814,11,0
week,2025-W11,alpha101/alpha_044,-0.06904,0.6661,12,0
week,2025-W11,gtja191/alpha_001,-0.07204,0.6493,13,0
week,2025-W11,gtja191/alpha_090,-0.07709,0.6429,14,0
week,2025-W11,qlib158/vsumn60,-0.08027,0.637,15,0
week,2025-W11,gtja191/alpha_016,-0.081,0.6362,16,0
week,2025-W11,qlib158/vsumn30,-0.09013,0.6041,17,0
week,2025-W11,qlib158/vma10,-0.09831,0.5774,18,0
week,2025-W11,alpha101/alpha_016,-0.09436,0.577,19,0
week,2025-W11,qlib158/vsumn20,-0.10527,0.5561,20,0
week,2025-W11,alpha101/alpha_002,-0.10528,0.5507,21,0
week,2025-W11,gtja191/alpha_157,-0.11156,0.5261,22,0
week,2025-W11,gtja191/alpha_026,-0.10883,0.5195,23,0
week,2025-W11,gtja191/alpha_168,-0.1193,0.5074,24,0
week,2025-W11,alpha101/alpha_067,-0.11405,0.5054,25,0
week,2025-W11,alpha101/alpha_069,-0.11934,0.5026,26,0
week,2025-W11,alpha101/alpha_084,-0.1178,0.4963,27,0
week,2025-W11,alpha101/alpha_024,-0.12057,0.4907,28,0
week,2025-W11,gtja191/alpha_092,-0.11946,0.4885,29,0
week,2025-W11,gtja191/alpha_008,-0.12347,0.4774,30,0
week,2025-W11,gtja191/alpha_041,-0.12836,0.4636,31,0
week,2025-W11,qlib158/vma60,-0.12945,0.457,32,0
week,2025-W11,gtja191/alpha_025,-0.13609,0.4344,33,0
week,2025-W11,gtja191/alpha_048,-0.1464,0.3944,34,0
week,2025-W11,qlib158/ma10,-0.14702,0.3815,35,0
week,2025-W11,gtja191/alpha_037,-0.16968,0.3147,36,0
week,2025-W11,alpha101/alpha_023,-0.17787,0.2853,37,0
week,2025-W11,alpha101/alpha_019,-0.22978,0.137,38,0
week,2025-W12,alpha101/alpha_027,-0.01157,0.8018,1,1
week,2025-W12,alpha101/alpha_088,-0.01085,0.7981,2,0
week,2025-W12,alpha101/alpha_080,-0.02393,0.7644,3,0
week,2025-W12,gtja191/alpha_016,-0.03782,0.7364,4,0
week,2025-W12,alpha101/alpha_004,-0.03917,0.7166,5,0
week,2025-W12,gtja191/alpha_006,-0.04646,0.7084,6,0
week,2025-W12,qlib158/vsumn60,-0.04788,0.7045,7,0
week,2025-W12,qlib158/min10,-0.05439,0.6761,8,0
week,2025-W12,gtja191/alpha_090,-0.06746,0.629,9,0
week,2025-W12,alpha101/alpha_026,-0.0695,0.6221,10,0
week,2025-W12,qlib158/cntn5,-0.06831,0.6194,11,0
week,2025-W12,gtja191/alpha_025,-0.0691,0.6184,12,0
week,2025-W12,alpha101/alpha_055,-0.07657,0.607,13,0
week,2025-W12,qlib158/vsumn20,-0.07788,0.597,14,0
week,2025-W12,qlib158/vsumn30,-0.08091,0.5857,15,0
week,2025-W12,qlib158/vma10,-0.08118,0.5846,16,0
week,2025-W12,qlib158/vsumn5,-0.08685,0.5522,17,0
week,2025-W12,alpha101/alpha_084,-0.09174,0.5375,18,0
week,2025-W12,alpha101/alpha_015,-0.09338,0.5367,19,0
week,2025-W12,gtja191/alpha_026,-0.09409,0.5359,20,0
week,2025-W12,gtja191/alpha_037,-0.09561,0.524,21,0
week,2025-W12,alpha101/alpha_016,-0.09592,0.5168,22,0
week,2025-W12,alpha101/alpha_044,-0.0988,0.5147,23,0
week,2025-W12,gtja191/alpha_157,-0.09601,0.5133,24,0
week,2025-W12,alpha101/alpha_023,-0.0995,0.5106,25,0
week,2025-W12,alpha101/alpha_024,-0.1052,0.4906,26,0
week,2025-W12,gtja191/alpha_008,-0.10584,0.4891,27,0
week,2025-W12,alpha101/alpha_002,-0.10625,0.4836,28,0
week,2025-W12,alpha101/alpha_067,-0.11128,0.4609,29,0
week,2025-W12,alpha101/alpha_069,-0.11388,0.4572,30,0
week,2025-W12,gtja191/alpha_041,-0.11497,0.4521,31,0
week,2025-W12,gtja191/alpha_092,-0.11461,0.4471,32,0
week,2025-W12,gtja191/alpha_001,-0.11643,0.4376,33,0
week,2025-W12,gtja191/alpha_168,-0.12555,0.4055,34,0
week,2025-W12,gtja191/alpha_048,-0.13347,0.368,35,0
week,2025-W12,qlib158/vma60,-0.13486,0.3678,36,0
week,2025-W12,qlib158/ma10,-0.14847,0.3089,37,0
week,2025-W12,alpha101/alpha_019,-0.17965,0.1969,38,0
week,2025-W13,alpha101/alpha_026,0.00524,0.7634,1,1
week,2025-W13,alpha101/alpha_088,-0.00498,0.7357,2,0
week,2025-W13,gtja191/alpha_090,-0.00529,0.7285,3,0
week,2025-W13,alpha101/alpha_027,-0.00849,0.7256,4,0
week,2025-W13,alpha101/alpha_055,-0.01553,0.7037,5,0
week,2025-W13,gtja191/alpha_016,-0.01766,0.6879,6,0
week,2025-W13,alpha101/alpha_044,-0.01837,0.6857,7,0
week,2025-W13,alpha101/alpha_084,-0.02561,0.6583,8,0
week,2025-W13,gtja191/alpha_006,-0.02691,0.6555,9,0
week,2025-W13,alpha101/alpha_015,-0.02765,0.6512,10,0
week,2025-W13,qlib158/vsumn5,-0.02776,0.6473,11,0
week,2025-W13,qlib158/vsumn60,-0.02604,0.6449,12,0
week,2025-W13,alpha101/alpha_080,-0.03013,0.6391,13,0
week,2025-W13,alpha101/alpha_069,-0.02713,0.6348,14,0
week,2025-W13,gtja191/alpha_041,-0.02724,0.6323,15,0
week,2025-W13,alpha101/alpha_002,-0.0362,0.6072,16,0
week,2025-W13,qlib158/cntn5,-0.0363,0.5985,17,0
week,2025-W13,gtja191/alpha_001,-0.03921,0.5984,18,0
week,2025-W13,gtja191/alpha_008,-0.04286,0.5905,19,0
week,2025-W13,gtja191/alpha_092,-0.04284,0.5805,20,0
week,2025-W13,gtja191/alpha_037,-0.04764,0.5674,21,0
week,2025-W13,qlib158/vma10,-0.04432,0.5639,22,0
week,2025-W13,gtja191/alpha_026,-0.05071,0.5533,23,0
week,2025-W13,qlib158/vsumn20,-0.04452,0.5522,24,0
week,2025-W13,alpha101/alpha_004,-0.05163,0.5384,25,0
week,2025-W13,gtja191/alpha_025,-0.0534,0.5383,26,0
week,2025-W13,qlib158/vsumn30,-0.0578,0.5185,27,0
week,2025-W13,alpha101/alpha_024,-0.05894,0.515,28,0
week,2025-W13,qlib158/min10,-0.05755,0.5107,29,0
week,2025-W13,gtja191/alpha_168,-0.06465,0.5055,30,0
week,2025-W13,qlib158/vma60,-0.05911,0.5023,31,0
week,2025-W13,alpha101/alpha_067,-0.06624,0.4745,32,0
week,2025-W13,alpha101/alpha_016,-0.06699,0.4656,33,0
week,2025-W13,alpha101/alpha_023,-0.07239,0.4411,34,0
week,2025-W13,gtja191/alpha_157,-0.07528,0.426,35,0
week,2025-W13,gtja191/alpha_048,-0.076,0.4228,36,0
week,2025-W13,qlib158/ma10,-0.0916,0.3551,37,0
week,2025-W13,alpha101/alpha_019,-0.16501,0.0883,38,0
week,2025-W14,gtja191/alpha_041,0.04854,0.8235,1,1
week,2025-W14,gtja191/alpha_168,0.05792,0.7918,2,0
week,2025-W14,gtja191/alpha_090,0.03754,0.7649,3,0
week,2025-W14,alpha101/alpha_069,0.02608,0.7534,4,0
week,2025-W14,qlib158/vma10,0.02616,0.7165,5,0
week,2025-W14,alpha101/alpha_023,0.00516,0.6639,6,0
week,2025-W14,alpha101/alpha_055,0.01148,0.6548,7,0
week,2025-W14,alpha101/alpha_027,-0.00036,0.6463,8,0
week,2025-W14,gtja191/alpha_006,-0.00431,0.6278,9,0
week,2025-W14,qlib158/vsumn5,-0.00745,0.613,10,0
week,2025-W14,alpha101/alpha_080,-0.00715,0.5977,11,0
week,2025-W14,qlib158/vsumn60,-0.01227,0.5844,12,0
week,2025-W14,alpha101/alpha_088,-0.01306,0.5703,13,0
week,2025-W14,alpha101/alpha_002,-0.01286,0.5676,14,0
week,2025-W14,gtja191/alpha_016,-0.01516,0.5645,15,0
week,2025-W14,qlib158/ma10,-0.01191,0.5598,16,0
week,2025-W14,qlib158/vsumn30,-0.01846,0.5516,17,0
week,2025-W14,alpha101/alpha_016,-0.01666,0.5334,18,0
week,2025-W14,alpha101/alpha_026,-0.02212,0.5323,19,0
week,2025-W14,alpha101/alpha_044,-0.02369,0.524,20,0
week,2025-W14,qlib158/min10,-0.01742,0.5221,21,0
week,2025-W14,qlib158/vma60,-0.01912,0.5196,22,0
week,2025-W14,alpha101/alpha_015,-0.02702,0.5065,23,0
week,2025-W14,qlib158/vsumn20,-0.02543,0.5049,24,0
week,2025-W14,alpha101/alpha_004,-0.02921,0.4994,25,0
week,2025-W14,gtja191/alpha_001,-0.02889,0.4926,26,0
week,2025-W14,alpha101/alpha_067,-0.03125,0.4876,27,0
week,2025-W14,gtja191/alpha_048,-0.03344,0.4662,28,0
week,2025-W14,gtja191/alpha_092,-0.03629,0.4514,29,0
week,2025-W14,alpha101/alpha_019,-0.04041,0.4349,30,0
week,2025-W14,qlib158/cntn5,-0.04691,0.3851,31,0
week,2025-W14,gtja191/alpha_157,-0.0504,0.3766,32,0
week,2025-W14,alpha101/alpha_084,-0.0646,0.2919,33,0
week,2025-W14,gtja191/alpha_037,-0.06851,0.28,34,0
week,2025-W14,gtja191/alpha_025,-0.08874,0.2093,35,0
week,2025-W14,alpha101/alpha_024,-0.08446,0.2047,36,0
week,2025-W14,gtja191/alpha_008,-0.1134,0.1058,37,0
week,2025-W14,gtja191/alpha_026,-0.11718,0.0962,38,0
week,2025-W15,gtja191/alpha_001,0.20907,0.7988,1,1
week,2025-W15,alpha101/alpha_055,0.19007,0.7767,2,0
week,2025-W15,qlib158/ma10,0.19879,0.7725,3,0
week,2025-W15,qlib158/vma60,0.19029,0.7394,4,0
week,2025-W15,alpha101/alpha_069,0.17167,0.7151,5,0
week,2025-W15,gtja191/alpha_168,0.18308,0.714,6,0
week,2025-W15,qlib158/vsumn5,0.15888,0.6951,7,0
week,2025-W15,gtja191/alpha_026,0.14648,0.6566,8,0
week,2025-W15,gtja191/alpha_048,0.15046,0.652,9,0
week,2025-W15,qlib158/vsumn20,0.14255,0.6464,10,0
week,2025-W15,qlib158/vsumn60,0.1415,0.6353,11,0
week,2025-W15,gtja191/alpha_037,0.13622,0.6246,12,0
week,2025-W15,gtja191/alpha_008,0.13227,0.6062,13,0
week,2025-W15,alpha101/alpha_026,0.13016,0.5938,14,0
week,2025-W15,gtja191/alpha_090,0.13018,0.5914,15,0
week,2025-W15,alpha101/alpha_015,0.13316,0.5909,16,0
week,2025-W15,alpha101/alpha_002,0.12776,0.5885,17,0
week,2025-W15,gtja191/alpha_016,0.12868,0.5837,18,0
week,2025-W15,qlib158/vsumn30,0.12759,0.5826,19,0
week,2025-W15,alpha101/alpha_019,0.13,0.5657,20,0
week,2025-W15,qlib158/vma10,0.13078,0.5555,21,0
week,2025-W15,alpha101/alpha_044,0.13164,0.5443,22,0
week,2025-W15,qlib158/min10,0.12648,0.5354,23,0
week,2025-W15,alpha101/alpha_004,0.11831,0.5294,24,0
week,2025-W15,gtja191/alpha_157,0.1117,0.5287,25,0
week,2025-W15,gtja191/alpha_092,0.10345,0.5008,26,0
week,2025-W15,qlib158/cntn5,0.1059,0.4979,27,0
week,2025-W15,gtja191/alpha_041,0.102,0.492,28,0
week,2025-W15,gtja191/alpha_025,0.09627,0.4695,29,0
week,2025-W15,alpha101/alpha_084,0.08849,0.4272,30,0
week,2025-W15,alpha101/alpha_067,0.09215,0.4245,31,0
week,2025-W15,alpha101/alpha_080,0.08111,0.4033,32,0
week,2025-W15,alpha101/alpha_016,0.07787,0.3998,33,0
week,2025-W15,alpha101/alpha_088,0.08001,0.3968,34,0
week,2025-W15,alpha101/alpha_024,0.08505,0.3952,35,0
week,2025-W15,gtja191/alpha_006,0.04346,0.2535,36,0
week,2025-W15,alpha101/alpha_027,0.03847,0.2352,37,0
week,2025-W15,alpha101/alpha_023,0.02924,0.2341,38,0
week,2025-W16,gtja191/alpha_168,0.17006,0.7993,1,1
week,2025-W16,alpha101/alpha_055,0.14687,0.7807,2,0
week,2025-W16,qlib158/vsumn20,0.12248,0.7101,3,0
week,2025-W16,alpha101/alpha_002,0.11082,0.7013,4,0
week,2025-W16,alpha101/alpha_015,0.1131,0.6902,5,0
week,2025-W16,qlib158/vma10,0.1207,0.6813,6,0
week,2025-W16,qlib158/ma10,0.10116,0.6717,7,0
week,2025-W16,qlib158/vma60,0.11214,0.6663,8,0
week,2025-W16,gtja191/alpha_016,0.09702,0.6519,9,0
week,2025-W16,alpha101/alpha_044,0.09665,0.6518,10,0
week,2025-W16,alpha101/alpha_026,0.0925,0.6379,11,0
week,2025-W16,gtja191/alpha_090,0.09468,0.6126,12,0
week,2025-W16,qlib158/vsumn60,0.08403,0.6056,13,0
week,2025-W16,gtja191/alpha_048,0.08631,0.5995,14,0
week,2025-W16,qlib158/vsumn30,0.08039,0.5872,15,0
week,2025-W16,alpha101/alpha_088,0.08251,0.5854,16,0
week,2025-W16,gtja191/alpha_157,0.08169,0.5825,17,0
week,2025-W16,gtja191/alpha_025,0.08017,0.5815,18,0
week,2025-W16,alpha101/alpha_019,0.07527,0.5523,19,0
week,2025-W16,gtja191/alpha_001,0.0744,0.5504,20,0
week,2025-W16,alpha101/alpha_080,0.06412,0.5151,21,0
week,2025-W16,alpha101/alpha_016,0.08108,0.5089,22,0
week,2025-W16,alpha101/alpha_004,0.05937,0.49,23,0
week,2025-W16,alpha101/alpha_069,0.05373,0.454,24,0
week,2025-W16,qlib158/min10,0.05311,0.4501,25,0
week,2025-W16,gtja191/alpha_037,0.04732,0.4259,26,0
week,2025-W16,alpha101/alpha_067,0.04703,0.4254,27,0
week,2025-W16,qlib158/vsumn5,0.03722,0.3824,28,0
week,2025-W16,qlib158/cntn5,0.03427,0.3793,29,0
week,2025-W16,gtja191/alpha_026,0.03094,0.3566,30,0
week,2025-W16,gtja191/alpha_008,0.02111,0.3394,31,0
week,2025-W16,alpha101/alpha_084,0.02367,0.3382,32,0
week,2025-W16,alpha101/alpha_027,0.02123,0.3112,33,0
week,2025-W16,gtja191/alpha_041,0.01888,0.2917,34,0
week,2025-W16,gtja191/alpha_006,0.01699,0.283,35,0
week,2025-W16,gtja191/alpha_092,0.01195,0.2713,36,0
week,2025-W16,alpha101/alpha_024,-0.00024,0.2212,37,0
week,2025-W16,alpha101/alpha_023,-0.02055,0.1629,38,0
week,2025-W17,qlib158/vsumn20,0.1268,0.7987,1,1
week,2025-W17,alpha101/alpha_055,0.10659,0.752,2,0
week,2025-W17,qlib158/vsumn30,0.07847,0.7007,3,0
week,2025-W17,gtja191/alpha_168,0.08871,0.6951,4,0
week,2025-W17,alpha101/alpha_002,0.07557,0.686,5,0
week,2025-W17,gtja191/alpha_016,0.06912,0.6368,6,0
week,2025-W17,qlib158/vsumn60,0.05785,0.6192,7,0
week,2025-W17,qlib158/vma10,0.05922,0.6161,8,0
week,2025-W17,gtja191/alpha_090,0.05793,0.6082,9,0
week,2025-W17,alpha101/alpha_026,0.04883,0.5728,10,0
week,2025-W17,qlib158/vma60,0.05559,0.5658,11,0
week,2025-W17,alpha101/alpha_015,0.04664,0.559,12,0
week,2025-W17,alpha101/alpha_067,0.04255,0.5481,13,0
week,2025-W17,qlib158/cntn5,0.04735,0.5477,14,0
week,2025-W17,alpha101/alpha_044,0.04536,0.5448,15,0
week,2025-W17,qlib158/ma10,0.04392,0.5371,16,0
week,2025-W17,gtja191/alpha_001,0.04238,0.5247,17,0
week,2025-W17,gtja191/alpha_006,0.03759,0.5226,18,0
week,2025-W17,alpha101/alpha_027,0.03688,0.5198,19,0
week,2025-W17,gtja191/alpha_048,0.03508,0.4991,20,0
week,2025-W17,alpha101/alpha_019,0.0333,0.4913,21,0
week,2025-W17,alpha101/alpha_069,0.03144,0.4904,22,0
week,2025-W17,alpha101/alpha_016,0.03092,0.4771,23,0
week,2025-W17,alpha101/alpha_080,0.0267,0.4616,24,0
week,2025-W17,alpha101/alpha_004,0.02614,0.4606,25,0
week,2025-W17,qlib158/vsumn5,0.02365,0.4497,26,0
week,2025-W17,gtja191/alpha_025,0.01991,0.4281,27,0
week,2025-W17,gtja191/alpha_157,0.01386,0.3929,28,0
week,2025-W17,qlib158/min10,0.01269,0.3882,29,0
week,2025-W17,gtja191/alpha_041,0.00986,0.387,30,0
week,2025-W17,alpha101/alpha_088,0.00564,0.3527,31,0
week,2025-W17,alpha101/alpha_084,-0.00861,0.2912,32,0
week,2025-W17,gtja191/alpha_092,-0.01221,0.2735,33,0
week,2025-W17,gtja191/alpha_008,-0.02275,0.2311,34,0
week,2025-W17,alpha101/alpha_024,-0.03085,0.1932,35,0
week,2025-W17,alpha101/alpha_023,-0.04567,0.1673,36,0
week,2025-W17,gtja191/alpha_026,-0.04213,0.1646,37,0
week,2025-W17,gtja191/alpha_037,-0.04353,0.1502,38,0
week,2025-W18,qlib158/vsumn20,0.10945,0.7664,1,1
week,2025-W18,qlib158/vma10,0.08883,0.6989,2,0
week,2025-W18,qlib158/vsumn30,0.08887,0.6968,3,0
week,2025-W18,alpha101/alpha_016,0.08914,0.6962,4,0
week,2025-W18,qlib158/ma10,0.09708,0.6267,5,0
week,2025-W18,gtja191/alpha_168,0.06729,0.605,6,0
week,2025-W18,qlib158/vsumn5,0.06653,0.5994,7,0
week,2025-W18,gtja191/alpha_048,0.0636,0.5765,8,0
week,2025-W18,alpha101/alpha_002,0.06002,0.5708,9,0
week,2025-W18,alpha101/alpha_044,0.05599,0.546,10,0
week,2025-W18,qlib158/vsumn60,0.05616,0.5318,11,0
week,2025-W18,alpha101/alpha_055,0.04861,0.5133,12,0
week,2025-W18,gtja191/alpha_001,0.04903,0.5021,13,0
week,2025-W18,qlib158/vma60,0.04668,0.502,14,0
week,2025-W18,alpha101/alpha_019,0.0467,0.4997,15,0
week,2025-W18,gtja191/alpha_157,0.04637,0.4963,16,0
week,2025-W18,alpha101/alpha_004,0.04392,0.4924,17,0
week,2025-W18,gtja191/alpha_006,0.04242,0.486,18,0
week,2025-W18,gtja191/alpha_016,0.04215,0.4761,19,0
week,2025-W18,alpha101/alpha_023,0.03597,0.4731,20,0
week,2025-W18,gtja191/alpha_092,0.04101,0.4721,21,0
week,2025-W18,gtja191/alpha_090,0.03758,0.4471,22,0
week,2025-W18,alpha101/alpha_026,0.03555,0.4428,23,0
week,2025-W18,alpha101/alpha_067,0.03629,0.4398,24,0
week,2025-W18,alpha101/alpha_088,0.03381,0.4302,25,0
week,2025-W18,alpha101/alpha_015,0.02746,0.4025,26,0
week,2025-W18,qlib158/min10,0.0263,0.392,27,0
week,2025-W18,gtja191/alpha_041,0.02544,0.3744,28,0
week,2025-W18,qlib158/cntn5,0.01779,0.3417,29,0
week,2025-W18,alpha101/alpha_027,0.01663,0.3352,30,0
week,2025-W18,alpha101/alpha_080,0.0102,0.3036,31,0
week,2025-W18,alpha101/alpha_024,-0.00031,0.2555,32,0
week,2025-W18,gtja191/alpha_008,-0.00572,0.2347,33,0
week,2025-W18,alpha101/alpha_084,-0.00448,0.2245,34,0
week,2025-W18,alpha101/alpha_069,-0.01374,0.2034,35,0
week,2025-W18,gtja191/alpha_037,-0.02087,0.167,36,0
week,2025-W18,gtja191/alpha_025,-0.0267,0.1405,37,0
week,2025-W18,gtja191/alpha_026,-0.03438,0.1195,38,0
week,2025-W19,qlib158/ma10,0.11035,0.8081,1,1
week,2025-W19,qlib158/vma10,0.12858,0.8062,2,0
week,2025-W19,alpha101/alpha_016,0.09781,0.7994,3,0
week,2025-W19,gtja191/alpha_168,0.11933,0.7952,4,0
week,2025-W19,qlib158/cntn5,0.09959,0.7886,5,0
week,2025-W19,qlib158/vsumn20,0.09026,0.7701,6,0
week,2025-W19,alpha101/alpha_069,0.08591,0.7324,7,0
week,2025-W19,alpha101/alpha_055,0.07124,0.7259,8,0
week,2025-W19,alpha101/alpha_019,0.07051,0.7222,9,0
week,2025-W19,gtja191/alpha_048,0.07332,0.7198,10,0
week,2025-W19,gtja191/alpha_041,0.05731,0.6845,11,0
week,2025-W19,alpha101/alpha_044,0.04726,0.6497,12,0
week,2025-W19,qlib158/vma60,0.06049,0.6265,13,0
week,2025-W19,gtja191/alpha_092,0.04217,0.6233,14,0
week,2025-W19,qlib158/vsumn30,0.04049,0.6187,15,0
week,2025-W19,qlib158/min10,0.04944,0.61,16,0
week,2025-W19,gtja191/alpha_090,0.03966,0.5905,17,0
week,2025-W19,alpha101/alpha_002,0.03516,0.5679,18,0
week,2025-W19,alpha101/alpha_084,0.04157,0.5632,19,0
week,2025-W19,alpha101/alpha_015,0.0305,0.5579,20,0
week,2025-W19,gtja191/alpha_001,0.02801,0.5506,21,0
week,2025-W19,alpha101/alpha_004,0.02755,0.5432,22,0
week,2025-W19,alpha101/alpha_026,0.02783,0.5345,23,0
week,2025-W19,alpha101/alpha_067,0.02551,0.5259,24,0
week,2025-W19,alpha101/alpha_023,0.02924,0.5238,25,0
week,2025-W19,alpha101/alpha_088,0.02294,0.518,26,0
week,2025-W19,alpha101/alpha_024,0.03439,0.517,27,0
week,2025-W19,gtja191/alpha_006,0.02158,0.5021,28,0
week,2025-W19,gtja191/alpha_037,0.01776,0.4982,29,0
week,2025-W19,alpha101/alpha_080,0.0204,0.4917,30,0
week,2025-W19,qlib158/vsumn60,0.02212,0.4894,31,0
week,2025-W19,gtja191/alpha_157,0.01938,0.4874,32,0
week,2025-W19,gtja191/alpha_026,0.01767,0.486,33,0
week,2025-W19,alpha101/alpha_027,0.0173,0.4788,34,0
week,2025-W19,qlib158/vsumn5,0.01621,0.4568,35,0
week,2025-W19,gtja191/alpha_016,0.00395,0.3931,36,0
week,2025-W19,gtja191/alpha_008,-0.00253,0.3658,37,0
week,2025-W19,gtja191/alpha_025,-0.01743,0.2878,38,0
week,2025-W20,alpha101/alpha_016,0.16217,0.9086,1,1
week,2025-W20,gtja191/alpha_001,0.08423,0.7895,2,0
week,2025-W20,gtja191/alpha_048,0.07,0.7379,3,0
week,2025-W20,alpha101/alpha_002,0.06243,0.7234,4,0
week,2025-W20,qlib158/vsumn60,0.06861,0.7217,5,0
week,2025-W20,qlib158/vma10,0.071,0.7147,6,0
week,2025-W20,alpha101/alpha_044,0.05655,0.7118,7,0
week,2025-W20,alpha101/alpha_069,0.09263,0.7089,8,0
week,2025-W20,gtja191/alpha_168,0.05115,0.6866,9,0
week,2025-W20,gtja191/alpha_090,0.05766,0.6863,10,0
week,2025-W20,alpha101/alpha_019,0.06656,0.6815,11,0
week,2025-W20,alpha101/alpha_015,0.05097,0.6747,12,0
week,2025-W20,qlib158/ma10,0.07383,0.6684,13,0
week,2025-W20,alpha101/alpha_084,0.07656,0.6636,14,0
week,2025-W20,qlib158/vsumn30,0.04615,0.6636,15,0
week,2025-W20,alpha101/alpha_055,0.04238,0.6608,16,0
week,2025-W20,gtja191/alpha_016,0.04506,0.6592,17,0
week,2025-W20,qlib158/cntn5,0.05926,0.6467,18,0
week,2025-W20,alpha101/alpha_026,0.03796,0.629,19,0
week,2025-W20,gtja191/alpha_041,0.05248,0.6201,20,0
week,2025-W20,alpha101/alpha_027,0.02798,0.5859,21,0
week,2025-W20,qlib158/min10,0.04465,0.5763,22,0
week,2025-W20,qlib158/vsumn5,0.03468,0.5404,23,0
week,2025-W20,qlib158/vsumn20,0.02031,0.5316,24,0
week,2025-W20,qlib158/vma60,0.01835,0.5237,25,0
week,2025-W20,alpha101/alpha_088,0.01777,0.5204,26,0
week,2025-W20,alpha101/alpha_080,0.01698,0.5172,27,0
week,2025-W20,alpha101/alpha_023,0.06292,0.5137,28,0
week,2025-W20,gtja191/alpha_006,0.01444,0.5028,29,0
week,2025-W20,gtja191/alpha_037,0.01898,0.501,30,0
week,2025-W20,alpha101/alpha_067,0.01799,0.4759,31,0
week,2025-W20,gtja191/alpha_026,0.01834,0.4697,32,0
week,2025-W20,gtja191/alpha_157,0.03663,0.4696,33,0
week,2025-W20,gtja191/alpha_025,0.00612,0.4563,34,0
week,2025-W20,alpha101/alpha_004,0.00317,0.4294,35,0
week,2025-W20,gtja191/alpha_092,-0.00444,0.4144,36,0
week,2025-W20,alpha101/alpha_024,-0.00453,0.3919,37,0
week,2025-W20,gtja191/alpha_008,-0.00802,0.372,38,0
week,2025-W21,alpha101/alpha_002,0.07322,0.7675,1,1
week,2025-W21,alpha101/alpha_044,0.04641,0.7543,2,0
week,2025-W21,qlib158/vma10,0.05403,0.7306,3,0
week,2025-W21,gtja191/alpha_168,0.04414,0.7163,4,0
week,2025-W21,qlib158/vsumn30,0.04346,0.7153,5,0
week,2025-W21,gtja191/alpha_090,0.03203,0.7037,6,0
week,2025-W21,gtja191/alpha_048,0.05276,0.6683,7,0
week,2025-W21,qlib158/vsumn20,0.05318,0.6506,8,0
week,2025-W21,qlib158/ma10,0.04063,0.6504,9,0
week,2025-W21,gtja191/alpha_006,0.01684,0.6367,10,0
week,2025-W21,alpha101/alpha_080,0.01922,0.6318,11,0
week,2025-W21,gtja191/alpha_016,0.01588,0.6263,12,0
week,2025-W21,alpha101/alpha_004,0.01343,0.5915,13,0
week,2025-W21,alpha101/alpha_055,0.00763,0.5853,14,0
week,2025-W21,alpha101/alpha_015,0.00927,0.5814,15,0
week,2025-W21,alpha101/alpha_027,0.00469,0.5726,16,0
week,2025-W21,alpha101/alpha_067,0.00559,0.5701,17,0
week,2025-W21,alpha101/alpha_026,0.01035,0.555,18,0
week,2025-W21,alpha101/alpha_023,0.01145,0.549,19,0
week,2025-W21,alpha101/alpha_024,0.00118,0.5372,20,0
week,2025-W21,qlib158/vsumn60,-0.00206,0.5125,21,0
week,2025-W21,alpha101/alpha_088,-0.00666,0.5003,22,0
week,2025-W21,alpha101/alpha_016,-0.00447,0.4964,23,0
week,2025-W21,gtja191/alpha_037,-0.00259,0.4902,24,0
week,2025-W21,qlib158/min10,-0.01186,0.4672,25,0
week,2025-W21,gtja191/alpha_001,-0.01292,0.4479,26,0
week,2025-W21,alpha101/alpha_084,-0.01823,0.4288,27,0
week,2025-W21,gtja191/alpha_157,-0.01777,0.4193,28,0
week,2025-W21,alpha101/alpha_069,-0.02509,0.3863,29,0
week,2025-W21,gtja191/alpha_092,-0.02599,0.3618,30,0
week,2025-W21,gtja191/alpha_026,-0.03069,0.3538,31,0
week,2025-W21,alpha101/alpha_019,-0.02902,0.341,32,0
week,2025-W21,gtja191/alpha_008,-0.02994,0.34,33,0
week,2025-W21,qlib158/vma60,-0.03054,0.3367,34,0
week,2025-W21,qlib158/vsumn5,-0.03008,0.3329,35,0
week,2025-W21,gtja191/alpha_025,-0.03386,0.3323,36,0
week,2025-W21,qlib158/cntn5,-0.03406,0.3092,37,0
week,2025-W21,gtja191/alpha_041,-0.04306,0.2898,38,0
week,2025-W22,alpha101/alpha_019,0.0898,0.7672,1,1
week,2025-W22,qlib158/vsumn60,0.06807,0.7088,2,0
week,2025-W22,alpha101/alpha_055,0.08752,0.7058,3,0
week,2025-W22,qlib158/vma10,0.07934,0.7014,4,0
week,2025-W22,gtja191/alpha_001,0.05834,0.6554,5,0
week,2025-W22,gtja191/alpha_090,0.05031,0.6187,6,0
week,2025-W22,qlib158/min10,0.05063,0.612,7,0
week,2025-W22,gtja191/alpha_168,0.05895,0.6057,8,0
week,2025-W22,gtja191/alpha_016,0.04359,0.5883,9,0
week,2025-W22,alpha101/alpha_044,0.04273,0.5853,10,0
week,2025-W22,alpha101/alpha_015,0.04273,0.5832,11,0
week,2025-W22,qlib158/vma60,0.04089,0.5667,12,0
week,2025-W22,gtja191/alpha_037,0.0483,0.5638,13,0
week,2025-W22,gtja191/alpha_025,0.04383,0.5635,14,0
week,2025-W22,alpha101/alpha_024,0.03843,0.5557,15,0
week,2025-W22,alpha101/alpha_026,0.03872,0.5511,16,0
week,2025-W22,alpha101/alpha_088,0.03633,0.5374,17,0
week,2025-W22,alpha101/alpha_016,0.03732,0.5124,18,0
week,2025-W22,alpha101/alpha_004,0.03191,0.5042,19,0
week,2025-W22,alpha101/alpha_002,0.02888,0.5012,20,0
week,2025-W22,qlib158/vsumn30,0.02823,0.4884,21,0
week,2025-W22,gtja191/alpha_092,0.0291,0.4865,22,0
week,2025-W22,qlib158/vsumn20,0.02457,0.4773,23,0
week,2025-W22,gtja191/alpha_048,0.02486,0.4625,24,0
week,2025-W22,gtja191/alpha_157,0.02214,0.4576,25,0
week,2025-W22,gtja191/alpha_006,0.01859,0.4396,26,0
week,2025-W22,alpha101/alpha_067,0.01942,0.4385,27,0
week,2025-W22,qlib158/vsumn5,0.01751,0.4312,28,0
week,2025-W22,qlib158/ma10,0.01146,0.3996,29,0
week,2025-W22,gtja191/alpha_008,0.01142,0.3989,30,0
week,2025-W22,qlib158/cntn5,0.00656,0.3691,31,0
week,2025-W22,alpha101/alpha_084,0.00636,0.363,32,0
week,2025-W22,alpha101/alpha_069,0.00723,0.3617,33,0
week,2025-W22,gtja191/alpha_041,0.00528,0.3564,34,0
week,2025-W22,alpha101/alpha_023,0.00366,0.3558,35,0
week,2025-W22,gtja191/alpha_026,0.00226,0.3427,36,0
week,2025-W22,alpha101/alpha_027,-0.00036,0.3148,37,0
week,2025-W22,alpha101/alpha_080,-0.00152,0.3122,38,0
week,2025-W23,qlib158/vsumn60,0.06888,0.6718,1,1
week,2025-W23,qlib158/vsumn5,0.0508,0.6401,2,0
week,2025-W23,alpha101/alpha_002,0.05197,0.6085,3,0
week,2025-W23,alpha101/alpha_024,0.04321,0.5734,4,0
week,2025-W23,qlib158/vsumn20,0.06394,0.5702,5,0
week,2025-W23,alpha101/alpha_016,0.04025,0.5696,6,0
week,2025-W23,qlib158/vsumn30,0.03992,0.569,7,0
week,2025-W23,gtja191/alpha_016,0.03689,0.5504,8,0
week,2025-W23,gtja191/alpha_168,0.03616,0.5487,9,0
week,2025-W23,alpha101/alpha_067,0.03626,0.5481,10,0
week,2025-W23,qlib158/vma60,0.03614,0.5476,11,0
week,2025-W23,alpha101/alpha_055,0.03947,0.5439,12,0
week,2025-W23,gtja191/alpha_090,0.03446,0.5383,13,0
week,2025-W23,alpha101/alpha_080,0.04016,0.5223,14,0
week,2025-W23,qlib158/vma10,0.03293,0.4913,15,0
week,2025-W23,alpha101/alpha_019,0.03189,0.4863,16,0
week,2025-W23,alpha101/alpha_088,0.02099,0.4539,17,0
week,2025-W23,gtja191/alpha_048,0.02262,0.4528,18,0
week,2025-W23,alpha101/alpha_069,0.02059,0.4466,19,0
week,2025-W23,gtja191/alpha_008,0.01908,0.4305,20,0
week,2025-W23,alpha101/alpha_026,0.01696,0.4151,21,0
week,2025-W23,qlib158/min10,0.01452,0.4046,22,0
week,2025-W23,alpha101/alpha_004,0.0125,0.4004,23,0
week,2025-W23,alpha101/alpha_027,0.01308,0.3953,24,0
week,2025-W23,gtja191/alpha_006,0.01157,0.3885,25,0
week,2025-W23,gtja191/alpha_037,0.01006,0.3827,26,0
week,2025-W23,gtja191/alpha_001,0.01033,0.3759,27,0
week,2025-W23,gtja191/alpha_092,0.01,0.3746,28,0
week,2025-W23,gtja191/alpha_041,0.01012,0.3731,29,0
week,2025-W23,gtja191/alpha_157,0.00751,0.3724,30,0
week,2025-W23,alpha101/alpha_044,0.00727,0.3651,31,0
week,2025-W23,gtja191/alpha_025,0.00742,0.3597,32,0
week,2025-W23,gtja191/alpha_026,0.0026,0.3263,33,0
week,2025-W23,alpha101/alpha_084,0.00175,0.3188,34,0
week,2025-W23,alpha101/alpha_023,-0.00323,0.3179,35,0
week,2025-W23,alpha101/alpha_015,-0.00255,0.3021,36,0
week,2025-W23,qlib158/cntn5,-0.00179,0.2912,37,0
week,2025-W23,qlib158/ma10,-0.01463,0.2658,38,0
week,2025-W24,gtja191/alpha_016,0.05974,0.6723,1,1
week,2025-W24,qlib158/vsumn20,0.06845,0.6713,2,0
week,2025-W24,qlib158/vsumn60,0.06834,0.6544,3,0
week,2025-W24,alpha101/alpha_016,0.06826,0.6379,4,0
week,2025-W24,alpha101/alpha_023,0.07561,0.6356,5,0
week,2025-W24,alpha101/alpha_044,0.05583,0.605,6,0
week,2025-W24,alpha101/alpha_015,0.04482,0.5956,7,0
week,2025-W24,qlib158/vsumn5,0.05036,0.5943,8,0
week,2025-W24,qlib158/vsumn30,0.04573,0.5942,9,0
week,2025-W24,alpha101/alpha_002,0.04567,0.5617,10,0
week,2025-W24,alpha101/alpha_067,0.0826,0.5585,11,0
week,2025-W24,qlib158/vma60,0.03949,0.5518,12,0
week,2025-W24,gtja191/alpha_037,0.03946,0.5485,13,0
week,2025-W24,qlib158/vma10,0.04089,0.5389,14,0
week,2025-W24,alpha101/alpha_080,0.0419,0.5345,15,0
week,2025-W24,alpha101/alpha_055,0.038,0.5308,16,0
week,2025-W24,alpha101/alpha_026,0.03676,0.5249,17,0
week,2025-W24,gtja191/alpha_008,0.0321,0.5038,18,0
week,2025-W24,alpha101/alpha_027,0.03207,0.5002,19,0
week,2025-W24,qlib158/ma10,0.02984,0.4904,20,0
week,2025-W24,gtja191/alpha_168,0.03101,0.4773,21,0
week,2025-W24,qlib158/min10,0.02719,0.4661,22,0
week,2025-W24,gtja191/alpha_026,0.02015,0.4284,23,0
week,2025-W24,gtja191/alpha_001,0.02137,0.4256,24,0
week,2025-W24,gtja191/alpha_090,0.0215,0.4249,25,0
week,2025-W24,gtja191/alpha_048,0.01979,0.4219,26,0
week,2025-W24,gtja191/alpha_092,0.01567,0.415,27,0
week,2025-W24,gtja191/alpha_025,0.01855,0.4047,28,0
week,2025-W24,alpha101/alpha_088,0.01596,0.389,29,0
week,2025-W24,alpha101/alpha_004,0.0127,0.367,30,0
week,2025-W24,gtja191/alpha_006,0.01097,0.357,31,0
week,2025-W24,alpha101/alpha_084,0.00502,0.3237,32,0
week,2025-W24,gtja191/alpha_157,0.00569,0.3229,33,0
week,2025-W24,alpha101/alpha_024,0.00377,0.3183,34,0
week,2025-W24,qlib158/cntn5,-0.00218,0.2805,35,0
week,2025-W24,alpha101/alpha_069,-0.01295,0.2338,36,0
week,2025-W24,alpha101/alpha_019,-0.01895,0.197,37,0
week,2025-W24,gtja191/alpha_041,-0.0228,0.185,38,0
week,2025-W25,alpha101/alpha_026,0.10477,0.741,1,1
week,2025-W25,alpha101/alpha_015,0.10439,0.7058,2,0
week,2025-W25,gtja191/alpha_025,0.09273,0.6715,3,0
week,2025-W25,qlib158/vsumn60,0.08799,0.6621,4,0
week,2025-W25,gtja191/alpha_016,0.08873,0.6599,5,0
week,2025-W25,alpha101/alpha_019,0.08727,0.6518,6,0
week,2025-W25,qlib158/vsumn30,0.20727,0.6433,7,0
week,2025-W25,gtja191/alpha_008,0.08476,0.6312,8,0
week,2025-W25,gtja191/alpha_037,0.09285,0.6177,9,0
week,2025-W25,alpha101/alpha_023,0.08968,0.6004,10,0
week,2025-W25,qlib158/vsumn20,0.07625,0.5956,11,0
week,2025-W25,alpha101/alpha_044,0.07761,0.5877,12,0
week,2025-W25,gtja191/alpha_026,0.07441,0.5822,13,0
week,2025-W25,gtja191/alpha_041,0.07449,0.5729,14,0
week,2025-W25,gtja191/alpha_090,0.07443,0.564,15,0
week,2025-W25,qlib158/vma10,0.07175,0.5636,16,0
week,2025-W25,gtja191/alpha_092,0.07345,0.5615,17,0
week,2025-W25,alpha101/alpha_084,0.07021,0.5514,18,0
week,2025-W25,qlib158/min10,0.06927,0.5502,19,0
week,2025-W25,alpha101/alpha_055,0.06794,0.5463,20,0
week,2025-W25,alpha101/alpha_080,0.06795,0.5455,21,0
week,2025-W25,alpha101/alpha_024,0.0679,0.5401,22,0
week,2025-W25,alpha101/alpha_069,0.06882,0.5385,23,0
week,2025-W25,qlib158/vma60,0.06635,0.5345,24,0
week,2025-W25,gtja191/alpha_001,0.06963,0.5294,25,0
week,2025-W25,qlib158/cntn5,0.06536,0.5294,26,0
week,2025-W25,qlib158/vsumn5,0.06504,0.521,27,0
week,2025-W25,alpha101/alpha_016,0.07283,0.5199,28,0
week,2025-W25,alpha101/alpha_002,0.06327,0.5134,29,0
week,2025-W25,alpha101/alpha_067,0.0661,0.5114,30,0
week,2025-W25,gtja191/alpha_048,0.05316,0.4428,31,0
week,2025-W25,gtja191/alpha_168,0.04976,0.4212,32,0
week,2025-W25,qlib158/ma10,0.04663,0.4072,33,0
week,2025-W25,alpha101/alpha_004,0.04787,0.4017,34,0
week,2025-W25,alpha101/alpha_027,0.04188,0.389,35,0
week,2025-W25,gtja191/alpha_006,0.04171,0.3712,36,0
week,2025-W25,gtja191/alpha_157,0.0381,0.3504,37,0
week,2025-W25,alpha101/alpha_088,0.02892,0.2886,38,0
week,2025-W26,gtja191/alpha_037,0.14822,0.8287,1,1
week,2025-W26,qlib158/vsumn60,0.13109,0.7994,2,0
week,2025-W26,gtja191/alpha_016,0.10439,0.7279,3,0
week,2025-W26,qlib158/vsumn30,0.09089,0.656,4,0
week,2025-W26,alpha101/alpha_088,0.09491,0.6517,5,0
week,2025-W26,alpha101/alpha_002,0.09432,0.647,6,0
week,2025-W26,alpha101/alpha_015,0.08485,0.6415,7,0
week,2025-W26,alpha101/alpha_026,0.08725,0.6336,8,0
week,2025-W26,gtja191/alpha_026,0.0898,0.6287,9,0
week,2025-W26,gtja191/alpha_025,0.08151,0.6116,10,0
week,2025-W26,qlib158/vsumn20,0.08068,0.6112,11,0
week,2025-W26,alpha101/alpha_023,0.09591,0.6087,12,0
week,2025-W26,alpha101/alpha_004,0.07843,0.6083,13,0
week,2025-W26,gtja191/alpha_092,0.08895,0.5984,14,0
week,2025-W26,gtja191/alpha_001,0.0755,0.5869,15,0
week,2025-W26,alpha101/alpha_044,0.07957,0.5819,16,0
week,2025-W26,gtja191/alpha_157,0.08355,0.575,17,0
week,2025-W26,gtja191/alpha_090,0.07513,0.5579,18,0
week,2025-W26,alpha101/alpha_055,0.0694,0.5497,19,0
week,2025-W26,gtja191/alpha_008,0.07115,0.5453,20,0
week,2025-W26,alpha101/alpha_067,0.07912,0.5437,21,0
week,2025-W26,alpha101/alpha_019,0.06882,0.5422,22,0
week,2025-W26,qlib158/ma10,0.07072,0.5262,23,0
week,2025-W26,alpha101/alpha_069,0.07092,0.5254,24,0
week,2025-W26,alpha101/alpha_024,0.06911,0.5185,25,0
week,2025-W26,gtja191/alpha_168,0.05927,0.4818,26,0
week,2025-W26,qlib158/vma60,0.05812,0.4777,27,0
week,2025-W26,alpha101/alpha_080,0.0577,0.4753,28,0
week,2025-W26,gtja191/alpha_048,0.05536,0.4648,29,0
week,2025-W26,qlib158/vsumn5,0.05509,0.4517,30,0
week,2025-W26,qlib158/min10,0.0573,0.446,31,0
week,2025-W26,alpha101/alpha_084,0.05099,0.4269,32,0
week,2025-W26,alpha101/alpha_027,0.04877,0.4137,33,0
week,2025-W26,gtja191/alpha_041,0.05061,0.4005,34,0
week,2025-W26,gtja191/alpha_006,0.04624,0.396,35,0
week,2025-W26,alpha101/alpha_016,0.04604,0.3923,36,0
week,2025-W26,qlib158/cntn5,0.03884,0.3594,37,0
week,2025-W26,qlib158/vma10,0.0315,0.3227,38,0
week,2025-W27,alpha101/alpha_015,0.08706,0.7125,1,1
week,2025-W27,gtja191/alpha_037,0.08759,0.6999,2,0
week,2025-W27,gtja191/alpha_008,0.07995,0.6973,3,0
week,2025-W27,gtja191/alpha_016,0.08829,0.6891,4,0
week,2025-W27,gtja191/alpha_026,0.07473,0.6818,5,0
week,2025-W27,alpha101/alpha_055,0.07299,0.6668,6,0
week,2025-W27,gtja191/alpha_092,0.08218,0.6338,7,0
week,2025-W27,gtja191/alpha_090,0.0634,0.6298,8,0
week,2025-W27,alpha101/alpha_026,0.06576,0.6297,9,0
week,2025-W27,gtja191/alpha_001,0.06481,0.6195,10,0
week,2025-W27,qlib158/vsumn30,0.07006,0.6191,11,0
week,2025-W27,qlib158/vsumn20,0.06034,0.6118,12,0
week,2025-W27,alpha101/alpha_027,0.0587,0.6112,13,0
week,2025-W27,qlib158/vsumn5,0.05789,0.6033,14,0
week,2025-W27,alpha101/alpha_023,0.07451,0.5956,15,0
week,2025-W27,qlib158/cntn5,0.05505,0.5875,16,0
week,2025-W27,qlib158/vsumn60,0.05457,0.5848,17,0
week,2025-W27,alpha101/alpha_044,0.05981,0.5841,18,0
week,2025-W27,gtja191/alpha_168,0.05735,0.5827,19,0
week,2025-W27,alpha101/alpha_024,0.05665,0.5743,20,0
week,2025-W27,alpha101/alpha_084,0.05711,0.5689,21,0
week,2025-W27,gtja191/alpha_157,0.05418,0.5591,22,0
week,2025-W27,alpha101/alpha_004,0.0482,0.5398,23,0
week,2025-W27,alpha101/alpha_002,0.04569,0.5284,24,0
week,2025-W27,alpha101/alpha_069,0.04997,0.5234,25,0
week,2025-W27,gtja191/alpha_041,0.04667,0.5145,26,0
week,2025-W27,alpha101/alpha_016,0.05213,0.4971,27,0
week,2025-W27,qlib158/min10,0.04039,0.4901,28,0
week,2025-W27,alpha101/alpha_067,0.03937,0.4856,29,0
week,2025-W27,alpha101/alpha_088,0.03729,0.4787,30,0
week,2025-W27,gtja191/alpha_048,0.03785,0.4746,31,0
week,2025-W27,qlib158/vma60,0.03379,0.4522,32,0
week,2025-W27,qlib158/vma10,0.0329,0.4369,33,0
week,2025-W27,gtja191/alpha_025,0.01819,0.3459,34,0
week,2025-W27,alpha101/alpha_080,0.0152,0.3398,35,0
week,2025-W27,qlib158/ma10,0.01011,0.3014,36,0
week,2025-W27,gtja191/alpha_006,0.01151,0.2977,37,0
week,2025-W27,alpha101/alpha_019,-0.01853,0.1826,38,0
week,2025-W28,alpha101/alpha_069,0.12548,0.7934,1,1
week,2025-W28,gtja191/alpha_041,0.114,0.7735,2,0
week,2025-W28,alpha101/alpha_084,0.11181,0.7538,3,0
week,2025-W28,gtja191/alpha_026,0.10759,0.7449,4,0
week,2025-W28,gtja191/alpha_008,0.11319,0.7309,5,0
week,2025-W28,qlib158/ma10,0.10734,0.7263,6,0
week,2025-W28,alpha101/alpha_016,0.0943,0.6994,7,0
week,2025-W28,alpha101/alpha_055,0.09084,0.6962,8,0
week,2025-W28,gtja191/alpha_016,0.09195,0.6845,9,0
week,2025-W28,gtja191/alpha_048,0.09549,0.6676,10,0
week,2025-W28,gtja191/alpha_090,0.0896,0.6591,11,0
week,2025-W28,alpha101/alpha_024,0.08419,0.6551,12,0
week,2025-W28,alpha101/alpha_002,0.07715,0.6467,13,0
week,2025-W28,qlib158/vsumn5,0.07799,0.6422,14,0
week,2025-W28,alpha101/alpha_026,0.0725,0.6333,15,0
week,2025-W28,alpha101/alpha_044,0.0971,0.6318,16,0
week,2025-W28,gtja191/alpha_092,0.07242,0.6318,17,0
week,2025-W28,gtja191/alpha_001,0.07756,0.6301,18,0
week,2025-W28,gtja191/alpha_025,0.07276,0.6287,19,0
week,2025-W28,alpha101/alpha_015,0.06849,0.6051,20,0
week,2025-W28,gtja191/alpha_037,0.06762,0.6043,21,0
week,2025-W28,qlib158/cntn5,0.07139,0.5926,22,0
week,2025-W28,qlib158/vsumn20,0.06801,0.5901,23,0
week,2025-W28,qlib158/vsumn30,0.05953,0.5787,24,0
week,2025-W28,qlib158/vma10,0.06171,0.5636,25,0
week,2025-W28,alpha101/alpha_023,0.07227,0.5585,26,0
week,2025-W28,alpha101/alpha_067,0.05894,0.5535,27,0
week,2025-W28,gtja191/alpha_157,0.05757,0.541,28,0
week,2025-W28,gtja191/alpha_168,0.05232,0.5104,29,0
week,2025-W28,alpha101/alpha_027,0.04155,0.4814,30,0
week,2025-W28,alpha101/alpha_080,0.03475,0.438,31,0
week,2025-W28,qlib158/vsumn60,0.03344,0.432,32,0
week,2025-W28,qlib158/vma60,0.03375,0.4184,33,0
week,2025-W28,qlib158/min10,0.0305,0.4086,34,0
week,2025-W28,alpha101/alpha_088,0.02564,0.3849,35,0
week,2025-W28,alpha101/alpha_004,0.02442,0.3832,36,0
week,2025-W28,gtja191/alpha_006,0.00748,0.2749,37,0
week,2025-W28,alpha101/alpha_019,0.00057,0.2654,38,0
week,2025-W29,gtja191/alpha_037,0.13448,0.7866,1,1
week,2025-W29,gtja191/alpha_092,0.10182,0.7111,2,0
week,2025-W29,alpha101/alpha_023,0.11174,0.6794,3,0
week,2025-W29,alpha101/alpha_044,0.08287,0.66,4,0
week,2025-W29,qlib158/vsumn5,0.07927,0.629,5,0
week,2025-W29,gtja191/alpha_041,0.07425,0.6281,6,0
week,2025-W29,gtja191/alpha_025,0.08069,0.6212,7,0
week,2025-W29,alpha101/alpha_015,0.08247,0.6155,8,0
week,2025-W29,qlib158/vsumn20,0.07086,0.6126,9,0
week,2025-W29,alpha101/alpha_055,0.06806,0.5957,10,0
week,2025-W29,alpha101/alpha_024,0.07181,0.5906,11,0
week,2025-W29,qlib158/vsumn30,0.0647,0.5659,12,0
week,2025-W29,alpha101/alpha_069,0.06327,0.5646,13,0
week,2025-W29,gtja191/alpha_157,0.07195,0.5628,14,0
week,2025-W29,alpha101/alpha_026,0.06107,0.5592,15,0
week,2025-W29,qlib158/vsumn60,0.05955,0.5558,16,0
week,2025-W29,gtja191/alpha_048,0.0642,0.5312,17,0
week,2025-W29,gtja191/alpha_016,0.0551,0.5304,18,0
week,2025-W29,gtja191/alpha_168,0.06175,0.5205,19,0
week,2025-W29,gtja191/alpha_001,0.0538,0.5164,20,0
week,2025-W29,alpha101/alpha_067,0.05321,0.5155,21,0
week,2025-W29,qlib158/cntn5,0.05621,0.5135,22,0
week,2025-W29,alpha101/alpha_002,0.05536,0.5024,23,0
week,2025-W29,gtja191/alpha_090,0.05033,0.4953,24,0
week,2025-W29,qlib158/min10,0.05115,0.4952,25,0
week,2025-W29,gtja191/alpha_008,0.0494,0.4865,26,0
week,2025-W29,gtja191/alpha_026,0.05254,0.4847,27,0
week,2025-W29,qlib158/ma10,0.04419,0.4631,28,0
week,2025-W29,qlib158/vma10,0.04296,0.4523,29,0
week,2025-W29,alpha101/alpha_019,0.03912,0.416,30,0
week,2025-W29,alpha101/alpha_016,0.03144,0.4032,31,0
week,2025-W29,alpha101/alpha_084,0.03407,0.3891,32,0
week,2025-W29,alpha101/alpha_027,0.02372,0.3449,33,0
week,2025-W29,alpha101/alpha_080,0.02193,0.336,34,0
week,2025-W29,qlib158/vma60,0.02163,0.3322,35,0
week,2025-W29,alpha101/alpha_004,0.02109,0.3289,36,0
week,2025-W29,alpha101/alpha_088,0.02012,0.319,37,0
week,2025-W29,gtja191/alpha_006,0.01789,0.3128,38,0
week,2025-W30,gtja191/alpha_026,0.18789,0.8603,1,1
week,2025-W30,gtja191/alpha_008,0.20014,0.8485,2,0
week,2025-W30,alpha101/alpha_084,0.17726,0.8255,3,0
week,2025-W30,gtja191/alpha_037,0.15675,0.8081,4,0
week,2025-W30,alpha101/alpha_023,0.16872,0.7893,5,0
week,2025-W30,gtja191/alpha_025,0.13375,0.7627,6,0
week,2025-W30,alpha101/alpha_019,0.12946,0.757,7,0
week,2025-W30,gtja191/alpha_041,0.1292,0.7456,8,0
week,2025-W30,gtja191/alpha_092,0.12583,0.7394,9,0
week,2025-W30,gtja191/alpha_048,0.12389,0.7378,10,0
week,2025-W30,alpha101/alpha_024,0.11939,0.7274,11,0
week,2025-W30,alpha101/alpha_015,0.09744,0.6808,12,0
week,2025-W30,gtja191/alpha_157,0.10427,0.6758,13,0
week,2025-W30,gtja191/alpha_168,0.12071,0.6741,14,0
week,2025-W30,qlib158/vsumn30,0.09137,0.6699,15,0
week,2025-W30,qlib158/vsumn20,0.08445,0.6323,16,0
week,2025-W30,alpha101/alpha_069,0.10062,0.6276,17,0
week,2025-W30,qlib158/vma10,0.08917,0.6198,18,0
week,2025-W30,qlib158/cntn5,0.08079,0.601,19,0
week,2025-W30,alpha101/alpha_026,0.07649,0.5939,20,0
week,2025-W30,qlib158/min10,0.0714,0.5856,21,0
week,2025-W30,gtja191/alpha_001,0.071,0.5832,22,0
week,2025-W30,gtja191/alpha_090,0.06859,0.5689,23,0
week,2025-W30,alpha101/alpha_002,0.06717,0.5423,24,0
week,2025-W30,qlib158/vsumn5,0.05399,0.5062,25,0
week,2025-W30,alpha101/alpha_055,0.04489,0.4661,26,0
week,2025-W30,alpha101/alpha_044,0.04016,0.4349,27,0
week,2025-W30,qlib158/vma60,0.03901,0.4346,28,0
week,2025-W30,alpha101/alpha_080,0.03345,0.3979,29,0
week,2025-W30,gtja191/alpha_016,0.03661,0.3953,30,0
week,2025-W30,alpha101/alpha_088,0.03042,0.382,31,0
week,2025-W30,alpha101/alpha_067,0.02785,0.3711,32,0
week,2025-W30,qlib158/vsumn60,0.02513,0.3527,33,0
week,2025-W30,gtja191/alpha_006,0.02118,0.3224,34,0
week,2025-W30,qlib158/ma10,0.01754,0.3171,35,0
week,2025-W30,alpha101/alpha_016,0.00053,0.2691,36,0
week,2025-W30,alpha101/alpha_004,-0.00693,0.1869,37,0
week,2025-W30,alpha101/alpha_027,-0.00785,0.1805,38,0
week,2025-W31,alpha101/alpha_019,0.19335,0.8582,1,1
week,2025-W31,gtja191/alpha_037,0.18843,0.8443,2,0
week,2025-W31,alpha101/alpha_024,0.19069,0.8277,3,0
week,2025-W31,alpha101/alpha_023,0.13643,0.7683,4,0
week,2025-W31,gtja191/alpha_025,0.13353,0.755,5,0
week,2025-W31,gtja191/alpha_008,0.11839,0.7263,6,0
week,2025-W31,gtja191/alpha_026,0.12296,0.72,7,0
week,2025-W31,qlib158/vsumn20,0.10674,0.69,8,0
week,2025-W31,gtja191/alpha_157,0.10462,0.6751,9,0
week,2025-W31,gtja191/alpha_092,0.10079,0.6607,10,0
week,2025-W31,gtja191/alpha_041,0.09755,0.6465,11,0
week,2025-W31,gtja191/alpha_090,0.08168,0.6292,12,0
week,2025-W31,alpha101/alpha_002,0.09801,0.6273,13,0
week,2025-W31,alpha101/alpha_084,0.08488,0.613,14,0
week,2025-W31,alpha101/alpha_055,0.07786,0.6044,15,0
week,2025-W31,alpha101/alpha_088,0.07363,0.5975,16,0
week,2025-W31,qlib158/ma10,0.09357,0.5892,17,0
week,2025-W31,alpha101/alpha_026,0.07289,0.587,18,0
week,2025-W31,alpha101/alpha_015,0.07451,0.5805,19,0
week,2025-W31,alpha101/alpha_044,0.07508,0.5804,20,0
week,2025-W31,qlib158/vsumn60,0.07158,0.5689,21,0
week,2025-W31,alpha101/alpha_069,0.06959,0.5424,22,0
week,2025-W31,qlib158/cntn5,0.06412,0.5385,23,0
week,2025-W31,qlib158/vsumn30,0.05905,0.5339,24,0
week,2025-W31,gtja191/alpha_016,0.05805,0.5043,25,0
week,2025-W31,qlib158/vma60,0.04948,0.4909,26,0
week,2025-W31,alpha101/alpha_067,0.05081,0.4862,27,0
week,2025-W31,qlib158/vma10,0.04189,0.4527,28,0
week,2025-W31,gtja191/alpha_168,0.04196,0.4498,29,0
week,2025-W31,gtja191/alpha_001,0.04023,0.4283,30,0
week,2025-W31,gtja191/alpha_048,0.03599,0.4222,31,0
week,2025-W31,qlib158/vsumn5,0.03602,0.4161,32,0
week,2025-W31,qlib158/min10,0.04,0.4063,33,0
week,2025-W31,gtja191/alpha_006,0.01909,0.3299,34,0
week,2025-W31,alpha101/alpha_004,0.01877,0.3207,35,0
week,2025-W31,alpha101/alpha_016,0.01867,0.3194,36,0
week,2025-W31,alpha101/alpha_080,0.0163,0.3127,37,0
week,2025-W31,alpha101/alpha_027,-0.00165,0.21,38,0
week,2025-W32,gtja191/alpha_037,0.21871,0.907,1,1
week,2025-W32,gtja191/alpha_008,0.20736,0.8946,2,0
week,2025-W32,gtja191/alpha_026,0.18039,0.8835,3,0
week,2025-W32,alpha101/alpha_019,0.17511,0.8816,4,0
week,2025-W32,alpha101/alpha_023,0.20441,0.8791,5,0
week,2025-W32,gtja191/alpha_025,0.18103,0.8771,6,0
week,2025-W32,alpha101/alpha_084,0.13928,0.8383,7,0
week,2025-W32,gtja191/alpha_092,0.1146,0.8019,8,0
week,2025-W32,alpha101/alpha_024,0.1495,0.7967,9,0
week,2025-W32,gtja191/alpha_041,0.09684,0.7677,10,0
week,2025-W32,alpha101/alpha_002,0.1003,0.7609,11,0
week,2025-W32,alpha101/alpha_069,0.07678,0.7115,12,0
week,2025-W32,gtja191/alpha_157,0.07568,0.6971,13,0
week,2025-W32,alpha101/alpha_067,0.06868,0.6908,14,0
week,2025-W32,gtja191/alpha_001,0.05788,0.6784,15,0
week,2025-W32,alpha101/alpha_015,0.06416,0.6748,16,0
week,2025-W32,alpha101/alpha_016,0.06023,0.671,17,0
week,2025-W32,gtja191/alpha_048,0.05496,0.6588,18,0
week,2025-W32,gtja191/alpha_016,0.04955,0.6437,19,0
week,2025-W32,alpha101/alpha_026,0.04741,0.6401,20,0
week,2025-W32,qlib158/vsumn20,0.04874,0.639,21,0
week,2025-W32,alpha101/alpha_080,0.05279,0.6339,22,0
week,2025-W32,qlib158/vsumn5,0.0426,0.6314,23,0
week,2025-W32,qlib158/vsumn30,0.04277,0.6175,24,0
week,2025-W32,gtja191/alpha_090,0.03747,0.6093,25,0
week,2025-W32,qlib158/vsumn60,0.03725,0.6008,26,0
week,2025-W32,qlib158/cntn5,0.03613,0.6003,27,0
week,2025-W32,qlib158/min10,0.03078,0.566,28,0
week,2025-W32,alpha101/alpha_088,0.02449,0.5621,29,0
week,2025-W32,alpha101/alpha_055,0.0202,0.5403,30,0
week,2025-W32,qlib158/vma10,0.02124,0.5356,31,0
week,2025-W32,gtja191/alpha_168,0.01502,0.5087,32,0
week,2025-W32,qlib158/vma60,0.01362,0.5079,33,0
week,2025-W32,alpha101/alpha_044,0.00916,0.4798,34,0
week,2025-W32,alpha101/alpha_004,0.00049,0.4505,35,0
week,2025-W32,gtja191/alpha_006,-0.008,0.4079,36,0
week,2025-W32,alpha101/alpha_027,-0.01644,0.3629,37,0
week,2025-W32,qlib158/ma10,-0.02046,0.3431,38,0
week,2025-W33,gtja191/alpha_016,0.07067,0.7235,1,1
week,2025-W33,gtja191/alpha_037,0.07875,0.7173,2,0
week,2025-W33,alpha101/alpha_002,0.07863,0.6603,3,0
week,2025-W33,gtja191/alpha_157,0.05467,0.6402,4,0
week,2025-W33,gtja191/alpha_001,0.04479,0.6394,5,0
week,2025-W33,qlib158/vsumn30,0.03788,0.622,6,0
week,2025-W33,alpha101/alpha_023,0.07256,0.6185,7,0
week,2025-W33,gtja191/alpha_090,0.04217,0.6178,8,0
week,2025-W33,gtja191/alpha_048,0.03557,0.6136,9,0
week,2025-W33,alpha101/alpha_044,0.0411,0.6105,10,0
week,2025-W33,qlib158/vsumn20,0.0336,0.601,11,0
week,2025-W33,qlib158/vsumn5,0.03369,0.5887,12,0
week,2025-W33,alpha101/alpha_080,0.02832,0.588,13,0
week,2025-W33,qlib158/vma10,0.02549,0.5769,14,0
week,2025-W33,alpha101/alpha_026,0.03206,0.5766,15,0
week,2025-W33,qlib158/ma10,0.02641,0.5721,16,0
week,2025-W33,qlib158/cntn5,0.02617,0.569,17,0
week,2025-W33,alpha101/alpha_015,0.02732,0.5663,18,0
week,2025-W33,gtja191/alpha_092,0.03415,0.5543,19,0
week,2025-W33,alpha101/alpha_067,0.02169,0.5328,20,0
week,2025-W33,alpha101/alpha_024,0.01877,0.5322,21,0
week,2025-W33,alpha101/alpha_016,0.02405,0.5285,22,0
week,2025-W33,qlib158/vsumn60,0.01377,0.5275,23,0
week,2025-W33,gtja191/alpha_026,0.01793,0.527,24,0
week,2025-W33,qlib158/vma60,0.01482,0.5208,25,0
week,2025-W33,alpha101/alpha_088,0.01094,0.5202,26,0
week,2025-W33,qlib158/min10,0.01497,0.5109,27,0
week,2025-W33,gtja191/alpha_025,0.01722,0.5042,28,0
week,2025-W33,alpha101/alpha_055,0.00882,0.4993,29,0
week,2025-W33,alpha101/alpha_069,0.01396,0.4925,30,0
week,2025-W33,alpha101/alpha_019,0.00893,0.4784,31,0
week,2025-W33,gtja191/alpha_168,0.00279,0.4708,32,0
week,2025-W33,gtja191/alpha_008,-0.00245,0.4414,33,0
week,2025-W33,gtja191/alpha_041,-0.00428,0.4324,34,0
week,2025-W33,alpha101/alpha_084,-0.01467,0.3907,35,0
week,2025-W33,alpha101/alpha_004,-0.01683,0.3823,36,0
week,2025-W33,alpha101/alpha_027,-0.01787,0.3739,37,0
week,2025-W33,gtja191/alpha_006,-0.01944,0.3659,38,0
week,2025-W34,gtja191/alpha_008,0.10802,0.8366,1,1
week,2025-W34,alpha101/alpha_024,0.10265,0.7984,2,0
week,2025-W34,alpha101/alpha_023,0.08226,0.7855,3,0
week,2025-W34,gtja191/alpha_026,0.08129,0.7725,4,0
week,2025-W34,gtja191/alpha_025,0.08615,0.7555,5,0
week,2025-W34,alpha101/alpha_084,0.07445,0.7486,6,0
week,2025-W34,alpha101/alpha_002,0.04326,0.6904,7,0
week,2025-W34,alpha101/alpha_015,0.04135,0.6894,8,0
week,2025-W34,qlib158/vsumn5,0.08157,0.6851,9,0
week,2025-W34,gtja191/alpha_037,0.04461,0.68,10,0
week,2025-W34,gtja191/alpha_090,0.03139,0.6602,11,0
week,2025-W34,alpha101/alpha_044,0.01897,0.6305,12,0
week,2025-W34,qlib158/vsumn20,0.01755,0.6233,13,0
week,2025-W34,alpha101/alpha_055,0.01511,0.6151,14,0
week,2025-W34,qlib158/vsumn30,0.01189,0.6055,15,0
week,2025-W34,alpha101/alpha_026,0.01223,0.604,16,0
week,2025-W34,gtja191/alpha_016,0.00659,0.5749,17,0
week,2025-W34,gtja191/alpha_048,0.01449,0.5725,18,0
week,2025-W34,alpha101/alpha_019,0.01434,0.5572,19,0
week,2025-W34,qlib158/vsumn60,2e-05,0.551,20,0
week,2025-W34,qlib158/min10,0.00055,0.5488,21,0
week,2025-W34,gtja191/alpha_092,0.00513,0.5416,22,0
week,2025-W34,gtja191/alpha_041,0.00361,0.5389,23,0
week,2025-W34,qlib158/cntn5,-0.00776,0.5228,24,0
week,2025-W34,qlib158/vma60,-0.01105,0.5079,25,0
week,2025-W34,alpha101/alpha_067,-0.01048,0.5041,26,0
week,2025-W34,qlib158/vma10,-0.01394,0.4894,27,0
week,2025-W34,gtja191/alpha_157,-0.01515,0.4798,28,0
week,2025-W34,gtja191/alpha_001,-0.01363,0.4662,29,0
week,2025-W34,gtja191/alpha_168,-0.02289,0.4497,30,0
week,2025-W34,alpha101/alpha_080,-0.0254,0.4355,31,0
week,2025-W34,gtja191/alpha_006,-0.02723,0.4238,32,0
week,2025-W34,alpha101/alpha_069,-0.02592,0.4232,33,0
week,2025-W34,alpha101/alpha_016,-0.0285,0.4187,34,0
week,2025-W34,alpha101/alpha_004,-0.02924,0.4171,35,0
week,2025-W34,alpha101/alpha_027,-0.02962,0.4116,36,0
week,2025-W34,alpha101/alpha_088,-0.03721,0.3751,37,0
week,2025-W34,qlib158/ma10,-0.03612,0.3642,38,0
week,2025-W35,alpha101/alpha_016,0.05358,0.7817,1,1
week,2025-W35,gtja191/alpha_037,0.09445,0.7764,2,0
week,2025-W35,gtja191/alpha_016,0.03278,0.7466,3,0
week,2025-W35,qlib158/vma10,0.03219,0.6755,4,0
week,2025-W35,alpha101/alpha_067,0.01112,0.6735,5,0
week,2025-W35,alpha101/alpha_023,0.02728,0.6693,6,0
week,2025-W35,alpha101/alpha_069,0.01561,0.6452,7,0
week,2025-W35,qlib158/vsumn20,-0.00593,0.623,8,0
week,2025-W35,gtja191/alpha_090,0.0045,0.6221,9,0
week,2025-W35,alpha101/alpha_044,-0.00349,0.6161,10,0
week,2025-W35,qlib158/vsumn30,-0.01074,0.6055,11,0
week,2025-W35,gtja191/alpha_168,0.00068,0.6043,12,0
week,2025-W35,alpha101/alpha_026,-0.00992,0.604,13,0
week,2025-W35,gtja191/alpha_092,0.00338,0.6031,14,0
week,2025-W35,alpha101/alpha_002,-0.01223,0.6024,15,0
week,2025-W35,gtja191/alpha_026,-0.00557,0.6021,16,0
week,2025-W35,qlib158/vsumn60,-0.0084,0.5962,17,0
week,2025-W35,gtja191/alpha_041,-0.00521,0.5882,18,0
week,2025-W35,qlib158/vma60,-0.01456,0.5738,19,0
week,2025-W35,qlib158/min10,-0.01557,0.562,20,0
week,2025-W35,gtja191/alpha_001,-0.01934,0.5583,21,0
week,2025-W35,alpha101/alpha_024,-0.00318,0.5427,22,0
week,2025-W35,qlib158/vsumn5,-0.02244,0.5383,23,0
week,2025-W35,qlib158/cntn5,-0.02722,0.5239,24,0
week,2025-W35,alpha101/alpha_084,-0.02103,0.5191,25,0
week,2025-W35,alpha101/alpha_055,-0.02465,0.5076,26,0
week,2025-W35,alpha101/alpha_015,-0.03197,0.502,27,0
week,2025-W35,alpha101/alpha_080,-0.03106,0.5006,28,0
week,2025-W35,alpha101/alpha_088,-0.03979,0.452,29,0
week,2025-W35,gtja191/alpha_157,-0.0418,0.4431,30,0
week,2025-W35,gtja191/alpha_025,-0.04203,0.441,31,0
week,2025-W35,alpha101/alpha_004,-0.04328,0.4372,32,0
week,2025-W35,gtja191/alpha_008,-0.04237,0.423,33,0
week,2025-W35,gtja191/alpha_048,-0.04824,0.414,34,0
week,2025-W35,alpha101/alpha_019,-0.05638,0.3889,35,0
week,2025-W35,gtja191/alpha_006,-0.05865,0.3514,36,0
week,2025-W35,qlib158/ma10,-0.06925,0.2933,37,0
week,2025-W35,alpha101/alpha_027,-0.07581,0.2543,38,0
week,2025-W36,qlib158/vma10,0.104,0.7953,1,1
week,2025-W36,alpha101/alpha_016,0.08722,0.7837,2,0
week,2025-W36,alpha101/alpha_069,0.08832,0.7771,3,0
week,2025-W36,gtja191/alpha_168,0.06868,0.7337,4,0
week,2025-W36,gtja191/alpha_092,0.08363,0.7293,5,0
week,2025-W36,gtja191/alpha_041,0.06318,0.7203,6,0
week,2025-W36,gtja191/alpha_001,0.05339,0.7009,7,0
week,2025-W36,alpha101/alpha_084,0.04602,0.6902,8,0
week,2025-W36,gtja191/alpha_016,0.04913,0.6756,9,0
week,2025-W36,qlib158/ma10,0.04722,0.6637,10,0
week,2025-W36,alpha101/alpha_024,0.03929,0.6488,11,0
week,2025-W36,qlib158/vma60,0.03933,0.6343,12,0
week,2025-W36,alpha101/alpha_023,0.0419,0.6301,13,0
week,2025-W36,qlib158/min10,0.0544,0.6278,14,0
week,2025-W36,alpha101/alpha_015,0.02428,0.613,15,0
week,2025-W36,alpha101/alpha_080,0.03062,0.6058,16,0
week,2025-W36,qlib158/vsumn30,0.02124,0.6046,17,0
week,2025-W36,alpha101/alpha_004,0.03265,0.5989,18,0
week,2025-W36,alpha101/alpha_044,0.03425,0.5974,19,0
week,2025-W36,gtja191/alpha_008,0.02005,0.5902,20,0
week,2025-W36,gtja191/alpha_090,0.01925,0.5776,21,0
week,2025-W36,gtja191/alpha_037,0.01602,0.5598,22,0
week,2025-W36,alpha101/alpha_055,0.01771,0.5591,23,0
week,2025-W36,gtja191/alpha_026,0.01453,0.5459,24,0
week,2025-W36,alpha101/alpha_026,0.00957,0.5448,25,0
week,2025-W36,alpha101/alpha_019,0.01233,0.5379,26,0
week,2025-W36,qlib158/vsumn5,0.00608,0.536,27,0
week,2025-W36,qlib158/vsumn20,0.00926,0.5338,28,0
week,2025-W36,gtja191/alpha_048,0.01575,0.5315,29,0
week,2025-W36,alpha101/alpha_088,0.00405,0.5218,30,0
week,2025-W36,alpha101/alpha_002,0.00571,0.5204,31,0
week,2025-W36,qlib158/cntn5,0.0036,0.5182,32,0
week,2025-W36,gtja191/alpha_025,-0.00032,0.4796,33,0
week,2025-W36,gtja191/alpha_157,-0.00211,0.4583,34,0
week,2025-W36,qlib158/vsumn60,-0.01126,0.4419,35,0
week,2025-W36,alpha101/alpha_067,-0.01449,0.4172,36,0
week,2025-W36,alpha101/alpha_027,-0.02377,0.3595,37,0
week,2025-W36,gtja191/alpha_006,-0.03297,0.3069,38,0
week,2025-W37,qlib158/vma10,0.0752,0.7855,1,1
week,2025-W37,qlib158/ma10,0.03786,0.7389,2,0
week,2025-W37,qlib158/vma60,0.03706,0.7367,3,0
week,2025-W37,alpha101/alpha_084,0.06117,0.7327,4,0
week,2025-W37,alpha101/alpha_080,0.02913,0.7303,5,0
week,2025-W37,gtja191/alpha_168,0.04212,0.7276,6,0
week,2025-W37,alpha101/alpha_055,0.02703,0.7253,7,0
week,2025-W37,alpha101/alpha_026,0.01713,0.6962,8,0
week,2025-W37,alpha101/alpha_016,0.02956,0.693,9,0
week,2025-W37,gtja191/alpha_157,0.02934,0.6769,10,0
week,2025-W37,gtja191/alpha_090,0.01454,0.6728,11,0
week,2025-W37,alpha101/alpha_023,0.01628,0.6717,12,0
week,2025-W37,alpha101/alpha_088,0.01212,0.6714,13,0
week,2025-W37,gtja191/alpha_092,0.01977,0.6704,14,0
week,2025-W37,alpha101/alpha_004,0.00727,0.6604,15,0
week,2025-W37,gtja191/alpha_016,0.0079,0.6564,16,0
week,2025-W37,alpha101/alpha_067,0.01367,0.6549,17,0
week,2025-W37,gtja191/alpha_006,0.0057,0.6544,18,0
week,2025-W37,qlib158/cntn5,0.01468,0.647,19,0
week,2025-W37,alpha101/alpha_002,0.00358,0.6421,20,0
week,2025-W37,qlib158/vsumn60,0.00313,0.6291,21,0
week,2025-W37,qlib158/vsumn20,-0.00271,0.617,22,0
week,2025-W37,qlib158/min10,-0.00039,0.6153,23,0
week,2025-W37,qlib158/vsumn30,0.01859,0.6058,24,0
week,2025-W37,gtja191/alpha_008,0.00307,0.6051,25,0
week,2025-W37,alpha101/alpha_027,-0.00537,0.5959,26,0
week,2025-W37,gtja191/alpha_041,-0.00584,0.5808,27,0
week,2025-W37,alpha101/alpha_015,-0.01081,0.573,28,0
week,2025-W37,alpha101/alpha_044,-0.01435,0.557,29,0
week,2025-W37,alpha101/alpha_069,-0.01027,0.5556,30,0
week,2025-W37,gtja191/alpha_026,-0.01378,0.5536,31,0
week,2025-W37,alpha101/alpha_024,-0.0124,0.5472,32,0
week,2025-W37,qlib158/vsumn5,-0.01256,0.5427,33,0
week,2025-W37,gtja191/alpha_001,-0.0158,0.542,34,0
week,2025-W37,gtja191/alpha_025,-0.01603,0.5412,35,0
week,2025-W37,alpha101/alpha_019,-0.01567,0.5404,36,0
week,2025-W37,gtja191/alpha_048,-0.02365,0.4885,37,0
week,2025-W37,gtja191/alpha_037,-0.02842,0.4757,38,0
week,2025-W38,alpha101/alpha_088,0.03458,0.7332,1,1
week,2025-W38,gtja191/alpha_006,0.03532,0.7273,2,0
week,2025-W38,alpha101/alpha_044,0.04737,0.7245,3,0
week,2025-W38,alpha101/alpha_004,0.03051,0.7133,4,0
week,2025-W38,gtja191/alpha_090,0.04866,0.7129,5,0
week,2025-W38,qlib158/min10,0.02675,0.6972,6,0
week,2025-W38,gtja191/alpha_001,0.02679,0.6933,7,0
week,2025-W38,alpha101/alpha_080,0.02396,0.6777,8,0
week,2025-W38,alpha101/alpha_002,0.0233,0.6728,9,0
week,2025-W38,qlib158/vsumn5,0.0223,0.6721,10,0
week,2025-W38,qlib158/cntn5,0.0201,0.663,11,0
week,2025-W38,gtja191/alpha_037,0.01935,0.6622,12,0
week,2025-W38,qlib158/vsumn60,0.0208,0.6566,13,0
week,2025-W38,alpha101/alpha_027,0.01272,0.6432,14,0
week,2025-W38,alpha101/alpha_019,0.01753,0.643,15,0
week,2025-W38,alpha101/alpha_015,0.02188,0.6427,16,0
week,2025-W38,gtja191/alpha_092,0.01375,0.6306,17,0
week,2025-W38,alpha101/alpha_055,0.01294,0.6255,18,0
week,2025-W38,gtja191/alpha_048,0.00997,0.6224,19,0
week,2025-W38,alpha101/alpha_023,0.00916,0.61,20,0
week,2025-W38,alpha101/alpha_067,0.01234,0.602,21,0
week,2025-W38,qlib158/vma60,0.0057,0.6005,22,0
week,2025-W38,gtja191/alpha_016,0.00431,0.5988,23,0
week,2025-W38,qlib158/vsumn20,0.00496,0.5892,24,0
week,2025-W38,alpha101/alpha_024,0.00287,0.5859,25,0
week,2025-W38,qlib158/vsumn30,-0.00218,0.5601,26,0
week,2025-W38,qlib158/vma10,-0.00223,0.5591,27,0
week,2025-W38,gtja191/alpha_168,-0.00449,0.541,28,0
week,2025-W38,alpha101/alpha_016,-0.01147,0.512,29,0
week,2025-W38,gtja191/alpha_008,-0.01309,0.5,30,0
week,2025-W38,alpha101/alpha_026,-0.01365,0.4975,31,0
week,2025-W38,alpha101/alpha_084,-0.0161,0.4823,32,0
week,2025-W38,gtja191/alpha_026,-0.01798,0.4717,33,0
week,2025-W38,gtja191/alpha_041,-0.02332,0.444,34,0
week,2025-W38,alpha101/alpha_069,-0.03189,0.4086,35,0
week,2025-W38,gtja191/alpha_157,-0.03914,0.3629,36,0
week,2025-W38,gtja191/alpha_025,-0.04428,0.3309,37,0
week,2025-W38,qlib158/ma10,-0.04907,0.3171,38,0
week,2025-W39,alpha101/alpha_055,0.07533,0.773,1,1
week,2025-W39,gtja191/alpha_016,0.06984,0.7494,2,0
week,2025-W39,gtja191/alpha_090,0.0611,0.7172,3,0
week,2025-W39,alpha101/alpha_026,0.06219,0.7041,4,0
week,2025-W39,alpha101/alpha_088,0.05306,0.6975,5,0
week,2025-W39,alpha101/alpha_044,0.06725,0.6861,6,0
week,2025-W39,alpha101/alpha_015,0.04983,0.6843,7,0
week,2025-W39,alpha101/alpha_004,0.05542,0.6841,8,0
week,2025-W39,alpha101/alpha_080,0.05202,0.6719,9,0
week,2025-W39,qlib158/vma10,0.05613,0.6596,10,0
week,2025-W39,qlib158/vsumn60,0.04141,0.6534,11,0
week,2025-W39,gtja191/alpha_048,0.04156,0.644,12,0
week,2025-W39,gtja191/alpha_006,0.03901,0.6415,13,0
week,2025-W39,qlib158/vsumn30,0.04274,0.6414,14,0
week,2025-W39,gtja191/alpha_001,0.04102,0.6402,15,0
week,2025-W39,alpha101/alpha_027,0.03677,0.6287,16,0
week,2025-W39,gtja191/alpha_168,0.03436,0.6003,17,0
week,2025-W39,alpha101/alpha_002,0.02618,0.5766,18,0
week,2025-W39,qlib158/vsumn20,0.03681,0.5665,19,0
week,2025-W39,qlib158/min10,0.02686,0.5663,20,0
week,2025-W39,qlib158/cntn5,0.01949,0.5412,21,0
week,2025-W39,gtja191/alpha_026,0.01582,0.5198,22,0
week,2025-W39,alpha101/alpha_016,0.03924,0.5033,23,0
week,2025-W39,gtja191/alpha_041,0.01121,0.4985,24,0
week,2025-W39,qlib158/vma60,0.01121,0.495,25,0
week,2025-W39,qlib158/vsumn5,0.01233,0.4841,26,0
week,2025-W39,alpha101/alpha_067,0.00842,0.4753,27,0
week,2025-W39,gtja191/alpha_157,0.00735,0.4731,28,0
week,2025-W39,qlib158/ma10,0.00543,0.4715,29,0
week,2025-W39,alpha101/alpha_069,0.00422,0.464,30,0
week,2025-W39,gtja191/alpha_037,0.00264,0.455,31,0
week,2025-W39,alpha101/alpha_019,-0.00306,0.4345,32,0
week,2025-W39,gtja191/alpha_025,-0.00072,0.434,33,0
week,2025-W39,alpha101/alpha_024,-0.00671,0.4134,34,0
week,2025-W39,alpha101/alpha_023,-0.00882,0.4041,35,0
week,2025-W39,gtja191/alpha_092,-0.01107,0.3945,36,0
week,2025-W39,alpha101/alpha_084,-0.01273,0.376,37,0
week,2025-W39,gtja191/alpha_008,-0.01526,0.3725,38,0
week,2025-W40,qlib158/vsumn20,0.1094,0.847,1,1
week,2025-W40,gtja191/alpha_016,0.09141,0.814,2,0
week,2025-W40,alpha101/alpha_055,0.0824,0.7853,3,0
week,2025-W40,alpha101/alpha_004,0.08304,0.7737,4,0
week,2025-W40,alpha101/alpha_016,0.08498,0.7199,5,0
week,2025-W40,gtja191/alpha_168,0.06871,0.7157,6,0
week,2025-W40,alpha101/alpha_080,0.05789,0.7096,7,0
week,2025-W40,qlib158/vsumn60,0.05707,0.7087,8,0
week,2025-W40,qlib158/ma10,0.0563,0.7043,9,0
week,2025-W40,qlib158/vsumn30,0.05226,0.692,10,0
week,2025-W40,gtja191/alpha_006,0.05113,0.6876,11,0
week,2025-W40,alpha101/alpha_044,0.04971,0.678,12,0
week,2025-W40,qlib158/cntn5,0.04792,0.6651,13,0
week,2025-W40,alpha101/alpha_027,0.04418,0.6553,14,0
week,2025-W40,alpha101/alpha_015,0.0407,0.6375,15,0
week,2025-W40,qlib158/vma60,0.04093,0.6203,16,0
week,2025-W40,alpha101/alpha_026,0.03583,0.6121,17,0
week,2025-W40,alpha101/alpha_002,0.03442,0.6075,18,0
week,2025-W40,alpha101/alpha_088,0.02897,0.5818,19,0
week,2025-W40,gtja191/alpha_048,0.02763,0.5748,20,0
week,2025-W40,gtja191/alpha_157,0.01899,0.5292,21,0
week,2025-W40,qlib158/min10,0.01175,0.4923,22,0
week,2025-W40,gtja191/alpha_008,0.00912,0.4841,23,0
week,2025-W40,gtja191/alpha_001,0.00963,0.4838,24,0
week,2025-W40,qlib158/vsumn5,0.00161,0.4655,25,0
week,2025-W40,gtja191/alpha_090,0.00578,0.461,26,0
week,2025-W40,gtja191/alpha_037,0.00434,0.4601,27,0
week,2025-W40,qlib158/vma10,0.00028,0.4463,28,0
week,2025-W40,alpha101/alpha_069,-6e-05,0.4402,29,0
week,2025-W40,alpha101/alpha_067,-0.00215,0.4238,30,0
week,2025-W40,gtja191/alpha_025,-0.01768,0.3585,31,0
week,2025-W40,alpha101/alpha_084,-0.02325,0.3384,32,0
week,2025-W40,gtja191/alpha_026,-0.02756,0.3345,33,0
week,2025-W40,gtja191/alpha_041,-0.03079,0.3212,34,0
week,2025-W40,gtja191/alpha_092,-0.03873,0.2921,35,0
week,2025-W40,alpha101/alpha_019,-0.05324,0.2337,36,0
week,2025-W40,alpha101/alpha_023,-0.06768,0.1962,37,0
week,2025-W40,alpha101/alpha_024,-0.07947,0.1657,38,0
week,2025-W41,gtja191/alpha_016,0.05838,0.7178,1,1
week,2025-W41,alpha101/alpha_004,0.05449,0.705,2,0
week,2025-W41,alpha101/alpha_027,0.05401,0.7044,3,0
week,2025-W41,gtja191/alpha_090,0.05225,0.6923,4,0
week,2025-W41,alpha101/alpha_080,0.0481,0.6791,5,0
week,2025-W41,gtja191/alpha_006,0.04146,0.6514,6,0
week,2025-W41,qlib158/vsumn5,0.06718,0.6383,7,0
week,2025-W41,qlib158/vsumn60,0.03754,0.6338,8,0
week,2025-W41,alpha101/alpha_088,0.03387,0.6167,9,0
week,2025-W41,qlib158/vsumn20,0.03548,0.5855,10,0
week,2025-W41,qlib158/min10,0.03713,0.5829,11,0
week,2025-W41,gtja191/alpha_025,0.02683,0.5824,12,0
week,2025-W41,alpha101/alpha_002,0.02647,0.579,13,0
week,2025-W41,alpha101/alpha_026,0.02544,0.5753,14,0
week,2025-W41,gtja191/alpha_026,0.02627,0.5656,15,0
week,2025-W41,alpha101/alpha_044,0.02261,0.5632,16,0
week,2025-W41,gtja191/alpha_048,0.02076,0.554,17,0
week,2025-W41,alpha101/alpha_015,0.01817,0.5395,18,0
week,2025-W41,qlib158/vsumn30,0.01718,0.5321,19,0
week,2025-W41,alpha101/alpha_055,0.01495,0.527,20,0
week,2025-W41,gtja191/alpha_008,0.01585,0.525,21,0
week,2025-W41,alpha101/alpha_024,0.01197,0.5154,22,0
week,2025-W41,alpha101/alpha_016,0.01334,0.514,23,0
week,2025-W41,gtja191/alpha_041,0.0077,0.4918,24,0
week,2025-W41,alpha101/alpha_067,0.00793,0.4884,25,0
week,2025-W41,alpha101/alpha_069,0.00457,0.478,26,0
week,2025-W41,gtja191/alpha_157,0.001,0.4602,27,0
week,2025-W41,qlib158/cntn5,-0.0032,0.4474,28,0
week,2025-W41,gtja191/alpha_037,-0.00107,0.4443,29,0
week,2025-W41,qlib158/vma60,-0.00343,0.434,30,0
week,2025-W41,qlib158/ma10,-0.00924,0.407,31,0
week,2025-W41,qlib158/vma10,-0.01589,0.3791,32,0
week,2025-W41,gtja191/alpha_092,-0.02269,0.3504,33,0
week,2025-W41,alpha101/alpha_023,-0.02318,0.3502,34,0
week,2025-W41,alpha101/alpha_084,-0.02449,0.3424,35,0
week,2025-W41,alpha101/alpha_019,-0.0256,0.3368,36,0
week,2025-W41,gtja191/alpha_001,-0.0283,0.3284,37,0
week,2025-W41,gtja191/alpha_168,-0.03228,0.3127,38,0
week,2025-W42,qlib158/vsumn60,0.13184,0.8131,1,1
week,2025-W42,alpha101/alpha_026,0.08095,0.723,2,0
week,2025-W42,gtja191/alpha_168,0.07929,0.7147,3,0
week,2025-W42,qlib158/vsumn20,0.07612,0.6981,4,0
week,2025-W42,alpha101/alpha_004,0.06035,0.6358,5,0
week,2025-W42,alpha101/alpha_027,0.06033,0.6351,6,0
week,2025-W42,gtja191/alpha_025,0.06327,0.6331,7,0
week,2025-W42,alpha101/alpha_016,0.07279,0.6306,8,0
week,2025-W42,alpha101/alpha_067,0.07127,0.6298,9,0
week,2025-W42,alpha101/alpha_044,0.05093,0.5945,10,0
week,2025-W42,qlib158/vsumn30,0.05053,0.594,11,0
week,2025-W42,gtja191/alpha_016,0.04356,0.5582,12,0
week,2025-W42,alpha101/alpha_002,0.04117,0.5487,13,0
week,2025-W42,gtja191/alpha_090,0.04277,0.5486,14,0
week,2025-W42,alpha101/alpha_024,0.04158,0.5462,15,0
week,2025-W42,alpha101/alpha_055,0.04054,0.5405,16,0
week,2025-W42,gtja191/alpha_026,0.04142,0.5399,17,0
week,2025-W42,gtja191/alpha_008,0.03734,0.5242,18,0
week,2025-W42,gtja191/alpha_037,0.03505,0.5203,19,0
week,2025-W42,qlib158/min10,0.03189,0.5011,20,0
week,2025-W42,alpha101/alpha_088,0.0301,0.493,21,0
week,2025-W42,qlib158/vma60,0.0288,0.4887,22,0
week,2025-W42,alpha101/alpha_023,0.02792,0.4886,23,0
week,2025-W42,gtja191/alpha_006,0.02705,0.4801,24,0
week,2025-W42,qlib158/vsumn5,0.02762,0.4789,25,0
week,2025-W42,alpha101/alpha_015,0.02576,0.4752,26,0
week,2025-W42,gtja191/alpha_001,0.02075,0.4533,27,0
week,2025-W42,alpha101/alpha_080,0.02001,0.4517,28,0
week,2025-W42,qlib158/ma10,0.01981,0.4497,29,0
week,2025-W42,alpha101/alpha_019,0.0131,0.4228,30,0
week,2025-W42,qlib158/vma10,0.01399,0.4207,31,0
week,2025-W42,gtja191/alpha_157,0.01394,0.4196,32,0
week,2025-W42,gtja191/alpha_048,0.01275,0.4127,33,0
week,2025-W42,qlib158/cntn5,0.01007,0.4082,34,0
week,2025-W42,gtja191/alpha_041,0.00667,0.3978,35,0
week,2025-W42,alpha101/alpha_069,-0.0273,0.2877,36,0
week,2025-W42,alpha101/alpha_084,-0.02295,0.2633,37,0
week,2025-W42,gtja191/alpha_092,-0.03508,0.2458,38,0
week,2025-W43,alpha101/alpha_044,0.04365,0.6882,1,1
week,2025-W43,alpha101/alpha_080,0.03163,0.6508,2,0
week,2025-W43,gtja191/alpha_048,0.02713,0.6428,3,0
week,2025-W43,alpha101/alpha_055,0.02702,0.6174,4,0
week,2025-W43,qlib158/vsumn20,0.02229,0.6162,5,0
week,2025-W43,qlib158/vsumn30,0.02266,0.6128,6,0
week,2025-W43,alpha101/alpha_004,0.01859,0.6057,7,0
week,2025-W43,alpha101/alpha_088,0.01724,0.5959,8,0
week,2025-W43,alpha101/alpha_016,0.02727,0.5824,9,0
week,2025-W43,alpha101/alpha_015,0.01414,0.5815,10,0
week,2025-W43,gtja191/alpha_090,0.0071,0.5389,11,0
week,2025-W43,qlib158/cntn5,0.00523,0.5358,12,0
week,2025-W43,qlib158/ma10,0.00795,0.5343,13,0
week,2025-W43,qlib158/min10,0.00768,0.5313,14,0
week,2025-W43,qlib158/vsumn60,0.00621,0.5218,15,0
week,2025-W43,alpha101/alpha_026,0.00351,0.5184,16,0
week,2025-W43,gtja191/alpha_006,0.00145,0.5154,17,0
week,2025-W43,gtja191/alpha_092,-0.001,0.5036,18,0
week,2025-W43,gtja191/alpha_037,-0.00258,0.5,19,0
week,2025-W43,gtja191/alpha_016,-0.00191,0.4964,20,0
week,2025-W43,qlib158/vsumn5,-0.00329,0.4887,21,0
week,2025-W43,gtja191/alpha_157,-0.00631,0.477,22,0
week,2025-W43,gtja191/alpha_168,-0.00691,0.4668,23,0
week,2025-W43,qlib158/vma10,-0.00881,0.4623,24,0
week,2025-W43,alpha101/alpha_027,-0.00942,0.459,25,0
week,2025-W43,gtja191/alpha_026,-0.00976,0.4534,26,0
week,2025-W43,gtja191/alpha_001,-0.01239,0.4365,27,0
week,2025-W43,gtja191/alpha_008,-0.01414,0.4315,28,0
week,2025-W43,alpha101/alpha_002,-0.0214,0.3948,29,0
week,2025-W43,alpha101/alpha_023,-0.02389,0.3866,30,0
week,2025-W43,gtja191/alpha_025,-0.02525,0.3833,31,0
week,2025-W43,qlib158/vma60,-0.0253,0.3719,32,0
week,2025-W43,alpha101/alpha_024,-0.03212,0.3622,33,0
week,2025-W43,alpha101/alpha_084,-0.02801,0.362,34,0
week,2025-W43,alpha101/alpha_019,-0.0375,0.3154,35,0
week,2025-W43,alpha101/alpha_067,-0.04938,0.2774,36,0
week,2025-W43,gtja191/alpha_041,-0.05517,0.2486,37,0
week,2025-W43,alpha101/alpha_069,-0.05779,0.2383,38,0
week,2025-W44,qlib158/vma10,0.04024,0.7381,1,1
week,2025-W44,alpha101/alpha_016,0.0331,0.72,2,0
week,2025-W44,gtja191/alpha_168,0.02689,0.7184,3,0
week,2025-W44,qlib158/cntn5,0.00876,0.694,4,0
week,2025-W44,qlib158/vma60,0.01702,0.6793,5,0
week,2025-W44,alpha101/alpha_088,0.00272,0.6785,6,0
week,2025-W44,alpha101/alpha_080,0.00422,0.6779,7,0
week,2025-W44,alpha101/alpha_067,0.0102,0.6752,8,0
week,2025-W44,qlib158/vsumn20,-0.00249,0.6548,9,0
week,2025-W44,alpha101/alpha_019,0.00016,0.6546,10,0
week,2025-W44,qlib158/vsumn60,-0.004,0.6325,11,0
week,2025-W44,alpha101/alpha_069,0.00279,0.6243,12,0
week,2025-W44,alpha101/alpha_026,-0.01022,0.6176,13,0
week,2025-W44,qlib158/ma10,0.00819,0.6158,14,0
week,2025-W44,gtja191/alpha_048,-0.00984,0.6105,15,0
week,2025-W44,alpha101/alpha_002,-0.01553,0.5908,16,0
week,2025-W44,alpha101/alpha_044,-0.02039,0.5648,17,0
week,2025-W44,gtja191/alpha_006,-0.0213,0.56,18,0
week,2025-W44,qlib158/vsumn5,-0.02189,0.5556,19,0
week,2025-W44,alpha101/alpha_055,-0.02178,0.5509,20,0
week,2025-W44,alpha101/alpha_004,-0.02332,0.5477,21,0
week,2025-W44,qlib158/min10,-0.02293,0.5389,22,0
week,2025-W44,qlib158/vsumn30,-0.02146,0.5321,23,0
week,2025-W44,gtja191/alpha_090,-0.02719,0.527,24,0
week,2025-W44,gtja191/alpha_001,-0.02932,0.5158,25,0
week,2025-W44,gtja191/alpha_008,-0.02997,0.5127,26,0
week,2025-W44,gtja191/alpha_016,-0.03044,0.512,27,0
week,2025-W44,gtja191/alpha_157,-0.03071,0.5067,28,0
week,2025-W44,gtja191/alpha_041,-0.03165,0.5002,29,0
week,2025-W44,gtja191/alpha_026,-0.03716,0.4733,30,0
week,2025-W44,alpha101/alpha_015,-0.037,0.473,31,0
week,2025-W44,alpha101/alpha_027,-0.03713,0.4697,32,0
week,2025-W44,alpha101/alpha_084,-0.03893,0.4613,33,0
week,2025-W44,gtja191/alpha_092,-0.03965,0.457,34,0
week,2025-W44,gtja191/alpha_025,-0.04085,0.4512,35,0
week,2025-W44,alpha101/alpha_024,-0.0432,0.4453,36,0
week,2025-W44,alpha101/alpha_023,-0.04783,0.4159,37,0
week,2025-W44,gtja191/alpha_037,-0.05985,0.3518,38,0
week,2025-W45,qlib158/vsumn60,0.01007,0.7157,1,1
week,2025-W45,gtja191/alpha_025,0.01132,0.711,2,0
week,2025-W45,gtja191/alpha_026,0.00865,0.704,3,0
week,2025-W45,gtja191/alpha_008,0.00384,0.6922,4,0
week,2025-W45,gtja191/alpha_037,0.00175,0.6825,5,0
week,2025-W45,gtja191/alpha_001,-7e-05,0.6709,6,0
week,2025-W45,alpha101/alpha_088,0.00134,0.6685,7,0
week,2025-W45,alpha101/alpha_026,-0.00237,0.652,8,0
week,2025-W45,alpha101/alpha_055,-0.00293,0.648,9,0
week,2025-W45,alpha101/alpha_019,2e-05,0.6471,10,0
week,2025-W45,alpha101/alpha_067,-0.00701,0.6246,11,0
week,2025-W45,qlib158/vsumn20,-0.01088,0.6232,12,0
week,2025-W45,alpha101/alpha_080,-0.00961,0.6229,13,0
week,2025-W45,alpha101/alpha_084,-0.0083,0.6161,14,0
week,2025-W45,qlib158/ma10,-0.00456,0.6128,15,0
week,2025-W45,gtja191/alpha_048,-0.01213,0.6062,16,0
week,2025-W45,qlib158/min10,-0.0144,0.6014,17,0
week,2025-W45,gtja191/alpha_092,-0.01585,0.5911,18,0
week,2025-W45,qlib158/vsumn30,-0.01799,0.58,19,0
week,2025-W45,gtja191/alpha_016,-0.02221,0.5605,20,0
week,2025-W45,gtja191/alpha_041,-0.0205,0.5597,21,0
week,2025-W45,alpha101/alpha_015,-0.02342,0.5538,22,0
week,2025-W45,alpha101/alpha_069,-0.0193,0.548,23,0
week,2025-W45,alpha101/alpha_004,-0.02755,0.5317,24,0
week,2025-W45,alpha101/alpha_024,-0.0284,0.5255,25,0
week,2025-W45,qlib158/vma10,-0.01898,0.5162,26,0
week,2025-W45,gtja191/alpha_157,-0.02946,0.5122,27,0
week,2025-W45,alpha101/alpha_044,-0.03082,0.4972,28,0
week,2025-W45,qlib158/vsumn5,-0.03458,0.4862,29,0
week,2025-W45,qlib158/cntn5,-0.03488,0.4852,30,0
week,2025-W45,gtja191/alpha_168,-0.02818,0.4819,31,0
week,2025-W45,gtja191/alpha_090,-0.03764,0.4585,32,0
week,2025-W45,qlib158/vma60,-0.0426,0.4353,33,0
week,2025-W45,alpha101/alpha_002,-0.04374,0.4268,34,0
week,2025-W45,alpha101/alpha_016,-0.03674,0.4059,35,0
week,2025-W45,alpha101/alpha_023,-0.05208,0.3865,36,0
week,2025-W45,gtja191/alpha_006,-0.05199,0.3721,37,0
week,2025-W45,alpha101/alpha_027,-0.06287,0.3018,38,0
week,2025-W46,alpha101/alpha_024,0.07886,0.8621,1,1
week,2025-W46,gtja191/alpha_026,0.06936,0.8601,2,0
week,2025-W46,gtja191/alpha_037,0.05353,0.85,3,0
week,2025-W46,qlib158/vma10,0.0676,0.8477,4,0
week,2025-W46,gtja191/alpha_008,0.05333,0.8401,5,0
week,2025-W46,gtja191/alpha_025,0.04435,0.8308,6,0
week,2025-W46,alpha101/alpha_016,0.06331,0.8243,7,0
week,2025-W46,gtja191/alpha_041,0.03525,0.793,8,0
week,2025-W46,alpha101/alpha_084,0.02357,0.7882,9,0
week,2025-W46,alpha101/alpha_067,0.01583,0.7689,10,0
week,2025-W46,alpha101/alpha_069,0.02288,0.7654,11,0
week,2025-W46,qlib158/vma60,0.02577,0.753,12,0
week,2025-W46,alpha101/alpha_019,0.01419,0.7425,13,0
week,2025-W46,gtja191/alpha_168,0.02786,0.7348,14,0
week,2025-W46,gtja191/alpha_001,0.00912,0.7346,15,0
week,2025-W46,alpha101/alpha_044,0.01052,0.7215,16,0
week,2025-W46,qlib158/min10,-0.00041,0.71,17,0
week,2025-W46,alpha101/alpha_002,-0.00278,0.7027,18,0
week,2025-W46,gtja191/alpha_090,0.00684,0.692,19,0
week,2025-W46,alpha101/alpha_023,0.005,0.6906,20,0
week,2025-W46,alpha101/alpha_026,-0.00647,0.6758,21,0
week,2025-W46,qlib158/vsumn20,-0.01388,0.6716,22,0
week,2025-W46,qlib158/ma10,-0.0132,0.6686,23,0
week,2025-W46,qlib158/vsumn30,-0.01475,0.6602,24,0
week,2025-W46,gtja191/alpha_092,-0.00758,0.6585,25,0
week,2025-W46,gtja191/alpha_157,-0.01304,0.6443,26,0
week,2025-W46,gtja191/alpha_016,-0.01816,0.6383,27,0
week,2025-W46,alpha101/alpha_015,-0.02763,0.5996,28,0
week,2025-W46,qlib158/cntn5,-0.0261,0.5894,29,0
week,2025-W46,alpha101/alpha_055,-0.03132,0.5732,30,0
week,2025-W46,qlib158/vsumn60,-0.03241,0.5694,31,0
week,2025-W46,gtja191/alpha_006,-0.03612,0.5458,32,0
week,2025-W46,gtja191/alpha_048,-0.03581,0.5379,33,0
week,2025-W46,alpha101/alpha_088,-0.04224,0.5211,34,0
week,2025-W46,alpha101/alpha_080,-0.0482,0.4814,35,0
week,2025-W46,qlib158/vsumn5,-0.05791,0.423,36,0
week,2025-W46,alpha101/alpha_027,-0.05886,0.4133,37,0
week,2025-W46,alpha101/alpha_004,-0.06152,0.4,38,0
week,2025-W47,gtja191/alpha_026,0.05078,0.7952,1,1
week,2025-W47,gtja191/alpha_025,0.04822,0.795,2,0
week,2025-W47,alpha101/alpha_069,0.03853,0.7929,3,0
week,2025-W47,gtja191/alpha_041,0.0349,0.784,4,0
week,2025-W47,gtja191/alpha_157,0.03417,0.7756,5,0
week,2025-W47,alpha101/alpha_084,0.0349,0.7726,6,0
week,2025-W47,qlib158/vma60,0.02972,0.7591,7,0
week,2025-W47,gtja191/alpha_008,0.04009,0.7444,8,0
week,2025-W47,alpha101/alpha_002,0.0126,0.7264,9,0
week,2025-W47,gtja191/alpha_001,0.00831,0.7125,10,0
week,2025-W47,alpha101/alpha_024,0.03442,0.7008,11,0
week,2025-W47,gtja191/alpha_037,0.00768,0.6908,12,0
week,2025-W47,gtja191/alpha_092,0.00036,0.678,13,0
week,2025-W47,qlib158/vma10,0.03436,0.673,14,0
week,2025-W47,qlib158/vsumn30,-0.00505,0.6578,15,0
week,2025-W47,gtja191/alpha_048,-0.00195,0.6566,16,0
week,2025-W47,alpha101/alpha_015,0.00925,0.6458,17,0
week,2025-W47,alpha101/alpha_016,0.00746,0.6294,18,0
week,2025-W47,alpha101/alpha_055,-0.00719,0.6255,19,0
week,2025-W47,qlib158/cntn5,-0.01898,0.5959,20,0
week,2025-W47,alpha101/alpha_080,-0.01717,0.5953,21,0
week,2025-W47,alpha101/alpha_026,-0.02166,0.5809,22,0
week,2025-W47,alpha101/alpha_004,-0.022,0.5805,23,0
week,2025-W47,gtja191/alpha_090,-0.01978,0.5776,24,0
week,2025-W47,alpha101/alpha_067,-0.01992,0.5763,25,0
week,2025-W47,qlib158/ma10,-0.01534,0.5749,26,0
week,2025-W47,gtja191/alpha_016,-0.02327,0.5712,27,0
week,2025-W47,alpha101/alpha_044,-0.02357,0.5647,28,0
week,2025-W47,qlib158/vsumn5,-0.0289,0.5374,29,0
week,2025-W47,gtja191/alpha_006,-0.03088,0.527,30,0
week,2025-W47,alpha101/alpha_088,-0.03259,0.5178,31,0
week,2025-W47,gtja191/alpha_168,-0.01959,0.5092,32,0
week,2025-W47,qlib158/vsumn60,-0.03892,0.4852,33,0
week,2025-W47,qlib158/vsumn20,-0.03815,0.4826,34,0
week,2025-W47,qlib158/min10,-0.03806,0.4767,35,0
week,2025-W47,alpha101/alpha_027,-0.04779,0.4206,36,0
week,2025-W47,alpha101/alpha_023,-0.07289,0.2951,37,0
week,2025-W47,alpha101/alpha_019,-0.08258,0.2509,38,0
week,2025-W48,gtja191/alpha_037,0.09073,0.7675,1,1
week,2025-W48,gtja191/alpha_157,0.07363,0.7536,2,0
week,2025-W48,alpha101/alpha_019,0.05663,0.7243,3,0
week,2025-W48,qlib158/vsumn30,0.04731,0.7031,4,0
week,2025-W48,alpha101/alpha_024,0.06854,0.6981,5,0
week,2025-W48,gtja191/alpha_041,0.04619,0.6961,6,0
week,2025-W48,gtja191/alpha_026,0.05513,0.6922,7,0
week,2025-W48,gtja191/alpha_090,0.04709,0.6768,8,0
week,2025-W48,alpha101/alpha_026,0.04045,0.6708,9,0
week,2025-W48,gtja191/alpha_008,0.06286,0.6627,10,0
week,2025-W48,alpha101/alpha_069,0.03713,0.6591,11,0
week,2025-W48,alpha101/alpha_016,0.04038,0.6546,12,0
week,2025-W48,gtja191/alpha_001,0.04611,0.6493,13,0
week,2025-W48,gtja191/alpha_048,0.03535,0.6414,14,0
week,2025-W48,gtja191/alpha_025,0.03536,0.6179,15,0
week,2025-W48,qlib158/ma10,0.02975,0.6081,16,0
week,2025-W48,alpha101/alpha_015,0.02994,0.6024,17,0
week,2025-W48,qlib158/vma60,0.02165,0.5944,18,0
week,2025-W48,alpha101/alpha_002,0.02279,0.593,19,0
week,2025-W48,alpha101/alpha_084,0.02287,0.5797,20,0
week,2025-W48,alpha101/alpha_080,0.02411,0.5758,21,0
week,2025-W48,qlib158/vsumn20,0.01725,0.5718,22,0
week,2025-W48,qlib158/cntn5,0.01645,0.5683,23,0
week,2025-W48,qlib158/vma10,0.01906,0.5669,24,0
week,2025-W48,alpha101/alpha_044,0.01673,0.558,25,0
week,2025-W48,gtja191/alpha_092,0.02002,0.5526,26,0
week,2025-W48,alpha101/alpha_055,0.01358,0.5523,27,0
week,2025-W48,gtja191/alpha_168,0.01109,0.5257,28,0
week,2025-W48,alpha101/alpha_004,0.00573,0.5121,29,0
week,2025-W48,qlib158/min10,0.00715,0.5118,30,0
week,2025-W48,alpha101/alpha_088,0.00234,0.4938,31,0
week,2025-W48,gtja191/alpha_006,-0.00207,0.4691,32,0
week,2025-W48,alpha101/alpha_067,-0.00273,0.4638,33,0
week,2025-W48,qlib158/vsumn60,-0.00259,0.4617,34,0
week,2025-W48,gtja191/alpha_016,-0.00346,0.4615,35,0
week,2025-W48,alpha101/alpha_023,-0.00411,0.4454,36,0
week,2025-W48,alpha101/alpha_027,-0.00612,0.4445,37,0
week,2025-W48,qlib158/vsumn5,-0.02314,0.3491,38,0
week,2025-W49,alpha101/alpha_023,0.12354,0.8217,1,1
week,2025-W49,alpha101/alpha_016,0.1083,0.7547,2,0
week,2025-W49,gtja191/alpha_168,0.07527,0.7499,3,0
week,2025-W49,alpha101/alpha_019,0.07004,0.7268,4,0
week,2025-W49,qlib158/vma60,0.06193,0.7159,5,0
week,2025-W49,alpha101/alpha_004,0.04942,0.6844,6,0
week,2025-W49,alpha101/alpha_024,0.04104,0.6583,7,0
week,2025-W49,alpha101/alpha_044,0.04093,0.651,8,0
week,2025-W49,alpha101/alpha_055,0.04996,0.6372,9,0
week,2025-W49,alpha101/alpha_002,0.04171,0.6362,10,0
week,2025-W49,gtja191/alpha_048,0.04375,0.63,11,0
week,2025-W49,gtja191/alpha_037,0.04173,0.6202,12,0
week,2025-W49,gtja191/alpha_016,0.02744,0.6084,13,0
week,2025-W49,alpha101/alpha_080,0.03276,0.6053,14,0
week,2025-W49,qlib158/vsumn60,0.03194,0.6047,15,0
week,2025-W49,qlib158/ma10,0.02607,0.6021,16,0
week,2025-W49,qlib158/vma10,0.04711,0.602,17,0
week,2025-W49,gtja191/alpha_041,0.026,0.5902,18,0
week,2025-W49,qlib158/vsumn30,0.02206,0.5854,19,0
week,2025-W49,alpha101/alpha_026,0.0218,0.5814,20,0
week,2025-W49,qlib158/vsumn20,0.02462,0.5797,21,0
week,2025-W49,gtja191/alpha_092,0.02658,0.5769,22,0
week,2025-W49,qlib158/vsumn5,0.02167,0.5734,23,0
week,2025-W49,gtja191/alpha_090,0.02999,0.569,24,0
week,2025-W49,gtja191/alpha_025,0.0228,0.5665,25,0
week,2025-W49,alpha101/alpha_069,0.01376,0.5276,26,0
week,2025-W49,gtja191/alpha_157,0.01145,0.5191,27,0
week,2025-W49,alpha101/alpha_067,0.01314,0.512,28,0
week,2025-W49,qlib158/min10,0.01056,0.512,29,0
week,2025-W49,gtja191/alpha_026,0.00703,0.4951,30,0
week,2025-W49,gtja191/alpha_006,0.00445,0.49,31,0
week,2025-W49,gtja191/alpha_008,0.00448,0.4832,32,0
week,2025-W49,alpha101/alpha_015,0.00224,0.4763,33,0
week,2025-W49,gtja191/alpha_001,0.00339,0.4631,34,0
week,2025-W49,alpha101/alpha_084,-0.00126,0.4568,35,0
week,2025-W49,alpha101/alpha_088,-0.00157,0.4564,36,0
week,2025-W49,qlib158/cntn5,-0.00813,0.4133,37,0
week,2025-W49,alpha101/alpha_027,-0.01211,0.3909,38,0
week,2025-W50,alpha101/alpha_016,0.25033,0.8595,1,1
week,2025-W50,qlib158/vma10,0.15966,0.8039,2,0
week,2025-W50,gtja191/alpha_037,0.12075,0.747,3,0
week,2025-W50,qlib158/vma60,0.14148,0.7197,4,0
week,2025-W50,gtja191/alpha_048,0.10568,0.7023,5,0
week,2025-W50,gtja191/alpha_168,0.11607,0.6743,6,0
week,2025-W50,alpha101/alpha_055,0.08066,0.6287,7,0
week,2025-W50,gtja191/alpha_157,0.09036,0.6276,8,0
week,2025-W50,alpha101/alpha_023,0.06872,0.5955,9,0
week,2025-W50,gtja191/alpha_041,0.08132,0.5945,10,0
week,2025-W50,alpha101/alpha_069,0.08043,0.5837,11,0
week,2025-W50,qlib158/vsumn60,0.06482,0.5755,12,0
week,2025-W50,alpha101/alpha_044,0.07178,0.5542,13,0
week,2025-W50,qlib158/vsumn30,0.0563,0.5519,14,0
week,2025-W50,qlib158/vsumn20,0.06068,0.5508,15,0
week,2025-W50,alpha101/alpha_026,0.05738,0.5498,16,0
week,2025-W50,gtja191/alpha_092,0.05913,0.543,17,0
week,2025-W50,gtja191/alpha_090,0.0557,0.5352,18,0
week,2025-W50,gtja191/alpha_016,0.05406,0.5274,19,0
week,2025-W50,alpha101/alpha_002,0.05787,0.5129,20,0
week,2025-W50,qlib158/min10,0.04573,0.4746,21,0
week,2025-W50,gtja191/alpha_001,0.03882,0.4578,22,0
week,2025-W50,alpha101/alpha_015,0.03701,0.4374,23,0
week,2025-W50,alpha101/alpha_019,0.03339,0.4157,24,0
week,2025-W50,alpha101/alpha_024,0.03173,0.4138,25,0
week,2025-W50,alpha101/alpha_080,0.03263,0.4104,26,0
week,2025-W50,qlib158/ma10,0.02858,0.3987,27,0
week,2025-W50,qlib158/vsumn5,0.0276,0.3935,28,0
week,2025-W50,alpha101/alpha_067,0.02395,0.367,29,0
week,2025-W50,qlib158/cntn5,0.02125,0.3572,30,0
week,2025-W50,gtja191/alpha_025,0.01728,0.3367,31,0
week,2025-W50,alpha101/alpha_004,0.01771,0.3324,32,0
week,2025-W50,alpha101/alpha_088,0.01418,0.3172,33,0
week,2025-W50,alpha101/alpha_027,0.01239,0.3085,34,0
week,2025-W50,gtja191/alpha_006,0.00908,0.29,35,0
week,2025-W50,gtja191/alpha_008,0.00729,0.273,36,0
week,2025-W50,alpha101/alpha_084,0.00111,0.2488,37,0
week,2025-W50,gtja191/alpha_026,0.00133,0.2452,38,0
week,2025-W51,alpha101/alpha_016,0.20075,0.8159,1,1
week,2025-W51,alpha101/alpha_067,0.19382,0.7957,2,0
week,2025-W51,gtja191/alpha_092,0.17371,0.774,3,0
week,2025-W51,qlib158/vma60,0.17259,0.7678,4,0
week,2025-W51,alpha101/alpha_026,0.20832,0.7455,5,0
week,2025-W51,gtja191/alpha_041,0.15339,0.7195,6,0
week,2025-W51,alpha101/alpha_023,0.15365,0.6835,7,0
week,2025-W51,gtja191/alpha_168,0.14262,0.6795,8,0
week,2025-W51,alpha101/alpha_069,0.13578,0.6703,9,0
week,2025-W51,qlib158/vma10,0.12808,0.6588,10,0
week,2025-W51,gtja191/alpha_026,0.12748,0.6485,11,0
week,2025-W51,gtja191/alpha_025,0.13585,0.6478,12,0
week,2025-W51,alpha101/alpha_084,0.12458,0.6411,13,0
week,2025-W51,alpha101/alpha_019,0.11844,0.632,14,0
week,2025-W51,gtja191/alpha_008,0.11823,0.6274,15,0
week,2025-W51,gtja191/alpha_001,0.11675,0.6197,16,0
week,2025-W51,gtja191/alpha_048,0.12677,0.6152,17,0
week,2025-W51,gtja191/alpha_037,0.11336,0.6087,18,0
week,2025-W51,alpha101/alpha_044,0.10619,0.5925,19,0
week,2025-W51,qlib158/vsumn60,0.10748,0.5884,20,0
week,2025-W51,qlib158/vsumn30,0.10544,0.5825,21,0
week,2025-W51,gtja191/alpha_090,0.10608,0.5816,22,0
week,2025-W51,alpha101/alpha_024,0.10558,0.5766,23,0
week,2025-W51,qlib158/vsumn20,0.09775,0.5584,24,0
week,2025-W51,gtja191/alpha_157,0.09572,0.5455,25,0
week,2025-W51,qlib158/vsumn5,0.09514,0.5181,26,0
week,2025-W51,qlib158/cntn5,0.08847,0.5127,27,0
week,2025-W51,qlib158/ma10,0.08653,0.5005,28,0
week,2025-W51,alpha101/alpha_080,0.08624,0.4857,29,0
week,2025-W51,alpha101/alpha_002,0.08026,0.4839,30,0
week,2025-W51,alpha101/alpha_015,0.07486,0.4617,31,0
week,2025-W51,alpha101/alpha_004,0.07231,0.4441,32,0
week,2025-W51,alpha101/alpha_055,0.06655,0.4242,33,0
week,2025-W51,gtja191/alpha_016,0.06707,0.4144,34,0
week,2025-W51,qlib158/min10,0.06338,0.4121,35,0
week,2025-W51,alpha101/alpha_088,0.03854,0.2959,36,0
week,2025-W51,gtja191/alpha_006,0.01075,0.1873,37,0
week,2025-W51,alpha101/alpha_027,-0.00091,0.1436,38,0
week,2025-W52,qlib158/vsumn20,0.16767,0.7702,1,1
week,2025-W52,gtja191/alpha_048,0.14145,0.7284,2,0
week,2025-W52,gtja191/alpha_016,0.17606,0.7051,3,0
week,2025-W52,alpha101/alpha_023,0.13088,0.6764,4,0
week,2025-W52,alpha101/alpha_044,0.11922,0.6277,5,0
week,2025-W52,alpha101/alpha_026,0.1051,0.6065,6,0
week,2025-W52,gtja191/alpha_168,0.11486,0.592,7,0
week,2025-W52,qlib158/vma10,0.09876,0.5883,8,0
week,2025-W52,gtja191/alpha_037,0.10475,0.5785,9,0
week,2025-W52,gtja191/alpha_090,0.09743,0.5639,10,0
week,2025-W52,alpha101/alpha_067,0.09987,0.5626,11,0
week,2025-W52,gtja191/alpha_157,0.08957,0.5453,12,0
week,2025-W52,gtja191/alpha_001,0.08814,0.544,13,0
week,2025-W52,qlib158/vsumn30,0.08581,0.5348,14,0
week,2025-W52,alpha101/alpha_016,0.08521,0.5207,15,0
week,2025-W52,alpha101/alpha_002,0.08174,0.5197,16,0
week,2025-W52,alpha101/alpha_055,0.08036,0.5128,17,0
week,2025-W52,qlib158/vsumn60,0.0794,0.5093,18,0
week,2025-W52,gtja191/alpha_092,0.0873,0.4812,19,0
week,2025-W52,gtja191/alpha_041,0.06607,0.4464,20,0
week,2025-W52,alpha101/alpha_088,0.0656,0.4461,21,0
week,2025-W52,qlib158/vma60,0.07015,0.4437,22,0
week,2025-W52,alpha101/alpha_069,0.0643,0.4383,23,0
week,2025-W52,alpha101/alpha_015,0.05863,0.4034,24,0
week,2025-W52,qlib158/vsumn5,0.05358,0.3742,25,0
week,2025-W52,alpha101/alpha_084,0.04879,0.3618,26,0
week,2025-W52,gtja191/alpha_025,0.04536,0.3578,27,0
week,2025-W52,qlib158/ma10,0.04097,0.3358,28,0
week,2025-W52,qlib158/cntn5,0.03202,0.2997,29,0
week,2025-W52,qlib158/min10,0.02262,0.2588,30,0
week,2025-W52,gtja191/alpha_026,0.01137,0.2291,31,0
week,2025-W52,alpha101/alpha_019,0.00092,0.2221,32,0
week,2025-W52,alpha101/alpha_080,0.01315,0.2138,33,0
week,2025-W52,alpha101/alpha_024,-0.00267,0.2082,34,0
week,2025-W52,gtja191/alpha_008,-0.00396,0.1881,35,0
week,2025-W52,alpha101/alpha_027,0.0025,0.1772,36,0
week,2025-W52,alpha101/alpha_004,-0.00073,0.1648,37,0
week,2025-W52,gtja191/alpha_006,-0.00475,0.1592,38,0
week,2026-W01,gtja191/alpha_001,0.12566,0.7299,1,1
week,2026-W01,alpha101/alpha_023,0.11447,0.6757,2,0
week,2026-W01,gtja191/alpha_092,0.12021,0.6589,3,0
week,2026-W01,qlib158/vsumn60,0.09391,0.6512,4,0
week,2026-W01,gtja191/alpha_037,0.1004,0.6378,5,0
week,2026-W01,alpha101/alpha_026,0.09767,0.6302,6,0
week,2026-W01,qlib158/vsumn30,0.08618,0.625,7,0
week,2026-W01,gtja191/alpha_090,0.09288,0.6231,8,0
week,2026-W01,qlib158/vsumn20,0.08278,0.6087,9,0
week,2026-W01,gtja191/alpha_016,0.07754,0.5914,10,0
week,2026-W01,alpha101/alpha_015,0.07623,0.5646,11,0
week,2026-W01,alpha101/alpha_044,0.07226,0.546,12,0
week,2026-W01,alpha101/alpha_019,0.07192,0.5382,13,0
week,2026-W01,alpha101/alpha_055,0.06583,0.5331,14,0
week,2026-W01,qlib158/vma60,0.05687,0.5078,15,0
week,2026-W01,gtja191/alpha_048,0.05881,0.5059,16,0
week,2026-W01,qlib158/vma10,0.05752,0.5014,17,0
week,2026-W01,alpha101/alpha_067,0.05627,0.4929,18,0
week,2026-W01,gtja191/alpha_157,0.05305,0.4919,19,0
week,2026-W01,alpha101/alpha_080,0.05243,0.4853,20,0
week,2026-W01,alpha101/alpha_084,0.05048,0.4699,21,0
week,2026-W01,qlib158/cntn5,0.04822,0.4643,22,0
week,2026-W01,alpha101/alpha_088,0.04042,0.4288,23,0
week,2026-W01,qlib158/vsumn5,0.03642,0.4103,24,0
week,2026-W01,qlib158/min10,0.02753,0.3676,25,0
week,2026-W01,alpha101/alpha_002,0.02743,0.3658,26,0
week,2026-W01,alpha101/alpha_024,0.01961,0.3461,27,0
week,2026-W01,gtja191/alpha_168,0.01522,0.3155,28,0
week,2026-W01,alpha101/alpha_069,0.01239,0.306,29,0
week,2026-W01,alpha101/alpha_016,0.00678,0.3042,30,0
week,2026-W01,gtja191/alpha_008,0.01086,0.2974,31,0
week,2026-W01,qlib158/ma10,0.00823,0.2801,32,0
week,2026-W01,gtja191/alpha_025,0.00033,0.2609,33,0
week,2026-W01,alpha101/alpha_004,0.00146,0.2549,34,0
week,2026-W01,gtja191/alpha_041,-0.00837,0.2488,35,0
week,2026-W01,alpha101/alpha_027,-0.00277,0.2354,36,0
week,2026-W01,gtja191/alpha_026,-0.01961,0.1905,37,0
week,2026-W01,gtja191/alpha_006,-0.01642,0.1901,38,0
week,2026-W02,alpha101/alpha_015,0.06435,0.7063,1,1
week,2026-W02,alpha101/alpha_088,0.06862,0.696,2,0
week,2026-W02,gtja191/alpha_037,0.06255,0.6669,3,0
week,2026-W02,alpha101/alpha_067,0.05547,0.6463,4,0
week,2026-W02,gtja191/alpha_001,0.05216,0.635,5,0
week,2026-W02,alpha101/alpha_002,0.04238,0.6204,6,0
week,2026-W02,qlib158/vma10,0.05441,0.6112,7,0
week,2026-W02,qlib158/vma60,0.0435,0.607,8,0
week,2026-W02,gtja191/alpha_016,0.0382,0.5949,9,0
week,2026-W02,gtja191/alpha_168,0.03348,0.5705,10,0
week,2026-W02,qlib158/vsumn20,0.03114,0.5688,11,0
week,2026-W02,gtja191/alpha_048,0.04613,0.5607,12,0
week,2026-W02,alpha101/alpha_055,0.02593,0.545,13,0
week,2026-W02,qlib158/cntn5,0.02352,0.5363,14,0
week,2026-W02,gtja191/alpha_008,0.02468,0.5253,15,0
week,2026-W02,gtja191/alpha_090,0.02113,0.5244,16,0
week,2026-W02,alpha101/alpha_024,0.02277,0.5221,17,0
week,2026-W02,alpha101/alpha_044,0.02147,0.5215,18,0
week,2026-W02,alpha101/alpha_026,0.01823,0.5165,19,0
week,2026-W02,qlib158/min10,0.0169,0.5074,20,0
week,2026-W02,gtja191/alpha_041,0.02567,0.5046,21,0
week,2026-W02,qlib158/vsumn30,0.01575,0.5027,22,0
week,2026-W02,alpha101/alpha_023,0.0191,0.5008,23,0
week,2026-W02,alpha101/alpha_069,0.02563,0.5,24,0
week,2026-W02,gtja191/alpha_025,0.02058,0.4921,25,0
week,2026-W02,gtja191/alpha_026,0.0127,0.4723,26,0
week,2026-W02,alpha101/alpha_084,0.01206,0.4683,27,0
week,2026-W02,qlib158/vsumn60,0.00305,0.4395,28,0
week,2026-W02,qlib158/vsumn5,0.00123,0.4293,29,0
week,2026-W02,alpha101/alpha_080,-0.00251,0.4166,30,0
week,2026-W02,alpha101/alpha_016,-0.01073,0.3773,31,0
week,2026-W02,gtja191/alpha_092,-0.01159,0.3756,32,0
week,2026-W02,alpha101/alpha_027,-0.0165,0.3543,33,0
week,2026-W02,alpha101/alpha_019,-0.02446,0.3323,34,0
week,2026-W02,alpha101/alpha_004,-0.02262,0.3225,35,0
week,2026-W02,gtja191/alpha_006,-0.03111,0.2864,36,0
week,2026-W02,gtja191/alpha_157,-0.03665,0.2803,37,0
week,2026-W02,qlib158/ma10,-0.04042,0.2553,38,0
week,2026-W03,gtja191/alpha_092,0.0837,0.787,1,1
week,2026-W03,qlib158/cntn5,0.06727,0.7446,2,0
week,2026-W03,qlib158/vsumn20,0.04424,0.6775,3,0
week,2026-W03,alpha101/alpha_069,0.04268,0.6685,4,0
week,2026-W03,alpha101/alpha_015,0.05001,0.6671,5,0
week,2026-W03,alpha101/alpha_002,0.03538,0.6535,6,0
week,2026-W03,gtja191/alpha_041,0.03836,0.6521,7,0
week,2026-W03,qlib158/vsumn30,0.03468,0.6446,8,0
week,2026-W03,qlib158/vsumn5,0.03537,0.6394,9,0
week,2026-W03,gtja191/alpha_025,0.03108,0.6235,10,0
week,2026-W03,alpha101/alpha_026,0.0262,0.6087,11,0
week,2026-W03,gtja191/alpha_048,0.02853,0.601,12,0
week,2026-W03,qlib158/vsumn60,0.02161,0.5901,13,0
week,2026-W03,alpha101/alpha_088,0.02151,0.5885,14,0
week,2026-W03,gtja191/alpha_090,0.02222,0.5818,15,0
week,2026-W03,alpha101/alpha_044,0.02026,0.5785,16,0
week,2026-W03,gtja191/alpha_001,0.01912,0.5776,17,0
week,2026-W03,alpha101/alpha_080,0.01803,0.5734,18,0
week,2026-W03,qlib158/min10,0.01808,0.5622,19,0
week,2026-W03,gtja191/alpha_157,0.01103,0.5214,20,0
week,2026-W03,alpha101/alpha_055,0.00584,0.5159,21,0
week,2026-W03,gtja191/alpha_026,0.00644,0.5085,22,0
week,2026-W03,alpha101/alpha_024,0.00508,0.5007,23,0
week,2026-W03,gtja191/alpha_006,-0.00362,0.47,24,0
week,2026-W03,alpha101/alpha_027,-0.00299,0.4667,25,0
week,2026-W03,alpha101/alpha_004,-0.00507,0.4639,26,0
week,2026-W03,gtja191/alpha_016,-0.00647,0.4624,27,0
week,2026-W03,alpha101/alpha_084,-0.00704,0.4502,28,0
week,2026-W03,qlib158/vma60,-0.01162,0.432,29,0
week,2026-W03,alpha101/alpha_023,-0.01825,0.3986,30,0
week,2026-W03,gtja191/alpha_008,-0.017,0.3984,31,0
week,2026-W03,qlib158/ma10,-0.02251,0.3919,32,0
week,2026-W03,alpha101/alpha_067,-0.02354,0.3866,33,0
week,2026-W03,gtja191/alpha_037,-0.0233,0.3756,34,0
week,2026-W03,alpha101/alpha_016,-0.0315,0.3398,35,0
week,2026-W03,qlib158/vma10,-0.05179,0.2791,36,0
week,2026-W03,gtja191/alpha_168,-0.05414,0.2631,37,0
week,2026-W03,alpha101/alpha_019,-0.06547,0.2168,38,0
week,2026-W04,gtja191/alpha_048,0.05434,0.7335,1,1
week,2026-W04,alpha101/alpha_015,0.0446,0.7038,2,0
week,2026-W04,alpha101/alpha_055,0.04341,0.6911,3,0
week,2026-W04,gtja191/alpha_090,0.03535,0.6615,4,0
week,2026-W04,alpha101/alpha_044,0.03123,0.6604,5,0
week,2026-W04,alpha101/alpha_026,0.03099,0.6568,6,0
week,2026-W04,alpha101/alpha_080,0.03013,0.6505,7,0
week,2026-W04,gtja191/alpha_016,0.01951,0.6117,8,0
week,2026-W04,alpha101/alpha_027,0.01731,0.593,9,0
week,2026-W04,qlib158/ma10,0.03703,0.5922,10,0
week,2026-W04,gtja191/alpha_157,0.03863,0.5868,11,0
week,2026-W04,alpha101/alpha_088,0.01568,0.5864,12,0
week,2026-W04,qlib158/vsumn30,0.0143,0.5839,13,0
week,2026-W04,qlib158/vsumn60,0.01318,0.5778,14,0
week,2026-W04,gtja191/alpha_025,0.01821,0.5532,15,0
week,2026-W04,alpha101/alpha_016,0.00989,0.5499,16,0
week,2026-W04,qlib158/vsumn5,0.00848,0.5466,17,0
week,2026-W04,gtja191/alpha_092,0.00779,0.5449,18,0
week,2026-W04,gtja191/alpha_006,0.00625,0.5447,19,0
week,2026-W04,alpha101/alpha_004,0.00613,0.5406,20,0
week,2026-W04,gtja191/alpha_001,0.00909,0.5269,21,0
week,2026-W04,qlib158/min10,0.00581,0.5232,22,0
week,2026-W04,qlib158/vsumn20,0.00212,0.5141,23,0
week,2026-W04,alpha101/alpha_024,0.00725,0.5127,24,0
week,2026-W04,alpha101/alpha_067,-0.0053,0.4847,25,0
week,2026-W04,qlib158/vma10,-0.00267,0.477,26,0
week,2026-W04,gtja191/alpha_168,-0.00741,0.4748,27,0
week,2026-W04,alpha101/alpha_002,-0.00756,0.4743,28,0
week,2026-W04,qlib158/cntn5,-0.01624,0.4218,29,0
week,2026-W04,qlib158/vma60,-0.02101,0.3964,30,0
week,2026-W04,alpha101/alpha_023,-0.0227,0.3959,31,0
week,2026-W04,alpha101/alpha_019,-0.02314,0.3844,32,0
week,2026-W04,gtja191/alpha_026,-0.02298,0.381,33,0
week,2026-W04,gtja191/alpha_037,-0.03341,0.3344,34,0
week,2026-W04,alpha101/alpha_084,-0.04511,0.2808,35,0
week,2026-W04,gtja191/alpha_041,-0.04757,0.2625,36,0
week,2026-W04,gtja191/alpha_008,-0.05036,0.2488,37,0
week,2026-W04,alpha101/alpha_069,-0.0522,0.2365,38,0
week,2026-W05,qlib158/vsumn5,0.04257,0.7413,1,1
week,2026-W05,qlib158/vsumn30,0.02492,0.7218,2,0
week,2026-W05,gtja191/alpha_048,0.02372,0.709,3,0
week,2026-W05,alpha101/alpha_027,0.01905,0.7057,4,0
week,2026-W05,alpha101/alpha_004,0.01584,0.6925,5,0
week,2026-W05,gtja191/alpha_006,0.01869,0.6837,6,0
week,2026-W05,alpha101/alpha_080,0.01001,0.6648,7,0
week,2026-W05,qlib158/vsumn60,0.0082,0.6624,8,0
week,2026-W05,gtja191/alpha_090,0.00668,0.6581,9,0
week,2026-W05,qlib158/vsumn20,0.00418,0.6438,10,0
week,2026-W05,alpha101/alpha_044,0.00118,0.6371,11,0
week,2026-W05,alpha101/alpha_055,0.00243,0.6337,12,0
week,2026-W05,alpha101/alpha_015,-0.00245,0.6251,13,0
week,2026-W05,qlib158/min10,-0.00437,0.6039,14,0
week,2026-W05,alpha101/alpha_023,-0.00353,0.603,15,0
week,2026-W05,alpha101/alpha_067,-0.00765,0.5935,16,0
week,2026-W05,alpha101/alpha_002,-0.00825,0.5902,17,0
week,2026-W05,gtja191/alpha_016,-0.01111,0.5898,18,0
week,2026-W05,gtja191/alpha_168,-0.01082,0.5687,19,0
week,2026-W05,qlib158/ma10,-0.01705,0.5646,20,0
week,2026-W05,alpha101/alpha_088,-0.02078,0.5508,21,0
week,2026-W05,alpha101/alpha_016,-0.02158,0.543,22,0
week,2026-W05,qlib158/cntn5,-0.02244,0.5414,23,0
week,2026-W05,gtja191/alpha_001,-0.02213,0.5412,24,0
week,2026-W05,alpha101/alpha_084,-0.02225,0.5402,25,0
week,2026-W05,alpha101/alpha_026,-0.01783,0.5394,26,0
week,2026-W05,qlib158/vma60,-0.03082,0.5013,27,0
week,2026-W05,qlib158/vma10,-0.03172,0.4772,28,0
week,2026-W05,gtja191/alpha_026,-0.03684,0.4753,29,0
week,2026-W05,gtja191/alpha_008,-0.0389,0.4625,30,0
week,2026-W05,alpha101/alpha_024,-0.04238,0.4468,31,0
week,2026-W05,gtja191/alpha_157,-0.04694,0.4243,32,0
week,2026-W05,gtja191/alpha_025,-0.05324,0.3929,33,0
week,2026-W05,gtja191/alpha_037,-0.05881,0.3633,34,0
week,2026-W05,gtja191/alpha_092,-0.06187,0.3495,35,0
week,2026-W05,alpha101/alpha_019,-0.07661,0.2996,36,0
week,2026-W05,alpha101/alpha_069,-0.08331,0.2573,37,0
week,2026-W05,gtja191/alpha_041,-0.08597,0.2439,38,0
week,2026-W06,qlib158/vsumn60,0.06533,0.7387,1,1
week,2026-W06,gtja191/alpha_006,0.05014,0.6974,2,0
week,2026-W06,alpha101/alpha_027,0.04592,0.69,3,0
week,2026-W06,alpha101/alpha_055,0.05003,0.6859,4,0
week,2026-W06,alpha101/alpha_080,0.03936,0.6593,5,0
week,2026-W06,alpha101/alpha_026,0.05492,0.659,6,0
week,2026-W06,alpha101/alpha_044,0.03079,0.6363,7,0
week,2026-W06,alpha101/alpha_004,0.03674,0.6343,8,0
week,2026-W06,qlib158/min10,0.02002,0.5948,9,0
week,2026-W06,gtja191/alpha_037,0.01882,0.5822,10,0
week,2026-W06,alpha101/alpha_002,0.0145,0.5737,11,0
week,2026-W06,alpha101/alpha_015,0.01512,0.5727,12,0
week,2026-W06,alpha101/alpha_067,0.01334,0.5675,13,0
week,2026-W06,qlib158/vsumn5,0.0129,0.566,14,0
week,2026-W06,qlib158/cntn5,0.01338,0.5603,15,0
week,2026-W06,alpha101/alpha_084,0.00955,0.5455,16,0
week,2026-W06,gtja191/alpha_025,0.01516,0.5427,17,0
week,2026-W06,alpha101/alpha_023,0.00939,0.5389,18,0
week,2026-W06,gtja191/alpha_026,0.00474,0.5283,19,0
week,2026-W06,gtja191/alpha_092,0.00478,0.5208,20,0
week,2026-W06,qlib158/vsumn30,0.00549,0.5185,21,0
week,2026-W06,qlib158/vsumn20,0.00037,0.5122,22,0
week,2026-W06,gtja191/alpha_008,0.00337,0.5109,23,0
week,2026-W06,gtja191/alpha_001,0.00058,0.5098,24,0
week,2026-W06,gtja191/alpha_090,-0.00056,0.4996,25,0
week,2026-W06,alpha101/alpha_088,-0.00514,0.4865,26,0
week,2026-W06,gtja191/alpha_016,-0.00864,0.4636,27,0
week,2026-W06,alpha101/alpha_024,-0.00712,0.4629,28,0
week,2026-W06,qlib158/vma60,-0.01433,0.4528,29,0
week,2026-W06,gtja191/alpha_048,-0.01473,0.4348,30,0
week,2026-W06,gtja191/alpha_041,-0.01223,0.4116,31,0
week,2026-W06,gtja191/alpha_168,-0.02452,0.4113,32,0
week,2026-W06,gtja191/alpha_157,-0.01873,0.4082,33,0
week,2026-W06,qlib158/vma10,-0.03022,0.3839,34,0
week,2026-W06,alpha101/alpha_016,-0.02659,0.3746,35,0
week,2026-W06,alpha101/alpha_069,-0.02932,0.3644,36,0
week,2026-W06,qlib158/ma10,-0.04965,0.2735,37,0
week,2026-W06,alpha101/alpha_019,-0.06709,0.2006,38,0
week,2026-W07,gtja191/alpha_025,0.03031,0.8139,1,1
week,2026-W07,alpha101/alpha_027,0.01032,0.7866,2,0
week,2026-W07,alpha101/alpha_004,0.00419,0.7737,3,0
week,2026-W07,alpha101/alpha_044,0.00098,0.7422,4,0
week,2026-W07,alpha101/alpha_080,-0.00866,0.7384,5,0
week,2026-W07,gtja191/alpha_090,-0.0153,0.712,6,0
week,2026-W07,gtja191/alpha_006,-0.01368,0.7047,7,0
week,2026-W07,alpha101/alpha_002,-0.01436,0.6874,8,0
week,2026-W07,qlib158/vsumn60,-0.02354,0.678,9,0
week,2026-W07,gtja191/alpha_026,-0.0264,0.6726,10,0
week,2026-W07,gtja191/alpha_048,-0.02471,0.6672,11,0
week,2026-W07,gtja191/alpha_001,-0.03298,0.6507,12,0
week,2026-W07,qlib158/vsumn20,-0.03889,0.6356,13,0
week,2026-W07,alpha101/alpha_084,-0.03393,0.6254,14,0
week,2026-W07,gtja191/alpha_016,-0.03311,0.6241,15,0
week,2026-W07,qlib158/min10,-0.03577,0.6089,16,0
week,2026-W07,alpha101/alpha_069,-0.04203,0.6075,17,0
week,2026-W07,gtja191/alpha_037,-0.03499,0.5986,18,0
week,2026-W07,alpha101/alpha_016,-0.03352,0.5973,19,0
week,2026-W07,alpha101/alpha_015,-0.04821,0.5934,20,0
week,2026-W07,alpha101/alpha_067,-0.04283,0.5903,21,0
week,2026-W07,qlib158/vsumn5,-0.04754,0.5803,22,0
week,2026-W07,qlib158/cntn5,-0.04693,0.5772,23,0
week,2026-W07,gtja191/alpha_157,-0.04848,0.576,24,0
week,2026-W07,gtja191/alpha_092,-0.05944,0.5443,25,0
week,2026-W07,alpha101/alpha_088,-0.06184,0.533,26,0
week,2026-W07,alpha101/alpha_024,-0.05554,0.523,27,0
week,2026-W07,alpha101/alpha_019,-0.06031,0.5203,28,0
week,2026-W07,alpha101/alpha_055,-0.06652,0.5096,29,0
week,2026-W07,alpha101/alpha_026,-0.0664,0.5063,30,0
week,2026-W07,gtja191/alpha_041,-0.06739,0.5026,31,0
week,2026-W07,gtja191/alpha_168,-0.06851,0.4961,32,0
week,2026-W07,qlib158/vma10,-0.06804,0.4934,33,0
week,2026-W07,gtja191/alpha_008,-0.06565,0.4838,34,0
week,2026-W07,qlib158/vsumn30,-0.07297,0.4669,35,0
week,2026-W07,alpha101/alpha_023,-0.09022,0.4072,36,0
week,2026-W07,qlib158/vma60,-0.09116,0.3778,37,0
week,2026-W07,qlib158/ma10,-0.10844,0.2908,38,0
week,2026-W09,alpha101/alpha_027,-0.01162,0.8091,1,1
week,2026-W09,alpha101/alpha_080,-0.00186,0.8069,2,0
week,2026-W09,gtja191/alpha_006,-0.02449,0.7851,3,0
week,2026-W09,alpha101/alpha_004,-0.03466,0.7592,4,0
week,2026-W09,alpha101/alpha_015,-0.04074,0.7539,5,0
week,2026-W09,alpha101/alpha_019,-0.04951,0.7244,6,0
week,2026-W09,alpha101/alpha_024,-0.04258,0.7237,7,0
week,2026-W09,alpha101/alpha_044,-0.05111,0.7156,8,0
week,2026-W09,qlib158/min10,-0.05265,0.705,9,0
week,2026-W09,gtja191/alpha_008,-0.05809,0.6874,10,0
week,2026-W09,gtja191/alpha_037,-0.05921,0.6845,11,0
week,2026-W09,gtja191/alpha_026,-0.05125,0.6824,12,0
week,2026-W09,gtja191/alpha_025,-0.06237,0.672,13,0
week,2026-W09,alpha101/alpha_088,-0.06725,0.6625,14,0
week,2026-W09,alpha101/alpha_026,-0.06508,0.6594,15,0
week,2026-W09,gtja191/alpha_090,-0.07825,0.6291,16,0
week,2026-W09,alpha101/alpha_055,-0.07436,0.6287,17,0
week,2026-W09,gtja191/alpha_092,-0.08264,0.6078,18,0
week,2026-W09,gtja191/alpha_016,-0.07529,0.605,19,0
week,2026-W09,qlib158/cntn5,-0.0891,0.5835,20,0
week,2026-W09,gtja191/alpha_001,-0.08756,0.5817,21,0
week,2026-W09,qlib158/vma10,-0.09422,0.5655,22,0
week,2026-W09,qlib158/vsumn60,-0.09433,0.5635,23,0
week,2026-W09,alpha101/alpha_023,-0.09077,0.5603,24,0
week,2026-W09,alpha101/alpha_002,-0.09613,0.5555,25,0
week,2026-W09,gtja191/alpha_048,-0.09668,0.5497,26,0
week,2026-W09,qlib158/vma60,-0.09664,0.5481,27,0
week,2026-W09,gtja191/alpha_168,-0.10037,0.5291,28,0
week,2026-W09,alpha101/alpha_069,-0.10081,0.5241,29,0
week,2026-W09,gtja191/alpha_157,-0.09827,0.5208,30,0
week,2026-W09,alpha101/alpha_067,-0.10443,0.5123,31,0
week,2026-W09,qlib158/vsumn20,-0.10484,0.5041,32,0
week,2026-W09,qlib158/vsumn5,-0.10674,0.5004,33,0
week,2026-W09,qlib158/vsumn30,-0.1084,0.4934,34,0
week,2026-W09,alpha101/alpha_084,-0.10711,0.492,35,0
week,2026-W09,gtja191/alpha_041,-0.10829,0.4856,36,0
week,2026-W09,alpha101/alpha_016,-0.1038,0.4655,37,0
week,2026-W09,qlib158/ma10,-0.15179,0.2624,38,0
week,2026-W10,alpha101/alpha_069,-0.00211,0.7778,1,1
week,2026-W10,alpha101/alpha_019,0.00278,0.7685,2,0
week,2026-W10,gtja191/alpha_041,-0.01336,0.7379,3,0
week,2026-W10,gtja191/alpha_016,-0.01583,0.7257,4,0
week,2026-W10,gtja191/alpha_026,-0.02658,0.7009,5,0
week,2026-W10,gtja191/alpha_025,-0.02518,0.6997,6,0
week,2026-W10,qlib158/min10,-0.02632,0.6785,7,0
week,2026-W10,gtja191/alpha_008,-0.03844,0.6618,8,0
week,2026-W10,gtja191/alpha_090,-0.03779,0.6591,9,0
week,2026-W10,qlib158/vsumn30,-0.04105,0.6444,10,0
week,2026-W10,gtja191/alpha_048,-0.03404,0.6426,11,0
week,2026-W10,alpha101/alpha_027,-0.04415,0.6359,12,0
week,2026-W10,gtja191/alpha_006,-0.04226,0.6322,13,0
week,2026-W10,qlib158/vsumn20,-0.04576,0.6311,14,0
week,2026-W10,alpha101/alpha_015,-0.04784,0.6167,15,0
week,2026-W10,alpha101/alpha_067,-0.0494,0.611,16,0
week,2026-W10,qlib158/cntn5,-0.05021,0.6108,17,0
week,2026-W10,alpha101/alpha_088,-0.04804,0.6104,18,0
week,2026-W10,qlib158/vsumn60,-0.04883,0.6037,19,0
week,2026-W10,gtja191/alpha_001,-0.05204,0.6018,20,0
week,2026-W10,gtja191/alpha_168,-0.04648,0.5954,21,0
week,2026-W10,alpha101/alpha_084,-0.05425,0.5921,22,0
week,2026-W10,gtja191/alpha_037,-0.05414,0.5888,23,0
week,2026-W10,qlib158/vma10,-0.05005,0.5809,24,0
week,2026-W10,alpha101/alpha_023,-0.03642,0.5784,25,0
week,2026-W10,alpha101/alpha_026,-0.05772,0.5581,26,0
week,2026-W10,alpha101/alpha_044,-0.05927,0.5565,27,0
week,2026-W10,alpha101/alpha_024,-0.05644,0.5488,28,0
week,2026-W10,alpha101/alpha_055,-0.06106,0.5477,29,0
week,2026-W10,qlib158/vma60,-0.06412,0.5406,30,0
week,2026-W10,alpha101/alpha_002,-0.06757,0.5214,31,0
week,2026-W10,alpha101/alpha_080,-0.06449,0.5212,32,0
week,2026-W10,alpha101/alpha_004,-0.06728,0.5191,33,0
week,2026-W10,gtja191/alpha_157,-0.06669,0.5099,34,0
week,2026-W10,qlib158/ma10,-0.077,0.4577,35,0
week,2026-W10,qlib158/vsumn5,-0.08519,0.4426,36,0
week,2026-W10,alpha101/alpha_016,-0.08319,0.4349,37,0
week,2026-W10,gtja191/alpha_092,-0.08784,0.4143,38,0
week,2026-W11,alpha101/alpha_024,0.01445,0.821,1,1
week,2026-W11,gtja191/alpha_026,0.01068,0.7967,2,0
week,2026-W11,gtja191/alpha_025,0.00608,0.7938,3,0
week,2026-W11,gtja191/alpha_008,0.00403,0.785,4,0
week,2026-W11,alpha101/alpha_067,-0.00558,0.7763,5,0
week,2026-W11,alpha101/alpha_069,-0.00388,0.7661,6,0
week,2026-W11,gtja191/alpha_041,-0.00825,0.7628,7,0
week,2026-W11,alpha101/alpha_084,-0.0113,0.7521,8,0
week,2026-W11,alpha101/alpha_019,-0.00636,0.7065,9,0
week,2026-W11,alpha101/alpha_026,-0.02685,0.7048,10,0
week,2026-W11,gtja191/alpha_037,-0.00439,0.702,11,0
week,2026-W11,qlib158/vsumn60,-0.03005,0.6975,12,0
week,2026-W11,gtja191/alpha_157,-0.02864,0.682,13,0
week,2026-W11,alpha101/alpha_004,-0.03631,0.6657,14,0
week,2026-W11,alpha101/alpha_027,-0.03466,0.6646,15,0
week,2026-W11,qlib158/min10,-0.04477,0.6326,16,0
week,2026-W11,gtja191/alpha_006,-0.04408,0.631,17,0
week,2026-W11,alpha101/alpha_080,-0.04588,0.63,18,0
week,2026-W11,alpha101/alpha_023,-0.02915,0.6157,19,0
week,2026-W11,alpha101/alpha_088,-0.04852,0.615,20,0
week,2026-W11,gtja191/alpha_092,-0.04456,0.6123,21,0
week,2026-W11,alpha101/alpha_002,-0.04845,0.6074,22,0
week,2026-W11,gtja191/alpha_001,-0.04864,0.6023,23,0
week,2026-W11,qlib158/ma10,-0.04298,0.601,24,0
week,2026-W11,gtja191/alpha_090,-0.0527,0.5905,25,0
week,2026-W11,qlib158/vma60,-0.05366,0.5836,26,0
week,2026-W11,alpha101/alpha_015,-0.04923,0.5825,27,0
week,2026-W11,qlib158/vma10,-0.05425,0.5734,28,0
week,2026-W11,alpha101/alpha_055,-0.05434,0.5696,29,0
week,2026-W11,alpha101/alpha_016,-0.05688,0.5641,30,0
week,2026-W11,qlib158/vsumn20,-0.0558,0.5565,31,0
week,2026-W11,gtja191/alpha_048,-0.05944,0.54,32,0
week,2026-W11,gtja191/alpha_168,-0.06312,0.5279,33,0
week,2026-W11,qlib158/cntn5,-0.06453,0.5001,34,0
week,2026-W11,alpha101/alpha_044,-0.07161,0.4669,35,0
week,2026-W11,gtja191/alpha_016,-0.07363,0.459,36,0
week,2026-W11,qlib158/vsumn30,-0.07385,0.4584,37,0
week,2026-W11,qlib158/vsumn5,-0.07674,0.438,38,0
week,2026-W12,alpha101/alpha_019,0.16737,0.8712,1,1
week,2026-W12,gtja191/alpha_025,0.08254,0.8293,2,0
week,2026-W12,gtja191/alpha_037,0.08823,0.8191,3,0
week,2026-W12,alpha101/alpha_024,0.06949,0.8054,4,0
week,2026-W12,gtja191/alpha_008,0.06957,0.8005,5,0
week,2026-W12,gtja191/alpha_026,0.06519,0.7812,6,0
week,2026-W12,alpha101/alpha_023,0.05592,0.7774,7,0
week,2026-W12,alpha101/alpha_069,0.04471,0.7313,8,0
week,2026-W12,gtja191/alpha_041,0.04062,0.7151,9,0
week,2026-W12,gtja191/alpha_157,0.04993,0.7065,10,0
week,2026-W12,alpha101/alpha_084,0.02622,0.6987,11,0
week,2026-W12,alpha101/alpha_055,0.02552,0.6948,12,0
week,2026-W12,gtja191/alpha_090,0.02578,0.6887,13,0
week,2026-W12,alpha101/alpha_002,0.01406,0.6432,14,0
week,2026-W12,alpha101/alpha_016,0.0339,0.6344,15,0
week,2026-W12,gtja191/alpha_092,0.00656,0.6125,16,0
week,2026-W12,alpha101/alpha_015,0.00412,0.604,17,0
week,2026-W12,qlib158/vsumn60,0.00301,0.5974,18,0
week,2026-W12,qlib158/cntn5,0.00015,0.5961,19,0
week,2026-W12,alpha101/alpha_004,-0.00013,0.588,20,0
week,2026-W12,gtja191/alpha_168,0.01438,0.5846,21,0
week,2026-W12,alpha101/alpha_026,0.00321,0.5765,22,0
week,2026-W12,qlib158/vma60,0.00203,0.5709,23,0
week,2026-W12,gtja191/alpha_016,-0.00625,0.5576,24,0
week,2026-W12,gtja191/alpha_048,-0.01001,0.5476,25,0
week,2026-W12,alpha101/alpha_067,-0.00947,0.545,26,0
week,2026-W12,qlib158/ma10,-0.00841,0.5374,27,0
week,2026-W12,alpha101/alpha_044,-0.00939,0.5312,28,0
week,2026-W12,alpha101/alpha_080,-0.00964,0.5256,29,0
week,2026-W12,qlib158/vsumn30,-0.01254,0.5238,30,0
week,2026-W12,qlib158/vsumn5,-0.01844,0.5013,31,0
week,2026-W12,qlib158/vma10,-0.00165,0.5002,32,0
week,2026-W12,alpha101/alpha_088,-0.02054,0.4898,33,0
week,2026-W12,qlib158/vsumn20,-0.02444,0.4638,34,0
week,2026-W12,gtja191/alpha_001,-0.02338,0.45,35,0
week,2026-W12,alpha101/alpha_027,-0.03244,0.4171,36,0
week,2026-W12,qlib158/min10,-0.03352,0.4126,37,0
week,2026-W12,gtja191/alpha_006,-0.03908,0.3781,38,0
week,2026-W13,alpha101/alpha_019,0.20463,0.8635,1,1
week,2026-W13,alpha101/alpha_024,0.17668,0.8433,2,0
week,2026-W13,alpha101/alpha_069,0.13022,0.7603,3,0
week,2026-W13,qlib158/ma10,0.11053,0.7223,4,0
week,2026-W13,gtja191/alpha_025,0.11135,0.722,5,0
week,2026-W13,gtja191/alpha_037,0.11149,0.7135,6,0
week,2026-W13,alpha101/alpha_023,0.12427,0.7123,7,0
week,2026-W13,gtja191/alpha_001,0.10168,0.6992,8,0
week,2026-W13,gtja191/alpha_041,0.11132,0.6956,9,0
week,2026-W13,alpha101/alpha_080,0.0989,0.6941,10,0
week,2026-W13,alpha101/alpha_084,0.0933,0.6878,11,0
week,2026-W13,gtja191/alpha_026,0.10125,0.6758,12,0
week,2026-W13,gtja191/alpha_008,0.0884,0.6688,13,0
week,2026-W13,alpha101/alpha_015,0.09038,0.6658,14,0
week,2026-W13,gtja191/alpha_157,0.08474,0.6462,15,0
week,2026-W13,gtja191/alpha_092,0.10384,0.6429,16,0
week,2026-W13,gtja191/alpha_016,0.07757,0.6349,17,0
week,2026-W13,alpha101/alpha_002,0.07217,0.6199,18,0
week,2026-W13,qlib158/vma60,0.08025,0.6156,19,0
week,2026-W13,qlib158/min10,0.06795,0.5884,20,0
week,2026-W13,alpha101/alpha_004,0.07584,0.5877,21,0
week,2026-W13,gtja191/alpha_090,0.07006,0.5866,22,0
week,2026-W13,alpha101/alpha_026,0.05938,0.5749,23,0
week,2026-W13,alpha101/alpha_016,0.05865,0.5716,24,0
week,2026-W13,qlib158/vsumn20,0.05646,0.5646,25,0
week,2026-W13,alpha101/alpha_067,0.06259,0.5445,26,0
week,2026-W13,qlib158/vma10,0.05446,0.5373,27,0
week,2026-W13,alpha101/alpha_055,0.0496,0.5227,28,0
week,2026-W13,gtja191/alpha_168,0.05,0.5174,29,0
week,2026-W13,alpha101/alpha_044,0.03812,0.4912,30,0
week,2026-W13,qlib158/vsumn30,0.03907,0.4906,31,0
week,2026-W13,gtja191/alpha_048,0.04314,0.4832,32,0
week,2026-W13,qlib158/cntn5,0.0306,0.4511,33,0
week,2026-W13,alpha101/alpha_088,0.02749,0.4353,34,0
week,2026-W13,qlib158/vsumn60,0.01825,0.386,35,0
week,2026-W13,qlib158/vsumn5,0.0074,0.3395,36,0
week,2026-W13,gtja191/alpha_006,0.00329,0.3179,37,0
week,2026-W13,alpha101/alpha_027,0.00237,0.3135,38,0
week,2026-W14,alpha101/alpha_023,0.31495,0.9285,1,1
week,2026-W14,alpha101/alpha_024,0.23133,0.8721,2,0
week,2026-W14,gtja191/alpha_037,0.20407,0.8471,3,0
week,2026-W14,gtja191/alpha_026,0.18401,0.8244,4,0
week,2026-W14,gtja191/alpha_008,0.17623,0.8103,5,0
week,2026-W14,alpha101/alpha_069,0.16991,0.8034,6,0
week,2026-W14,alpha101/alpha_019,0.15534,0.7796,7,0
week,2026-W14,alpha101/alpha_084,0.16013,0.7692,8,0
week,2026-W14,gtja191/alpha_025,0.15196,0.7669,9,0
week,2026-W14,qlib158/ma10,0.12199,0.7323,10,0
week,2026-W14,gtja191/alpha_041,0.13135,0.7192,11,0
week,2026-W14,gtja191/alpha_157,0.10947,0.6852,12,0
week,2026-W14,gtja191/alpha_092,0.09686,0.6697,13,0
week,2026-W14,gtja191/alpha_048,0.09104,0.6461,14,0
week,2026-W14,alpha101/alpha_026,0.09466,0.6439,15,0
week,2026-W14,qlib158/vma10,0.08753,0.6165,16,0
week,2026-W14,alpha101/alpha_044,0.07772,0.5874,17,0
week,2026-W14,alpha101/alpha_067,0.06467,0.5806,18,0
week,2026-W14,qlib158/cntn5,0.06593,0.5774,19,0
week,2026-W14,gtja191/alpha_168,0.07241,0.5731,20,0
week,2026-W14,qlib158/vsumn20,0.06925,0.5617,21,0
week,2026-W14,qlib158/vsumn60,0.05848,0.5523,22,0
week,2026-W14,alpha101/alpha_016,0.05388,0.5479,23,0
week,2026-W14,qlib158/vma60,0.06052,0.543,24,0
week,2026-W14,alpha101/alpha_002,0.04993,0.5281,25,0
week,2026-W14,alpha101/alpha_055,0.04852,0.5176,26,0
week,2026-W14,alpha101/alpha_015,0.04482,0.4991,27,0
week,2026-W14,gtja191/alpha_016,0.04244,0.4886,28,0
week,2026-W14,qlib158/min10,0.03827,0.484,29,0
week,2026-W14,gtja191/alpha_001,0.04069,0.4762,30,0
week,2026-W14,qlib158/vsumn5,0.03657,0.4549,31,0
week,2026-W14,gtja191/alpha_090,0.03983,0.4391,32,0
week,2026-W14,alpha101/alpha_088,0.02276,0.4341,33,0
week,2026-W14,alpha101/alpha_004,0.02876,0.4278,34,0
week,2026-W14,qlib158/vsumn30,0.02125,0.4138,35,0
week,2026-W14,alpha101/alpha_080,0.01028,0.3696,36,0
week,2026-W14,gtja191/alpha_006,0.00024,0.3371,37,0
week,2026-W14,alpha101/alpha_027,-0.00175,0.3288,38,0
week,2026-W15,gtja191/alpha_037,0.19198,0.7696,1,1
week,2026-W15,gtja191/alpha_157,0.14515,0.7175,2,0
week,2026-W15,alpha101/alpha_019,0.14141,0.7099,3,0
week,2026-W15,qlib158/ma10,0.14229,0.7043,4,0
week,2026-W15,qlib158/vma10,0.14587,0.6823,5,0
week,2026-W15,gtja191/alpha_168,0.12564,0.6388,6,0
week,2026-W15,gtja191/alpha_041,0.11796,0.6305,7,0
week,2026-W15,gtja191/alpha_016,0.10483,0.6302,8,0
week,2026-W15,qlib158/vsumn60,0.10028,0.6239,9,0
week,2026-W15,alpha101/alpha_088,0.10498,0.6207,10,0
week,2026-W15,alpha101/alpha_044,0.09822,0.6193,11,0
week,2026-W15,alpha101/alpha_069,0.10469,0.6184,12,0
week,2026-W15,alpha101/alpha_015,0.10964,0.6148,13,0
week,2026-W15,gtja191/alpha_090,0.09604,0.6123,14,0
week,2026-W15,qlib158/vsumn5,0.09365,0.6047,15,0
week,2026-W15,qlib158/vma60,0.09454,0.6045,16,0
week,2026-W15,qlib158/vsumn20,0.093,0.6031,17,0
week,2026-W15,gtja191/alpha_025,0.09078,0.5898,18,0
week,2026-W15,alpha101/alpha_026,0.08431,0.5792,19,0
week,2026-W15,alpha101/alpha_016,0.08477,0.5735,20,0
week,2026-W15,qlib158/min10,0.08377,0.5641,21,0
week,2026-W15,gtja191/alpha_092,0.0857,0.5634,22,0
week,2026-W15,gtja191/alpha_026,0.09253,0.5603,23,0
week,2026-W15,gtja191/alpha_008,0.09703,0.5575,24,0
week,2026-W15,alpha101/alpha_084,0.07934,0.5483,25,0
week,2026-W15,alpha101/alpha_067,0.07271,0.5279,26,0
week,2026-W15,alpha101/alpha_024,0.07429,0.5189,27,0
week,2026-W15,alpha101/alpha_002,0.06408,0.5104,28,0
week,2026-W15,qlib158/cntn5,0.06373,0.5012,29,0
week,2026-W15,qlib158/vsumn30,0.05992,0.4961,30,0
week,2026-W15,alpha101/alpha_055,0.0554,0.4889,31,0
week,2026-W15,gtja191/alpha_048,0.05017,0.4588,32,0
week,2026-W15,alpha101/alpha_080,0.05506,0.4555,33,0
week,2026-W15,gtja191/alpha_001,0.0391,0.4289,34,0
week,2026-W15,alpha101/alpha_023,0.01371,0.3403,35,0
week,2026-W15,alpha101/alpha_004,0.01382,0.3395,36,0
week,2026-W15,gtja191/alpha_006,0.00893,0.3215,37,0
week,2026-W15,alpha101/alpha_027,0.00772,0.3171,38,0
week,2026-W16,alpha101/alpha_023,0.1488,0.774,1,1
week,2026-W16,alpha101/alpha_016,0.12464,0.7533,2,0
week,2026-W16,alpha101/alpha_024,0.118,0.7108,3,0
week,2026-W16,alpha101/alpha_055,0.09535,0.6927,4,0
week,2026-W16,alpha101/alpha_015,0.0871,0.6756,5,0
week,2026-W16,gtja191/alpha_092,0.08021,0.6592,6,0
week,2026-W16,qlib158/vma60,0.08998,0.65,7,0
week,2026-W16,alpha101/alpha_069,0.0783,0.6404,8,0
week,2026-W16,qlib158/ma10,0.06621,0.6239,9,0
week,2026-W16,gtja191/alpha_048,0.06543,0.6229,10,0
week,2026-W16,qlib158/vsumn60,0.06059,0.6197,11,0
week,2026-W16,gtja191/alpha_090,0.05852,0.6089,12,0
week,2026-W16,alpha101/alpha_019,0.05549,0.599,13,0
week,2026-W16,alpha101/alpha_067,0.05173,0.5966,14,0
week,2026-W16,gtja191/alpha_041,0.06793,0.5892,15,0
week,2026-W16,alpha101/alpha_044,0.05065,0.5884,16,0
week,2026-W16,gtja191/alpha_016,0.04436,0.5762,17,0
week,2026-W16,alpha101/alpha_026,0.04097,0.5623,18,0
week,2026-W16,alpha101/alpha_002,0.03914,0.5621,19,0
week,2026-W16,gtja191/alpha_008,0.03342,0.5415,20,0
week,2026-W16,gtja191/alpha_001,0.03806,0.5384,21,0
week,2026-W16,gtja191/alpha_168,0.02539,0.5146,22,0
week,2026-W16,gtja191/alpha_037,0.01938,0.4971,23,0
week,2026-W16,qlib158/vsumn30,0.00752,0.4673,24,0
week,2026-W16,alpha101/alpha_080,0.00563,0.4564,25,0
week,2026-W16,alpha101/alpha_084,0.01175,0.4514,26,0
week,2026-W16,gtja191/alpha_026,0.00524,0.4487,27,0
week,2026-W16,gtja191/alpha_157,0.00079,0.4284,28,0
week,2026-W16,alpha101/alpha_088,-0.01095,0.4057,29,0
week,2026-W16,qlib158/vsumn20,-0.01699,0.3888,30,0
week,2026-W16,alpha101/alpha_027,-0.01771,0.3842,31,0
week,2026-W16,qlib158/min10,-0.01812,0.3728,32,0
week,2026-W16,qlib158/vma10,-0.02489,0.3559,33,0
week,2026-W16,alpha101/alpha_004,-0.02731,0.3484,34,0
week,2026-W16,gtja191/alpha_025,-0.03009,0.347,35,0
week,2026-W16,gtja191/alpha_006,-0.03165,0.333,36,0
week,2026-W16,qlib158/cntn5,-0.04138,0.297,37,0
week,2026-W16,qlib158/vsumn5,-0.05081,0.2654,38,0
week,2026-W17,alpha101/alpha_015,0.03946,0.6687,1,1
week,2026-W17,gtja191/alpha_001,0.04275,0.6607,2,0
week,2026-W17,alpha101/alpha_024,0.06824,0.6547,3,0
week,2026-W17,gtja191/alpha_041,0.03217,0.6479,4,0
week,2026-W17,alpha101/alpha_019,0.03151,0.646,5,0
week,2026-W17,alpha101/alpha_067,0.02536,0.6264,6,0
week,2026-W17,alpha101/alpha_023,0.03737,0.6204,7,0
week,2026-W17,alpha101/alpha_044,0.0208,0.6129,8,0
week,2026-W17,alpha101/alpha_026,0.01403,0.6081,9,0
week,2026-W17,alpha101/alpha_055,0.01534,0.5984,10,0
week,2026-W17,alpha101/alpha_016,0.03101,0.5976,11,0
week,2026-W17,alpha101/alpha_002,0.01049,0.5888,12,0
week,2026-W17,gtja191/alpha_016,0.00452,0.577,13,0
week,2026-W17,gtja191/alpha_037,0.03897,0.5639,14,0
week,2026-W17,gtja191/alpha_008,-0.00125,0.5432,15,0
week,2026-W17,gtja191/alpha_092,-0.00511,0.5417,16,0
week,2026-W17,qlib158/vsumn60,-0.01694,0.5173,17,0
week,2026-W17,gtja191/alpha_090,-0.01319,0.5157,18,0
week,2026-W17,qlib158/vsumn30,-0.01666,0.5155,19,0
week,2026-W17,alpha101/alpha_084,-0.01154,0.4934,20,0
week,2026-W17,gtja191/alpha_025,-0.02208,0.4882,21,0
week,2026-W17,alpha101/alpha_027,-0.03271,0.4777,22,0
week,2026-W17,gtja191/alpha_006,-0.03145,0.4771,23,0
week,2026-W17,qlib158/min10,-0.02725,0.4766,24,0
week,2026-W17,alpha101/alpha_088,-0.03512,0.4646,25,0
week,2026-W17,alpha101/alpha_004,-0.03668,0.4633,26,0
week,2026-W17,qlib158/vsumn5,-0.03742,0.456,27,0
week,2026-W17,gtja191/alpha_026,-0.02278,0.4547,28,0
week,2026-W17,qlib158/vsumn20,-0.04035,0.4464,29,0
week,2026-W17,alpha101/alpha_069,-0.04,0.4417,30,0
week,2026-W17,alpha101/alpha_080,-0.04423,0.4348,31,0
week,2026-W17,gtja191/alpha_157,-0.04238,0.4267,32,0
week,2026-W17,qlib158/cntn5,-0.05651,0.3938,33,0
week,2026-W17,qlib158/vma10,-0.06724,0.3579,34,0
week,2026-W17,gtja191/alpha_048,-0.08114,0.3186,35,0
week,2026-W17,qlib158/vma60,-0.09121,0.289,36,0
week,2026-W17,qlib158/ma10,-0.08898,0.2776,37,0
week,2026-W17,gtja191/alpha_168,-0.09454,0.269,38,0
week,2026-W18,gtja191/alpha_026,0.16186,0.8788,1,1
week,2026-W18,gtja191/alpha_037,0.1571,0.8749,2,0
week,2026-W18,alpha101/alpha_023,0.15528,0.8708,3,0
week,2026-W18,gtja191/alpha_008,0.14846,0.8659,4,0
week,2026-W18,alpha101/alpha_024,0.15394,0.8628,5,0
week,2026-W18,alpha101/alpha_019,0.0953,0.8067,6,0
week,2026-W18,gtja191/alpha_025,0.07865,0.7846,7,0
week,2026-W18,qlib158/vma10,0.06967,0.7804,8,0
week,2026-W18,alpha101/alpha_069,0.06707,0.7452,9,0
week,2026-W18,alpha101/alpha_016,0.03526,0.736,10,0
week,2026-W18,gtja191/alpha_168,0.0177,0.7016,11,0
week,2026-W18,gtja191/alpha_041,0.02676,0.6814,12,0
week,2026-W18,gtja191/alpha_006,0.00602,0.675,13,0
week,2026-W18,alpha101/alpha_002,0.00598,0.6744,14,0
week,2026-W18,alpha101/alpha_027,-0.00121,0.6622,15,0
week,2026-W18,alpha101/alpha_067,-0.01344,0.63,16,0
week,2026-W18,alpha101/alpha_055,-0.00612,0.6206,17,0
week,2026-W18,qlib158/vsumn20,-0.02176,0.6095,18,0
week,2026-W18,qlib158/vma60,-0.02168,0.5853,19,0
week,2026-W18,alpha101/alpha_004,-0.03495,0.5694,20,0
week,2026-W18,alpha101/alpha_084,-0.0342,0.5686,21,0
week,2026-W18,qlib158/vsumn5,-0.01748,0.5596,22,0
week,2026-W18,alpha101/alpha_015,-0.03249,0.5569,23,0
week,2026-W18,alpha101/alpha_080,-0.04722,0.5355,24,0
week,2026-W18,gtja191/alpha_016,-0.045,0.5214,25,0
week,2026-W18,qlib158/vsumn60,-0.05018,0.5209,26,0
week,2026-W18,alpha101/alpha_026,-0.04973,0.516,27,0
week,2026-W18,gtja191/alpha_001,-0.05133,0.5078,28,0
week,2026-W18,gtja191/alpha_092,-0.05102,0.4957,29,0
week,2026-W18,alpha101/alpha_088,-0.05808,0.4898,30,0
week,2026-W18,qlib158/cntn5,-0.06033,0.4774,31,0
week,2026-W18,gtja191/alpha_048,-0.06604,0.4617,32,0
week,2026-W18,gtja191/alpha_090,-0.0714,0.4373,33,0
week,2026-W18,qlib158/vsumn30,-0.07918,0.3981,34,0
week,2026-W18,gtja191/alpha_157,-0.08161,0.3932,35,0
week,2026-W18,alpha101/alpha_044,-0.08212,0.3884,36,0
week,2026-W18,qlib158/min10,-0.08346,0.3847,37,0
week,2026-W18,qlib158/ma10,-0.10359,0.3008,38,0
week,2026-W19,gtja191/alpha_037,0.1278,0.8978,1,1
week,2026-W19,alpha101/alpha_019,0.05937,0.816,2,0
week,2026-W19,qlib158/vma10,0.05072,0.8134,3,0
week,2026-W19,gtja191/alpha_168,0.04753,0.8094,4,0
week,2026-W19,alpha101/alpha_023,0.02517,0.8003,5,0
week,2026-W19,qlib158/vma60,-0.00059,0.7591,6,0
week,2026-W19,gtja191/alpha_006,-0.00893,0.7557,7,0
week,2026-W19,alpha101/alpha_027,-0.0147,0.7461,8,0
week,2026-W19,alpha101/alpha_015,-0.01371,0.7401,9,0
week,2026-W19,alpha101/alpha_067,-0.02486,0.7209,10,0
week,2026-W19,alpha101/alpha_004,-0.02948,0.7188,11,0
week,2026-W19,gtja191/alpha_025,0.01345,0.7101,12,0
week,2026-W19,alpha101/alpha_080,-0.03888,0.7003,13,0
week,2026-W19,qlib158/vsumn5,-0.03916,0.6928,14,0
week,2026-W19,gtja191/alpha_092,-0.04281,0.6916,15,0
week,2026-W19,alpha101/alpha_055,-0.04223,0.6822,16,0
week,2026-W19,qlib158/cntn5,-0.05252,0.6554,17,0
week,2026-W19,gtja191/alpha_001,-0.06162,0.6451,18,0
week,2026-W19,alpha101/alpha_002,-0.05117,0.6424,19,0
week,2026-W19,alpha101/alpha_024,-0.03868,0.603,20,0
week,2026-W19,qlib158/min10,-0.07402,0.6028,21,0
week,2026-W19,alpha101/alpha_088,-0.07558,0.6017,22,0
week,2026-W19,gtja191/alpha_026,-0.06458,0.5474,23,0
week,2026-W19,alpha101/alpha_084,-0.09125,0.5457,24,0
week,2026-W19,alpha101/alpha_016,-0.06861,0.5449,25,0
week,2026-W19,gtja191/alpha_157,-0.0742,0.5412,26,0
week,2026-W19,qlib158/vsumn60,-0.096,0.5291,27,0
week,2026-W19,qlib158/vsumn20,-0.09496,0.5277,28,0
week,2026-W19,gtja191/alpha_008,-0.07078,0.5237,29,0
week,2026-W19,gtja191/alpha_090,-0.09591,0.5224,30,0
week,2026-W19,gtja191/alpha_016,-0.09756,0.522,31,0
week,2026-W19,gtja191/alpha_041,-0.08219,0.5004,32,0
week,2026-W19,alpha101/alpha_026,-0.10459,0.495,33,0
week,2026-W19,alpha101/alpha_044,-0.10464,0.4932,34,0
week,2026-W19,alpha101/alpha_069,-0.09308,0.4916,35,0
week,2026-W19,qlib158/vsumn30,-0.12304,0.4163,36,0
week,2026-W19,gtja191/alpha_048,-0.12618,0.4014,37,0
week,2026-W19,qlib158/ma10,-0.14815,0.2975,38,0
week,2026-W20,alpha101/alpha_027,-0.02455,0.799,1,1
week,2026-W20,alpha101/alpha_004,-0.04,0.7696,2,0
week,2026-W20,alpha101/alpha_016,-0.02532,0.7603,3,0
week,2026-W20,gtja191/alpha_037,-0.04251,0.7597,4,0
week,2026-W20,gtja191/alpha_006,-0.04736,0.7579,5,0
week,2026-W20,alpha101/alpha_067,-0.05423,0.7379,6,0
week,2026-W20,gtja191/alpha_001,-0.05299,0.7308,7,0
week,2026-W20,alpha101/alpha_019,-0.05682,0.6914,8,0
week,2026-W20,qlib158/vma10,-0.06846,0.6912,9,0
week,2026-W20,gtja191/alpha_041,-0.0711,0.6908,10,0
week,2026-W20,alpha101/alpha_069,-0.07066,0.6771,11,0
week,2026-W20,gtja191/alpha_090,-0.08144,0.6752,12,0
week,2026-W20,alpha101/alpha_044,-0.07215,0.675,13,0
week,2026-W20,gtja191/alpha_168,-0.07507,0.6712,14,0
week,2026-W20,alpha101/alpha_088,-0.08358,0.6675,15,0
week,2026-W20,gtja191/alpha_016,-0.08739,0.649,16,0
week,2026-W20,alpha101/alpha_023,-0.08305,0.6452,17,0
week,2026-W20,alpha101/alpha_002,-0.08759,0.645,18,0
week,2026-W20,alpha101/alpha_024,-0.07495,0.6403,19,0
week,2026-W20,alpha101/alpha_080,-0.09087,0.6324,20,0
week,2026-W20,alpha101/alpha_015,-0.09579,0.6245,21,0
week,2026-W20,qlib158/min10,-0.09195,0.6205,22,0
week,2026-W20,alpha101/alpha_084,-0.09364,0.6147,23,0
week,2026-W20,alpha101/alpha_026,-0.10175,0.5931,24,0
week,2026-W20,qlib158/vsumn30,-0.10966,0.5857,25,0
week,2026-W20,gtja191/alpha_092,-0.10795,0.5784,26,0
week,2026-W20,qlib158/vsumn5,-0.10592,0.576,27,0
week,2026-W20,gtja191/alpha_048,-0.10882,0.5717,28,0
week,2026-W20,qlib158/vma60,-0.11133,0.5585,29,0
week,2026-W20,gtja191/alpha_157,-0.11686,0.5511,30,0
week,2026-W20,alpha101/alpha_055,-0.11469,0.5491,31,0
week,2026-W20,gtja191/alpha_008,-0.12269,0.5317,32,0
week,2026-W20,gtja191/alpha_025,-0.12085,0.5269,33,0
week,2026-W20,gtja191/alpha_026,-0.12144,0.5209,34,0
week,2026-W20,qlib158/cntn5,-0.13613,0.4724,35,0
week,2026-W20,qlib158/ma10,-0.13753,0.4653,36,0
week,2026-W20,qlib158/vsumn20,-0.14014,0.4623,37,0
week,2026-W20,qlib158/vsumn60,-0.15046,0.4152,38,0
week,2026-W21,alpha101/alpha_019,0.1877,0.9062,1,1
week,2026-W21,alpha101/alpha_024,0.11119,0.8776,2,0
week,2026-W21,gtja191/alpha_037,0.12245,0.8728,3,0
week,2026-W21,alpha101/alpha_023,0.0892,0.8646,4,0
week,2026-W21,gtja191/alpha_025,0.07706,0.8598,5,0
week,2026-W21,gtja191/alpha_008,0.05606,0.8298,6,0
week,2026-W21,gtja191/alpha_092,0.03502,0.8059,7,0
week,2026-W21,gtja191/alpha_026,0.04569,0.8032,8,0
week,2026-W21,qlib158/cntn5,-0.02139,0.7243,9,0
week,2026-W21,gtja191/alpha_041,-0.01883,0.7199,10,0
week,2026-W21,alpha101/alpha_069,-0.02463,0.7178,11,0
week,2026-W21,alpha101/alpha_027,-0.03219,0.7118,12,0
week,2026-W21,gtja191/alpha_157,-0.01788,0.7038,13,0
week,2026-W21,gtja191/alpha_006,-0.03565,0.7023,14,0
week,2026-W21,alpha101/alpha_067,-0.03921,0.6936,15,0
week,2026-W21,alpha101/alpha_004,-0.04253,0.6831,16,0
week,2026-W21,alpha101/alpha_084,-0.04748,0.6694,17,0
week,2026-W21,alpha101/alpha_080,-0.04551,0.6671,18,0
week,2026-W21,alpha101/alpha_015,-0.04905,0.6578,19,0
week,2026-W21,gtja191/alpha_001,-0.06557,0.622,20,0
week,2026-W21,qlib158/vma10,-0.05331,0.6169,21,0
week,2026-W21,qlib158/vsumn5,-0.0606,0.6168,22,0
week,2026-W21,gtja191/alpha_016,-0.06729,0.6111,23,0
week,2026-W21,gtja191/alpha_090,-0.07241,0.5967,24,0
week,2026-W21,alpha101/alpha_002,-0.07717,0.5775,25,0
week,2026-W21,alpha101/alpha_088,-0.08466,0.5521,26,0
week,2026-W21,alpha101/alpha_026,-0.08343,0.5515,27,0
week,2026-W21,gtja191/alpha_048,-0.0889,0.5441,28,0
week,2026-W21,alpha101/alpha_016,-0.08355,0.544,29,0
week,2026-W21,alpha101/alpha_055,-0.08961,0.5341,30,0
week,2026-W21,qlib158/vsumn20,-0.09056,0.5317,31,0
week,2026-W21,gtja191/alpha_168,-0.08947,0.5304,32,0
week,2026-W21,alpha101/alpha_044,-0.08865,0.5042,33,0
week,2026-W21,qlib158/ma10,-0.10046,0.4937,34,0
week,2026-W21,qlib158/vsumn30,-0.1016,0.4922,35,0
week,2026-W21,qlib158/vsumn60,-0.10303,0.4852,36,0
week,2026-W21,qlib158/vma60,-0.10913,0.4562,37,0
week,2026-W21,qlib158/min10,-0.10984,0.4497,38,0
week,2026-W22,gtja191/alpha_037,0.26325,0.9305,1,1
week,2026-W22,alpha101/alpha_024,0.2278,0.923,2,0
week,2026-W22,alpha101/alpha_019,0.20877,0.9208,3,0
week,2026-W22,alpha101/alpha_023,0.24451,0.9176,4,0
week,2026-W22,gtja191/alpha_026,0.1694,0.8838,5,0
week,2026-W22,gtja191/alpha_092,0.11871,0.8729,6,0
week,2026-W22,gtja191/alpha_008,0.15269,0.8645,7,0
week,2026-W22,gtja191/alpha_041,0.11869,0.8533,8,0
week,2026-W22,alpha101/alpha_069,0.08198,0.8072,9,0
week,2026-W22,gtja191/alpha_025,0.08607,0.8056,10,0
week,2026-W22,alpha101/alpha_016,-0.00605,0.746,11,0
week,2026-W22,alpha101/alpha_067,0.00725,0.7303,12,0
week,2026-W22,alpha101/alpha_084,-0.01211,0.6917,13,0
week,2026-W22,gtja191/alpha_157,-0.03502,0.663,14,0
week,2026-W22,gtja191/alpha_016,-0.05239,0.6538,15,0
week,2026-W22,gtja191/alpha_168,-0.0393,0.6429,16,0
week,2026-W22,qlib158/vsumn60,-0.04186,0.6418,17,0
week,2026-W22,gtja191/alpha_006,-0.05827,0.6414,18,0
week,2026-W22,alpha101/alpha_015,-0.04674,0.6375,19,0
week,2026-W22,qlib158/vma10,-0.03215,0.6248,20,0
week,2026-W22,alpha101/alpha_027,-0.06521,0.6238,21,0
week,2026-W22,alpha101/alpha_088,-0.06877,0.6145,22,0
week,2026-W22,qlib158/min10,-0.07287,0.597,23,0
week,2026-W22,alpha101/alpha_044,-0.06911,0.5914,24,0
week,2026-W22,alpha101/alpha_055,-0.07535,0.5873,25,0
week,2026-W22,qlib158/vsumn5,-0.07952,0.5799,26,0
week,2026-W22,alpha101/alpha_080,-0.083,0.5631,27,0
week,2026-W22,alpha101/alpha_002,-0.08667,0.5537,28,0
week,2026-W22,gtja191/alpha_001,-0.08507,0.5455,29,0
week,2026-W22,alpha101/alpha_004,-0.09043,0.5441,30,0
week,2026-W22,qlib158/ma10,-0.08318,0.5409,31,0
week,2026-W22,qlib158/vma60,-0.09033,0.535,32,0
week,2026-W22,qlib158/vsumn30,-0.09594,0.5214,33,0
week,2026-W22,qlib158/cntn5,-0.09736,0.5177,34,0
week,2026-W22,gtja191/alpha_048,-0.10223,0.5013,35,0
week,2026-W22,qlib158/vsumn20,-0.09654,0.4984,36,0
week,2026-W22,gtja191/alpha_090,-0.11471,0.4476,37,0
week,2026-W22,alpha101/alpha_026,-0.12523,0.3935,38,0
week,2026-W23,gtja191/alpha_037,0.32164,0.9211,1,1
week,2026-W23,alpha101/alpha_069,0.25554,0.8904,2,0
week,2026-W23,gtja191/alpha_025,0.21342,0.881,3,0
week,2026-W23,gtja191/alpha_041,0.21957,0.8745,4,0
week,2026-W23,alpha101/alpha_019,0.16648,0.8522,5,0
week,2026-W23,gtja191/alpha_008,0.20559,0.8464,6,0
week,2026-W23,gtja191/alpha_092,0.15077,0.8449,7,0
week,2026-W23,gtja191/alpha_026,0.14155,0.7928,8,0
week,2026-W23,gtja191/alpha_157,0.07217,0.7754,9,0
week,2026-W23,alpha101/alpha_084,0.05946,0.774,10,0
week,2026-W23,gtja191/alpha_001,0.05097,0.7706,11,0
week,2026-W23,alpha101/alpha_044,0.03932,0.7529,12,0
week,2026-W23,alpha101/alpha_023,0.14752,0.7513,13,0
week,2026-W23,alpha101/alpha_024,0.14421,0.7393,14,0
week,2026-W23,alpha101/alpha_080,0.06851,0.7363,15,0
week,2026-W23,alpha101/alpha_002,3e-05,0.6787,16,0
week,2026-W23,alpha101/alpha_088,-0.00315,0.6669,17,0
week,2026-W23,gtja191/alpha_090,0.00246,0.6612,18,0
week,2026-W23,gtja191/alpha_048,-0.00068,0.6397,19,0
week,2026-W23,gtja191/alpha_168,-0.0264,0.639,20,0
week,2026-W23,qlib158/min10,-0.0095,0.6362,21,0
week,2026-W23,alpha101/alpha_067,-0.026,0.6288,22,0
week,2026-W23,alpha101/alpha_055,-0.02139,0.6236,23,0
week,2026-W23,alpha101/alpha_026,-0.02737,0.6226,24,0
week,2026-W23,alpha101/alpha_015,-0.02065,0.6164,25,0
week,2026-W23,qlib158/vma10,-0.03544,0.611,26,0
week,2026-W23,gtja191/alpha_006,-0.0468,0.5859,27,0
week,2026-W23,qlib158/ma10,-0.05136,0.5673,28,0
week,2026-W23,alpha101/alpha_027,-0.05787,0.5557,29,0
week,2026-W23,gtja191/alpha_016,-0.05388,0.5519,30,0
week,2026-W23,qlib158/vsumn30,-0.06245,0.5297,31,0
week,2026-W23,alpha101/alpha_016,-0.04463,0.5236,32,0
week,2026-W23,qlib158/vma60,-0.06732,0.5114,33,0
week,2026-W23,alpha101/alpha_004,-0.07289,0.4972,34,0
week,2026-W23,qlib158/vsumn20,-0.08427,0.459,35,0
week,2026-W23,qlib158/cntn5,-0.079,0.4584,36,0
week,2026-W23,qlib158/vsumn5,-0.09428,0.4091,37,0
week,2026-W23,qlib158/vsumn60,-0.10179,0.3865,38,0
week,2026-W24,alpha101/alpha_019,0.03859,0.774,1,1
week,2026-W24,alpha101/alpha_023,0.0115,0.728,2,0
week,2026-W24,gtja191/alpha_092,0.01828,0.7265,3,0
week,2026-W24,alpha101/alpha_088,0.00641,0.7201,4,0
week,2026-W24,gtja191/alpha_025,0.01531,0.72,5,0
week,2026-W24,alpha101/alpha_016,0.01487,0.7136,6,0
week,2026-W24,alpha101/alpha_084,-0.00594,0.6847,7,0
week,2026-W24,gtja191/alpha_037,0.01209,0.6835,8,0
week,2026-W24,alpha101/alpha_024,-0.01144,0.6725,9,0
week,2026-W24,gtja191/alpha_168,-0.01305,0.6631,10,0
week,2026-W24,gtja191/alpha_016,-0.01777,0.6616,11,0
week,2026-W24,gtja191/alpha_026,-0.01823,0.6585,12,0
week,2026-W24,alpha101/alpha_026,-0.00649,0.6527,13,0
week,2026-W24,gtja191/alpha_157,-0.01497,0.6512,14,0
week,2026-W24,alpha101/alpha_002,-0.03313,0.6229,15,0
week,2026-W24,alpha101/alpha_027,-0.03242,0.6218,16,0
week,2026-W24,gtja191/alpha_008,-0.03379,0.6199,17,0
week,2026-W24,gtja191/alpha_041,-0.02831,0.6197,18,0
week,2026-W24,qlib158/ma10,-0.02843,0.6155,19,0
week,2026-W24,gtja191/alpha_048,-0.03206,0.6142,20,0
week,2026-W24,qlib158/vsumn30,-0.04054,0.5905,21,0
week,2026-W24,qlib158/vsumn5,-0.04248,0.572,22,0
week,2026-W24,qlib158/vma10,-0.04225,0.5715,23,0
week,2026-W24,alpha101/alpha_080,-0.04339,0.5568,24,0
week,2026-W24,qlib158/min10,-0.04482,0.5531,25,0
week,2026-W24,alpha101/alpha_067,-0.05076,0.5411,26,0
week,2026-W24,gtja191/alpha_001,-0.0536,0.5369,27,0
week,2026-W24,qlib158/vsumn20,-0.054,0.5327,28,0
week,2026-W24,alpha101/alpha_055,-0.05663,0.5321,29,0
week,2026-W24,alpha101/alpha_015,-0.05652,0.5257,30,0
week,2026-W24,alpha101/alpha_069,-0.06012,0.5242,31,0
week,2026-W24,gtja191/alpha_006,-0.06134,0.518,32,0
week,2026-W24,alpha101/alpha_044,-0.06549,0.5047,33,0
week,2026-W24,alpha101/alpha_004,-0.06641,0.4968,34,0
week,2026-W24,qlib158/cntn5,-0.06743,0.4916,35,0
week,2026-W24,qlib158/vma60,-0.07009,0.4799,36,0
week,2026-W24,qlib158/vsumn60,-0.07283,0.4764,37,0
week,2026-W24,gtja191/alpha_090,-0.07726,0.4572,38,0
week,2026-W25,gtja191/alpha_026,0.02943,0.8288,1,1
week,2026-W25,alpha101/alpha_088,0.00105,0.7687,2,0
week,2026-W25,alpha101/alpha_027,0.00187,0.7674,3,0
week,2026-W25,alpha101/alpha_084,0.00185,0.7524,4,0
week,2026-W25,gtja191/alpha_008,0.0036,0.7465,5,0
week,2026-W25,gtja191/alpha_006,-0.01626,0.7125,6,0
week,2026-W25,gtja191/alpha_157,-0.01469,0.7073,7,0
week,2026-W25,alpha101/alpha_024,-0.02605,0.6934,8,0
week,2026-W25,alpha101/alpha_004,-0.0306,0.6723,9,0
week,2026-W25,gtja191/alpha_090,-0.03604,0.664,10,0
week,2026-W25,alpha101/alpha_080,-0.03581,0.6608,11,0
week,2026-W25,qlib158/vsumn60,-0.03859,0.6516,12,0
week,2026-W25,gtja191/alpha_025,-0.0369,0.6503,13,0
week,2026-W25,qlib158/vsumn5,-0.04292,0.6457,14,0
week,2026-W25,alpha101/alpha_002,-0.04115,0.6453,15,0
week,2026-W25,alpha101/alpha_015,-0.04929,0.629,16,0
week,2026-W25,qlib158/vsumn30,-0.05084,0.6239,17,0
week,2026-W25,qlib158/min10,-0.04467,0.619,18,0
week,2026-W25,gtja191/alpha_001,-0.05261,0.6084,19,0
week,2026-W25,gtja191/alpha_016,-0.05343,0.6021,20,0
week,2026-W25,alpha101/alpha_069,-0.03861,0.6005,21,0
week,2026-W25,qlib158/cntn5,-0.05712,0.5976,22,0
week,2026-W25,gtja191/alpha_041,-0.06478,0.5734,23,0
week,2026-W25,alpha101/alpha_055,-0.06719,0.5655,24,0
week,2026-W25,alpha101/alpha_026,-0.07067,0.5523,25,0
week,2026-W25,gtja191/alpha_168,-0.06685,0.5513,26,0
week,2026-W25,qlib158/vma60,-0.06974,0.5443,27,0
week,2026-W25,gtja191/alpha_092,-0.07221,0.543,28,0
week,2026-W25,alpha101/alpha_044,-0.08351,0.5263,29,0
week,2026-W25,gtja191/alpha_037,-0.08506,0.5146,30,0
week,2026-W25,gtja191/alpha_048,-0.07848,0.5122,31,0
week,2026-W25,alpha101/alpha_023,-0.10449,0.5073,32,0
week,2026-W25,qlib158/vsumn20,-0.10292,0.4635,33,0
week,2026-W25,alpha101/alpha_067,-0.10194,0.4486,34,0
week,2026-W25,alpha101/alpha_016,-0.13106,0.3771,35,0
week,2026-W25,qlib158/ma10,-0.13079,0.3673,36,0
week,2026-W25,qlib158/vma10,-0.13658,0.3561,37,0
week,2026-W25,alpha101/alpha_019,-0.1961,0.2811,38,0
week,2026-W26,alpha101/alpha_004,0.03686,0.872,1,1
week,2026-W26,gtja191/alpha_025,0.04406,0.8577,2,0
week,2026-W26,gtja191/alpha_006,0.02931,0.8573,3,0
week,2026-W26,alpha101/alpha_027,0.0193,0.8356,4,0
week,2026-W26,alpha101/alpha_080,0.00205,0.7954,5,0
week,2026-W26,alpha101/alpha_088,0.00102,0.7938,6,0
week,2026-W26,gtja191/alpha_157,0.0121,0.7891,7,0
week,2026-W26,alpha101/alpha_084,0.0013,0.775,8,0
week,2026-W26,qlib158/cntn5,-0.0212,0.7428,9,0
week,2026-W26,alpha101/alpha_026,-0.05142,0.674,10,0
week,2026-W26,alpha101/alpha_069,-0.05291,0.6731,11,0
week,2026-W26,gtja191/alpha_026,-0.04904,0.672,12,0
week,2026-W26,qlib158/min10,-0.05357,0.6634,13,0
week,2026-W26,qlib158/vsumn60,-0.06043,0.6534,14,0
week,2026-W26,gtja191/alpha_090,-0.06394,0.6436,15,0
week,2026-W26,gtja191/alpha_092,-0.0718,0.6255,16,0
week,2026-W26,gtja191/alpha_041,-0.08416,0.6014,17,0
week,2026-W26,alpha101/alpha_055,-0.08507,0.5935,18,0
week,2026-W26,gtja191/alpha_001,-0.0901,0.584,19,0
week,2026-W26,alpha101/alpha_002,-0.09447,0.5714,20,0
week,2026-W26,gtja191/alpha_048,-0.09669,0.57,21,0
week,2026-W26,gtja191/alpha_008,-0.09529,0.5683,22,0
week,2026-W26,qlib158/vsumn20,-0.10203,0.5527,23,0
week,2026-W26,gtja191/alpha_016,-0.10982,0.5309,24,0
week,2026-W26,qlib158/vma60,-0.11406,0.5309,25,0
week,2026-W26,qlib158/vsumn5,-0.1241,0.4997,26,0
week,2026-W26,qlib158/vsumn30,-0.12532,0.4977,27,0
week,2026-W26,alpha101/alpha_067,-0.13496,0.4748,28,0
week,2026-W26,qlib158/ma10,-0.13466,0.4742,29,0
week,2026-W26,alpha101/alpha_015,-0.15661,0.4254,30,0
week,2026-W26,gtja191/alpha_168,-0.16938,0.4185,31,0
week,2026-W26,alpha101/alpha_044,-0.19601,0.3406,32,0
week,2026-W26,gtja191/alpha_037,-0.20181,0.3396,33,0
week,2026-W26,alpha101/alpha_016,-0.20895,0.3195,34,0
week,2026-W26,qlib158/vma10,-0.21855,0.3056,35,0
week,2026-W26,alpha101/alpha_024,-0.23888,0.2577,36,0
week,2026-W26,alpha101/alpha_019,-0.28915,0.1757,37,0
week,2026-W26,alpha101/alpha_023,-0.3075,0.1628,38,0
month,2024-01,alpha101/alpha_027,0.04628,0.8599,1,1
month,2024-01,gtja191/alpha_006,0.03612,0.839,2,0
month,2024-01,alpha101/alpha_019,0.02461,0.823,3,0
month,2024-01,gtja191/alpha_026,0.00857,0.8152,4,0
month,2024-01,gtja191/alpha_025,-0.00081,0.787,5,0
month,2024-01,gtja191/alpha_037,-0.00051,0.7812,6,0
month,2024-01,gtja191/alpha_008,0.00346,0.7811,7,0
month,2024-01,alpha101/alpha_080,-0.02507,0.7402,8,0
month,2024-01,gtja191/alpha_092,-0.02956,0.7343,9,0
month,2024-01,alpha101/alpha_084,-0.03447,0.7114,10,0
month,2024-01,qlib158/cntn5,-0.03829,0.7111,11,0
month,2024-01,alpha101/alpha_024,-0.05294,0.6894,12,0
month,2024-01,gtja191/alpha_157,-0.04514,0.6892,13,0
month,2024-01,alpha101/alpha_023,-0.05676,0.6665,14,0
month,2024-01,gtja191/alpha_041,-0.06117,0.6636,15,0
month,2024-01,alpha101/alpha_004,-0.0551,0.6554,16,0
month,2024-01,alpha101/alpha_069,-0.07129,0.6395,17,0
month,2024-01,alpha101/alpha_067,-0.07762,0.6387,18,0
month,2024-01,qlib158/min10,-0.07073,0.6335,19,0
month,2024-01,alpha101/alpha_088,-0.08035,0.6121,20,0
month,2024-01,gtja191/alpha_016,-0.08692,0.6074,21,0
month,2024-01,gtja191/alpha_090,-0.08774,0.6006,22,0
month,2024-01,gtja191/alpha_001,-0.08709,0.5982,23,0
month,2024-01,alpha101/alpha_002,-0.10392,0.5594,24,0
month,2024-01,alpha101/alpha_015,-0.10342,0.5534,25,0
month,2024-01,alpha101/alpha_044,-0.10805,0.5467,26,0
month,2024-01,alpha101/alpha_026,-0.11032,0.5376,27,0
month,2024-01,alpha101/alpha_055,-0.11155,0.5358,28,0
month,2024-01,qlib158/ma10,-0.11159,0.5275,29,0
month,2024-01,alpha101/alpha_016,-0.12999,0.4739,30,0
month,2024-01,gtja191/alpha_048,-0.13885,0.4522,31,0
month,2024-01,qlib158/vsumn5,-0.13908,0.4499,32,0
month,2024-01,qlib158/vsumn20,-0.14914,0.4319,33,0
month,2024-01,qlib158/vsumn60,-0.15205,0.4252,34,0
month,2024-01,gtja191/alpha_168,-0.15348,0.425,35,0
month,2024-01,qlib158/vsumn30,-0.16136,0.3957,36,0
month,2024-01,qlib158/vma60,-0.16101,0.3953,37,0
month,2024-01,qlib158/vma10,-0.16665,0.3719,38,0
month,2024-02,qlib158/vsumn60,0.19736,0.7313,1,1
month,2024-02,alpha101/alpha_019,0.23207,0.7168,2,0
month,2024-02,qlib158/vsumn20,0.19123,0.7141,3,0
month,2024-02,alpha101/alpha_016,0.21209,0.7022,4,0
month,2024-02,qlib158/ma10,0.23402,0.6797,5,0
month,2024-02,qlib158/vsumn30,0.17772,0.6693,6,0
month,2024-02,gtja191/alpha_016,0.17768,0.6653,7,0
month,2024-02,gtja191/alpha_157,0.18523,0.6434,8,0
month,2024-02,gtja191/alpha_001,0.15792,0.6378,9,0
month,2024-02,alpha101/alpha_069,0.20104,0.6345,10,0
month,2024-02,gtja191/alpha_090,0.16372,0.6309,11,0
month,2024-02,gtja191/alpha_025,0.17113,0.6285,12,0
month,2024-02,qlib158/vma60,0.17768,0.61,13,0
month,2024-02,alpha101/alpha_015,0.15002,0.6032,14,0
month,2024-02,qlib158/vma10,0.16689,0.5995,15,0
month,2024-02,gtja191/alpha_168,0.17439,0.5955,16,0
month,2024-02,alpha101/alpha_026,0.14632,0.5927,17,0
month,2024-02,gtja191/alpha_041,0.17606,0.5784,18,0
month,2024-02,alpha101/alpha_002,0.1421,0.5699,19,0
month,2024-02,gtja191/alpha_092,0.14948,0.5606,20,0
month,2024-02,gtja191/alpha_026,0.15115,0.5604,21,0
month,2024-02,alpha101/alpha_044,0.13971,0.5526,22,0
month,2024-02,alpha101/alpha_024,0.15628,0.5419,23,0
month,2024-02,alpha101/alpha_084,0.13915,0.5111,24,0
month,2024-02,alpha101/alpha_055,0.13388,0.5001,25,0
month,2024-02,gtja191/alpha_037,0.11831,0.4895,26,0
month,2024-02,gtja191/alpha_008,0.11855,0.4865,27,0
month,2024-02,qlib158/vsumn5,0.11663,0.4785,28,0
month,2024-02,alpha101/alpha_067,0.1136,0.4732,29,0
month,2024-02,gtja191/alpha_048,0.11893,0.4397,30,0
month,2024-02,alpha101/alpha_080,0.09919,0.4204,31,0
month,2024-02,alpha101/alpha_004,0.09628,0.4189,32,0
month,2024-02,qlib158/cntn5,0.09774,0.4051,33,0
month,2024-02,gtja191/alpha_006,0.07372,0.3829,34,0
month,2024-02,alpha101/alpha_088,0.07989,0.3473,35,0
month,2024-02,alpha101/alpha_027,0.0604,0.3397,36,0
month,2024-02,alpha101/alpha_023,0.06178,0.3355,37,0
month,2024-02,qlib158/min10,0.07022,0.3235,38,0
month,2024-03,qlib158/vsumn30,0.03466,0.7245,1,1
month,2024-03,alpha101/alpha_027,0.03691,0.7155,2,0
month,2024-03,gtja191/alpha_006,0.03885,0.7142,3,0
month,2024-03,alpha101/alpha_080,0.01875,0.6546,4,0
month,2024-03,alpha101/alpha_002,0.01449,0.649,5,0
month,2024-03,alpha101/alpha_088,0.02088,0.6457,6,0
month,2024-03,qlib158/vsumn60,0.00214,0.6302,7,0
month,2024-03,qlib158/min10,0.01192,0.6289,8,0
month,2024-03,alpha101/alpha_004,0.01434,0.6274,9,0
month,2024-03,gtja191/alpha_016,-0.00072,0.6257,10,0
month,2024-03,qlib158/cntn5,0.01063,0.6256,11,0
month,2024-03,gtja191/alpha_001,0.00262,0.6222,12,0
month,2024-03,gtja191/alpha_092,0.01057,0.6215,13,0
month,2024-03,alpha101/alpha_055,-0.00283,0.6103,14,0
month,2024-03,gtja191/alpha_026,0.00296,0.6097,15,0
month,2024-03,gtja191/alpha_157,0.00644,0.6066,16,0
month,2024-03,qlib158/vsumn5,-0.00516,0.6011,17,0
month,2024-03,gtja191/alpha_048,-0.00419,0.5984,18,0
month,2024-03,gtja191/alpha_025,0.01066,0.5971,19,0
month,2024-03,gtja191/alpha_090,-0.0114,0.5874,20,0
month,2024-03,gtja191/alpha_008,-0.00602,0.5839,21,0
month,2024-03,alpha101/alpha_026,-0.00613,0.5809,22,0
month,2024-03,alpha101/alpha_044,-0.01192,0.5691,23,0
month,2024-03,gtja191/alpha_037,-0.00869,0.5684,24,0
month,2024-03,qlib158/vsumn20,-0.01564,0.5663,25,0
month,2024-03,alpha101/alpha_084,-0.00787,0.5657,26,0
month,2024-03,alpha101/alpha_015,-0.01858,0.5564,27,0
month,2024-03,alpha101/alpha_023,-0.01509,0.554,28,0
month,2024-03,alpha101/alpha_024,-0.00892,0.5479,29,0
month,2024-03,qlib158/vma60,-0.0209,0.5436,30,0
month,2024-03,gtja191/alpha_168,-0.02782,0.5135,31,0
month,2024-03,qlib158/vma10,-0.02964,0.5081,32,0
month,2024-03,gtja191/alpha_041,-0.03044,0.4878,33,0
month,2024-03,alpha101/alpha_067,-0.03621,0.4876,34,0
month,2024-03,alpha101/alpha_069,-0.03398,0.4856,35,0
month,2024-03,qlib158/ma10,-0.05244,0.4122,36,0
month,2024-03,alpha101/alpha_016,-0.06087,0.3998,37,0
month,2024-03,alpha101/alpha_019,-0.08497,0.3193,38,0
month,2024-04,qlib158/cntn5,0.06382,0.6643,1,1
month,2024-04,gtja191/alpha_016,0.06484,0.6551,2,0
month,2024-04,gtja191/alpha_090,0.05751,0.6356,3,0
month,2024-04,alpha101/alpha_002,0.04882,0.6129,4,0
month,2024-04,alpha101/alpha_004,0.04343,0.5926,5,0
month,2024-04,alpha101/alpha_055,0.04521,0.5916,6,0
month,2024-04,gtja191/alpha_001,0.05596,0.5906,7,0
month,2024-04,gtja191/alpha_092,0.04538,0.5861,8,0
month,2024-04,gtja191/alpha_048,0.04085,0.574,9,0
month,2024-04,gtja191/alpha_157,0.03704,0.5709,10,0
month,2024-04,alpha101/alpha_026,0.04304,0.5699,11,0
month,2024-04,alpha101/alpha_084,0.03904,0.5658,12,0
month,2024-04,gtja191/alpha_008,0.03604,0.5571,13,0
month,2024-04,gtja191/alpha_026,0.03463,0.5534,14,0
month,2024-04,alpha101/alpha_067,0.03378,0.548,15,0
month,2024-04,alpha101/alpha_044,0.03412,0.5474,16,0
month,2024-04,qlib158/vma60,0.03618,0.543,17,0
month,2024-04,alpha101/alpha_088,0.03234,0.5423,18,0
month,2024-04,gtja191/alpha_037,0.03213,0.5371,19,0
month,2024-04,gtja191/alpha_025,0.03087,0.5323,20,0
month,2024-04,alpha101/alpha_080,0.02945,0.5311,21,0
month,2024-04,alpha101/alpha_024,0.03335,0.531,22,0
month,2024-04,qlib158/vsumn20,0.02897,0.5256,23,0
month,2024-04,qlib158/vsumn5,0.03257,0.5215,24,0
month,2024-04,qlib158/vsumn30,0.02931,0.5182,25,0
month,2024-04,alpha101/alpha_023,0.02738,0.5104,26,0
month,2024-04,gtja191/alpha_006,0.02092,0.4987,27,0
month,2024-04,qlib158/vsumn60,0.02253,0.4985,28,0
month,2024-04,alpha101/alpha_015,0.02268,0.4973,29,0
month,2024-04,qlib158/min10,0.01631,0.4606,30,0
month,2024-04,alpha101/alpha_027,0.00958,0.4539,31,0
month,2024-04,qlib158/ma10,0.02346,0.4481,32,0
month,2024-04,gtja191/alpha_168,0.00222,0.4423,33,0
month,2024-04,qlib158/vma10,-0.00315,0.4239,34,0
month,2024-04,alpha101/alpha_016,0.02955,0.4229,35,0
month,2024-04,gtja191/alpha_041,-0.00534,0.3784,36,0
month,2024-04,alpha101/alpha_019,-0.00526,0.368,37,0
month,2024-04,alpha101/alpha_069,-0.00748,0.3654,38,0
month,2024-05,alpha101/alpha_027,-0.02978,0.7509,1,1
month,2024-05,gtja191/alpha_006,-0.02731,0.7508,2,0
month,2024-05,gtja191/alpha_037,-0.03652,0.7213,3,0
month,2024-05,alpha101/alpha_024,-0.03293,0.7036,4,0
month,2024-05,gtja191/alpha_092,-0.04952,0.6676,5,0
month,2024-05,alpha101/alpha_023,-0.05104,0.6594,6,0
month,2024-05,gtja191/alpha_008,-0.0507,0.6549,7,0
month,2024-05,alpha101/alpha_080,-0.04957,0.6513,8,0
month,2024-05,alpha101/alpha_002,-0.05296,0.6509,9,0
month,2024-05,gtja191/alpha_026,-0.05277,0.6495,10,0
month,2024-05,alpha101/alpha_069,-0.05697,0.6272,11,0
month,2024-05,qlib158/vsumn60,-0.05231,0.6226,12,0
month,2024-05,gtja191/alpha_041,-0.0595,0.6162,13,0
month,2024-05,gtja191/alpha_025,-0.06012,0.6142,14,0
month,2024-05,gtja191/alpha_157,-0.06091,0.6088,15,0
month,2024-05,alpha101/alpha_084,-0.06287,0.6019,16,0
month,2024-05,alpha101/alpha_004,-0.06123,0.6018,17,0
month,2024-05,alpha101/alpha_044,-0.06085,0.6012,18,0
month,2024-05,alpha101/alpha_067,-0.06351,0.5924,19,0
month,2024-05,alpha101/alpha_015,-0.0643,0.5811,20,0
month,2024-05,gtja191/alpha_048,-0.06939,0.5782,21,0
month,2024-05,alpha101/alpha_019,-0.07086,0.5773,22,0
month,2024-05,alpha101/alpha_055,-0.0738,0.5607,23,0
month,2024-05,gtja191/alpha_001,-0.07451,0.5447,24,0
month,2024-05,alpha101/alpha_088,-0.07649,0.5443,25,0
month,2024-05,alpha101/alpha_026,-0.07432,0.5432,26,0
month,2024-05,qlib158/vsumn30,-0.07558,0.5419,27,0
month,2024-05,qlib158/vma60,-0.08018,0.5248,28,0
month,2024-05,gtja191/alpha_168,-0.08251,0.5074,29,0
month,2024-05,gtja191/alpha_090,-0.08236,0.4988,30,0
month,2024-05,gtja191/alpha_016,-0.08354,0.4946,31,0
month,2024-05,qlib158/vsumn5,-0.08581,0.4925,32,0
month,2024-05,qlib158/vsumn20,-0.08675,0.4817,33,0
month,2024-05,qlib158/cntn5,-0.08763,0.4654,34,0
month,2024-05,qlib158/min10,-0.09525,0.4654,35,0
month,2024-05,qlib158/vma10,-0.096,0.4327,36,0
month,2024-05,alpha101/alpha_016,-0.10639,0.3716,37,0
month,2024-05,qlib158/ma10,-0.13246,0.2906,38,0
month,2024-06,alpha101/alpha_027,0.02544,0.8539,1,1
month,2024-06,gtja191/alpha_006,0.02271,0.8471,2,0
month,2024-06,qlib158/min10,-0.01101,0.6843,3,0
month,2024-06,qlib158/ma10,-0.00863,0.6567,4,0
month,2024-06,gtja191/alpha_016,-0.03075,0.6447,5,0
month,2024-06,alpha101/alpha_088,-0.03109,0.6323,6,0
month,2024-06,qlib158/vma60,-0.03358,0.632,7,0
month,2024-06,alpha101/alpha_004,-0.0324,0.6279,8,0
month,2024-06,alpha101/alpha_044,-0.03695,0.6103,9,0
month,2024-06,alpha101/alpha_026,-0.03971,0.594,10,0
month,2024-06,qlib158/vsumn30,-0.0407,0.5895,11,0
month,2024-06,qlib158/vma10,-0.03241,0.5858,12,0
month,2024-06,qlib158/vsumn60,-0.04134,0.5847,13,0
month,2024-06,qlib158/vsumn20,-0.04373,0.5781,14,0
month,2024-06,alpha101/alpha_015,-0.04344,0.5732,15,0
month,2024-06,alpha101/alpha_080,-0.04344,0.5667,16,0
month,2024-06,alpha101/alpha_016,-0.04603,0.5649,17,0
month,2024-06,alpha101/alpha_067,-0.04855,0.5435,18,0
month,2024-06,qlib158/cntn5,-0.05048,0.5379,19,0
month,2024-06,gtja191/alpha_001,-0.05025,0.537,20,0
month,2024-06,gtja191/alpha_168,-0.04737,0.5331,21,0
month,2024-06,gtja191/alpha_090,-0.05063,0.5294,22,0
month,2024-06,qlib158/vsumn5,-0.05167,0.5292,23,0
month,2024-06,alpha101/alpha_002,-0.05167,0.5219,24,0
month,2024-06,alpha101/alpha_023,-0.05354,0.5198,25,0
month,2024-06,alpha101/alpha_024,-0.0499,0.5112,26,0
month,2024-06,alpha101/alpha_055,-0.05356,0.5098,27,0
month,2024-06,alpha101/alpha_084,-0.05927,0.4894,28,0
month,2024-06,alpha101/alpha_069,-0.05991,0.4705,29,0
month,2024-06,gtja191/alpha_026,-0.06505,0.4529,30,0
month,2024-06,gtja191/alpha_157,-0.06327,0.4526,31,0
month,2024-06,gtja191/alpha_025,-0.06717,0.4481,32,0
month,2024-06,gtja191/alpha_092,-0.06949,0.4297,33,0
month,2024-06,gtja191/alpha_008,-0.06987,0.4289,34,0
month,2024-06,gtja191/alpha_037,-0.07128,0.4257,35,0
month,2024-06,gtja191/alpha_048,-0.07361,0.4059,36,0
month,2024-06,gtja191/alpha_041,-0.08741,0.3415,37,0
month,2024-06,alpha101/alpha_019,-0.08726,0.3399,38,0
month,2024-07,gtja191/alpha_168,0.10618,0.8594,1,1
month,2024-07,qlib158/vma10,0.07972,0.8228,2,0
month,2024-07,qlib158/vma60,0.00971,0.6271,3,0
month,2024-07,qlib158/vsumn5,0.01214,0.6263,4,0
month,2024-07,qlib158/vsumn30,0.01025,0.626,5,0
month,2024-07,gtja191/alpha_090,0.00433,0.587,6,0
month,2024-07,alpha101/alpha_088,-0.0011,0.5776,7,0
month,2024-07,alpha101/alpha_055,-0.00137,0.5705,8,0
month,2024-07,qlib158/vsumn60,-0.00163,0.5678,9,0
month,2024-07,qlib158/min10,0.0076,0.5588,10,0
month,2024-07,gtja191/alpha_001,-0.00461,0.5516,11,0
month,2024-07,alpha101/alpha_044,-0.00531,0.5465,12,0
month,2024-07,alpha101/alpha_002,-0.00615,0.5428,13,0
month,2024-07,qlib158/vsumn20,-0.00498,0.5375,14,0
month,2024-07,alpha101/alpha_015,-0.00879,0.5319,15,0
month,2024-07,alpha101/alpha_080,-0.0082,0.5284,16,0
month,2024-07,alpha101/alpha_026,-0.01013,0.5247,17,0
month,2024-07,alpha101/alpha_016,-0.00825,0.5115,18,0
month,2024-07,gtja191/alpha_048,-0.01373,0.5086,19,0
month,2024-07,qlib158/ma10,-0.00995,0.5065,20,0
month,2024-07,alpha101/alpha_004,-0.01578,0.4895,21,0
month,2024-07,alpha101/alpha_027,-0.01724,0.482,22,0
month,2024-07,gtja191/alpha_016,-0.01783,0.4811,23,0
month,2024-07,gtja191/alpha_006,-0.02001,0.4683,24,0
month,2024-07,qlib158/cntn5,-0.02053,0.4671,25,0
month,2024-07,alpha101/alpha_067,-0.02113,0.4635,26,0
month,2024-07,gtja191/alpha_092,-0.02374,0.4433,27,0
month,2024-07,gtja191/alpha_157,-0.02971,0.4184,28,0
month,2024-07,alpha101/alpha_069,-0.03169,0.4062,29,0
month,2024-07,gtja191/alpha_025,-0.03314,0.4053,30,0
month,2024-07,gtja191/alpha_008,-0.04157,0.3768,31,0
month,2024-07,gtja191/alpha_041,-0.03863,0.374,32,0
month,2024-07,gtja191/alpha_026,-0.04363,0.3692,33,0
month,2024-07,alpha101/alpha_084,-0.04247,0.3675,34,0
month,2024-07,alpha101/alpha_024,-0.04744,0.3516,35,0
month,2024-07,gtja191/alpha_037,-0.04825,0.349,36,0
month,2024-07,alpha101/alpha_019,-0.05688,0.2823,37,0
month,2024-07,alpha101/alpha_023,-0.06041,0.2764,38,0
month,2024-08,qlib158/vma10,0.05031,0.6924,1,1
month,2024-08,gtja191/alpha_168,0.0532,0.6882,2,0
month,2024-08,qlib158/vsumn30,0.04629,0.6631,3,0
month,2024-08,qlib158/vsumn20,0.03774,0.6159,4,0
month,2024-08,alpha101/alpha_044,0.03079,0.5998,5,0
month,2024-08,qlib158/vsumn60,0.02464,0.5818,6,0
month,2024-08,gtja191/alpha_048,0.02311,0.5804,7,0
month,2024-08,alpha101/alpha_015,0.02651,0.5763,8,0
month,2024-08,gtja191/alpha_016,0.0248,0.5695,9,0
month,2024-08,gtja191/alpha_025,0.03601,0.5645,10,0
month,2024-08,alpha101/alpha_084,0.02485,0.5612,11,0
month,2024-08,gtja191/alpha_157,0.03344,0.5589,12,0
month,2024-08,alpha101/alpha_026,0.01993,0.5581,13,0
month,2024-08,qlib158/vma60,0.02684,0.5505,14,0
month,2024-08,gtja191/alpha_001,0.01882,0.546,15,0
month,2024-08,gtja191/alpha_008,0.02638,0.5459,16,0
month,2024-08,qlib158/min10,0.02403,0.5407,17,0
month,2024-08,alpha101/alpha_002,0.01879,0.5402,18,0
month,2024-08,alpha101/alpha_055,0.0171,0.5352,19,0
month,2024-08,gtja191/alpha_090,0.01793,0.5313,20,0
month,2024-08,alpha101/alpha_069,0.02385,0.5293,21,0
month,2024-08,gtja191/alpha_026,0.02044,0.528,22,0
month,2024-08,alpha101/alpha_019,0.02175,0.5195,23,0
month,2024-08,alpha101/alpha_067,0.01169,0.5137,24,0
month,2024-08,alpha101/alpha_016,0.01294,0.5108,25,0
month,2024-08,qlib158/vsumn5,0.01444,0.5071,26,0
month,2024-08,gtja191/alpha_041,0.01803,0.5066,27,0
month,2024-08,alpha101/alpha_004,0.00847,0.496,28,0
month,2024-08,gtja191/alpha_092,0.00717,0.4893,29,0
month,2024-08,qlib158/cntn5,0.00594,0.4835,30,0
month,2024-08,alpha101/alpha_024,0.00813,0.4761,31,0
month,2024-08,qlib158/ma10,0.00629,0.475,32,0
month,2024-08,alpha101/alpha_088,0.00235,0.4692,33,0
month,2024-08,alpha101/alpha_080,0.00072,0.458,34,0
month,2024-08,gtja191/alpha_037,0.00316,0.4533,35,0
month,2024-08,gtja191/alpha_006,-0.00467,0.4287,36,0
month,2024-08,alpha101/alpha_027,-0.00855,0.4109,37,0
month,2024-08,alpha101/alpha_023,-0.03228,0.2898,38,0
month,2024-09,alpha101/alpha_019,0.37417,0.834,1,1
month,2024-09,qlib158/ma10,0.30797,0.7414,2,0
month,2024-09,gtja191/alpha_041,0.28959,0.6939,3,0
month,2024-09,alpha101/alpha_069,0.27455,0.6807,4,0
month,2024-09,gtja191/alpha_025,0.27858,0.6766,5,0
month,2024-09,alpha101/alpha_023,0.27738,0.6753,6,0
month,2024-09,gtja191/alpha_157,0.26971,0.6714,7,0
month,2024-09,gtja191/alpha_008,0.25624,0.6477,8,0
month,2024-09,alpha101/alpha_067,0.25016,0.6427,9,0
month,2024-09,gtja191/alpha_026,0.25102,0.6297,10,0
month,2024-09,gtja191/alpha_048,0.253,0.6283,11,0
month,2024-09,qlib158/vsumn30,0.2418,0.6118,12,0
month,2024-09,gtja191/alpha_037,0.24339,0.6027,13,0
month,2024-09,gtja191/alpha_016,0.2375,0.5969,14,0
month,2024-09,alpha101/alpha_024,0.24911,0.5961,15,0
month,2024-09,alpha101/alpha_084,0.23887,0.5957,16,0
month,2024-09,alpha101/alpha_044,0.24879,0.5902,17,0
month,2024-09,qlib158/vsumn5,0.25383,0.5873,18,0
month,2024-09,gtja191/alpha_090,0.23436,0.5838,19,0
month,2024-09,alpha101/alpha_016,0.28316,0.583,20,0
month,2024-09,qlib158/vsumn20,0.23787,0.5785,21,0
month,2024-09,qlib158/vma10,0.25802,0.5506,22,0
month,2024-09,alpha101/alpha_002,0.21934,0.5498,23,0
month,2024-09,alpha101/alpha_055,0.216,0.5468,24,0
month,2024-09,qlib158/vma60,0.2491,0.5388,25,0
month,2024-09,gtja191/alpha_168,0.26035,0.5351,26,0
month,2024-09,alpha101/alpha_015,0.21231,0.5293,27,0
month,2024-09,qlib158/vsumn60,0.21777,0.5255,28,0
month,2024-09,gtja191/alpha_001,0.21014,0.5228,29,0
month,2024-09,qlib158/min10,0.20511,0.4949,30,0
month,2024-09,alpha101/alpha_080,0.20078,0.4597,31,0
month,2024-09,alpha101/alpha_088,0.20822,0.4591,32,0
month,2024-09,alpha101/alpha_026,0.18478,0.4213,33,0
month,2024-09,gtja191/alpha_092,0.17765,0.4078,34,0
month,2024-09,qlib158/cntn5,0.17243,0.3823,35,0
month,2024-09,alpha101/alpha_004,0.13871,0.2724,36,0
month,2024-09,gtja191/alpha_006,0.13334,0.257,37,0
month,2024-09,alpha101/alpha_027,0.08951,0.1388,38,0
month,2024-10,qlib158/vma60,0.17765,0.7439,1,1
month,2024-10,gtja191/alpha_168,0.15841,0.6976,2,0
month,2024-10,qlib158/vma10,0.16038,0.6957,3,0
month,2024-10,qlib158/vsumn20,0.12354,0.6951,4,0
month,2024-10,qlib158/vsumn30,0.11611,0.6647,5,0
month,2024-10,qlib158/vsumn5,0.1103,0.6462,6,0
month,2024-10,qlib158/vsumn60,0.0938,0.6286,7,0
month,2024-10,alpha101/alpha_088,0.0995,0.6127,8,0
month,2024-10,alpha101/alpha_002,0.09771,0.6096,9,0
month,2024-10,gtja191/alpha_016,0.09044,0.6008,10,0
month,2024-10,gtja191/alpha_001,0.08967,0.5949,11,0
month,2024-10,alpha101/alpha_044,0.09362,0.5902,12,0
month,2024-10,alpha101/alpha_055,0.08753,0.59,13,0
month,2024-10,gtja191/alpha_048,0.11137,0.5856,14,0
month,2024-10,alpha101/alpha_015,0.08378,0.5798,15,0
month,2024-10,alpha101/alpha_026,0.11632,0.5702,16,0
month,2024-10,qlib158/min10,0.10183,0.562,17,0
month,2024-10,alpha101/alpha_067,0.08098,0.5558,18,0
month,2024-10,gtja191/alpha_092,0.07398,0.5538,19,0
month,2024-10,alpha101/alpha_069,0.08587,0.5497,20,0
month,2024-10,gtja191/alpha_090,0.07462,0.549,21,0
month,2024-10,gtja191/alpha_157,0.0995,0.5468,22,0
month,2024-10,qlib158/ma10,0.09908,0.5238,23,0
month,2024-10,gtja191/alpha_041,0.10475,0.5233,24,0
month,2024-10,alpha101/alpha_016,0.07241,0.5066,25,0
month,2024-10,qlib158/cntn5,0.06246,0.4813,26,0
month,2024-10,alpha101/alpha_004,0.06626,0.4793,27,0
month,2024-10,gtja191/alpha_037,0.06216,0.4681,28,0
month,2024-10,alpha101/alpha_019,0.07419,0.4475,29,0
month,2024-10,alpha101/alpha_080,0.04952,0.4337,30,0
month,2024-10,gtja191/alpha_026,0.05012,0.4088,31,0
month,2024-10,alpha101/alpha_023,0.04862,0.4079,32,0
month,2024-10,gtja191/alpha_025,0.04229,0.3812,33,0
month,2024-10,alpha101/alpha_084,0.04332,0.3805,34,0
month,2024-10,gtja191/alpha_006,0.03767,0.3785,35,0
month,2024-10,gtja191/alpha_008,0.04581,0.3779,36,0
month,2024-10,alpha101/alpha_027,0.02188,0.3484,37,0
month,2024-10,alpha101/alpha_024,-0.00112,0.2404,38,0
month,2024-11,qlib158/vsumn60,0.06712,0.7,1,1
month,2024-11,alpha101/alpha_026,0.05472,0.6386,2,0
month,2024-11,alpha101/alpha_044,0.04704,0.6325,3,0
month,2024-11,qlib158/vsumn30,0.04718,0.6215,4,0
month,2024-11,alpha101/alpha_015,0.0501,0.6191,5,0
month,2024-11,gtja191/alpha_090,0.04109,0.6191,6,0
month,2024-11,gtja191/alpha_001,0.03889,0.6025,7,0
month,2024-11,alpha101/alpha_055,0.03782,0.5991,8,0
month,2024-11,qlib158/vsumn20,0.03551,0.5851,9,0
month,2024-11,alpha101/alpha_002,0.03334,0.5783,10,0
month,2024-11,gtja191/alpha_016,0.0318,0.5697,11,0
month,2024-11,alpha101/alpha_080,0.0258,0.5584,12,0
month,2024-11,alpha101/alpha_067,0.02724,0.547,13,0
month,2024-11,qlib158/vma60,0.02416,0.5417,14,0
month,2024-11,alpha101/alpha_004,0.02288,0.5413,15,0
month,2024-11,qlib158/vsumn5,0.02108,0.5344,16,0
month,2024-11,alpha101/alpha_027,0.02079,0.5335,17,0
month,2024-11,alpha101/alpha_088,0.01951,0.5317,18,0
month,2024-11,qlib158/min10,0.01946,0.5272,19,0
month,2024-11,gtja191/alpha_006,0.01523,0.5051,20,0
month,2024-11,qlib158/cntn5,0.01097,0.4908,21,0
month,2024-11,alpha101/alpha_069,0.01388,0.4892,22,0
month,2024-11,gtja191/alpha_168,0.01432,0.4841,23,0
month,2024-11,gtja191/alpha_048,0.00883,0.479,24,0
month,2024-11,gtja191/alpha_092,0.00468,0.4582,25,0
month,2024-11,gtja191/alpha_157,0.003,0.4507,26,0
month,2024-11,qlib158/vma10,0.00766,0.4461,27,0
month,2024-11,gtja191/alpha_041,0.00686,0.4433,28,0
month,2024-11,alpha101/alpha_016,-0.00074,0.4098,29,0
month,2024-11,alpha101/alpha_024,-0.01183,0.3902,30,0
month,2024-11,gtja191/alpha_025,-0.01301,0.3802,31,0
month,2024-11,alpha101/alpha_084,-0.01267,0.3783,32,0
month,2024-11,alpha101/alpha_023,-0.01587,0.3737,33,0
month,2024-11,gtja191/alpha_026,-0.01453,0.3683,34,0
month,2024-11,gtja191/alpha_008,-0.02029,0.349,35,0
month,2024-11,qlib158/ma10,-0.02111,0.3383,36,0
month,2024-11,gtja191/alpha_037,-0.02475,0.3317,37,0
month,2024-11,alpha101/alpha_019,-0.03762,0.2794,38,0
month,2024-12,alpha101/alpha_026,-0.02448,0.7431,1,1
month,2024-12,gtja191/alpha_016,-0.03483,0.7188,2,0
month,2024-12,alpha101/alpha_027,-0.0309,0.701,3,0
month,2024-12,alpha101/alpha_069,-0.03946,0.6859,4,0
month,2024-12,gtja191/alpha_001,-0.04855,0.6704,5,0
month,2024-12,alpha101/alpha_088,-0.04474,0.6682,6,0
month,2024-12,alpha101/alpha_015,-0.04875,0.6617,7,0
month,2024-12,gtja191/alpha_041,-0.05218,0.6451,8,0
month,2024-12,gtja191/alpha_006,-0.0547,0.6321,9,0
month,2024-12,alpha101/alpha_004,-0.05307,0.6256,10,0
month,2024-12,gtja191/alpha_037,-0.06081,0.6194,11,0
month,2024-12,gtja191/alpha_090,-0.05848,0.6188,12,0
month,2024-12,alpha101/alpha_055,-0.06103,0.6133,13,0
month,2024-12,gtja191/alpha_157,-0.06046,0.6132,14,0
month,2024-12,qlib158/vsumn20,-0.06067,0.613,15,0
month,2024-12,alpha101/alpha_084,-0.06004,0.61,16,0
month,2024-12,gtja191/alpha_048,-0.06259,0.6041,17,0
month,2024-12,alpha101/alpha_044,-0.06153,0.6035,18,0
month,2024-12,alpha101/alpha_002,-0.06609,0.5879,19,0
month,2024-12,gtja191/alpha_092,-0.065,0.5872,20,0
month,2024-12,qlib158/min10,-0.06498,0.5798,21,0
month,2024-12,alpha101/alpha_023,-0.06024,0.5792,22,0
month,2024-12,qlib158/cntn5,-0.06535,0.5735,23,0
month,2024-12,gtja191/alpha_026,-0.07065,0.5715,24,0
month,2024-12,alpha101/alpha_080,-0.06821,0.5669,25,0
month,2024-12,alpha101/alpha_067,-0.0718,0.5593,26,0
month,2024-12,qlib158/vsumn30,-0.07309,0.557,27,0
month,2024-12,alpha101/alpha_024,-0.07563,0.5512,28,0
month,2024-12,gtja191/alpha_008,-0.07524,0.5473,29,0
month,2024-12,gtja191/alpha_025,-0.0769,0.5403,30,0
month,2024-12,qlib158/vsumn5,-0.08069,0.522,31,0
month,2024-12,qlib158/vsumn60,-0.07992,0.5083,32,0
month,2024-12,qlib158/ma10,-0.08797,0.4858,33,0
month,2024-12,alpha101/alpha_019,-0.08858,0.4833,34,0
month,2024-12,gtja191/alpha_168,-0.09096,0.4753,35,0
month,2024-12,qlib158/vma10,-0.09504,0.4574,36,0
month,2024-12,qlib158/vma60,-0.09624,0.4455,37,0
month,2024-12,alpha101/alpha_016,-0.12633,0.3112,38,0
month,2025-01,qlib158/vsumn20,0.10796,0.6526,1,1
month,2025-01,alpha101/alpha_044,0.10696,0.6481,2,0
month,2025-01,gtja191/alpha_001,0.11737,0.6478,3,0
month,2025-01,alpha101/alpha_067,0.10408,0.6392,4,0
month,2025-01,gtja191/alpha_041,0.10936,0.6283,5,0
month,2025-01,qlib158/vsumn30,0.10037,0.6267,6,0
month,2025-01,alpha101/alpha_055,0.10269,0.6209,7,0
month,2025-01,qlib158/ma10,0.09719,0.6198,8,0
month,2025-01,gtja191/alpha_090,0.09643,0.6184,9,0
month,2025-01,gtja191/alpha_016,0.09499,0.6039,10,0
month,2025-01,alpha101/alpha_002,0.09012,0.5885,11,0
month,2025-01,gtja191/alpha_157,0.08925,0.5776,12,0
month,2025-01,alpha101/alpha_069,0.09338,0.5763,13,0
month,2025-01,qlib158/vsumn60,0.08459,0.5651,14,0
month,2025-01,alpha101/alpha_026,0.08118,0.559,15,0
month,2025-01,gtja191/alpha_025,0.0824,0.554,16,0
month,2025-01,qlib158/vma60,0.07669,0.5387,17,0
month,2025-01,alpha101/alpha_015,0.07547,0.5361,18,0
month,2025-01,gtja191/alpha_048,0.08293,0.5347,19,0
month,2025-01,gtja191/alpha_037,0.07439,0.516,20,0
month,2025-01,qlib158/vsumn5,0.07196,0.4986,21,0
month,2025-01,gtja191/alpha_168,0.06876,0.4755,22,0
month,2025-01,gtja191/alpha_092,0.06175,0.4599,23,0
month,2025-01,alpha101/alpha_019,0.05282,0.443,24,0
month,2025-01,alpha101/alpha_084,0.05702,0.4413,25,0
month,2025-01,alpha101/alpha_023,0.05269,0.4382,26,0
month,2025-01,alpha101/alpha_016,0.05482,0.4287,27,0
month,2025-01,alpha101/alpha_004,0.05355,0.4229,28,0
month,2025-01,alpha101/alpha_080,0.04977,0.4226,29,0
month,2025-01,gtja191/alpha_026,0.04871,0.4225,30,0
month,2025-01,qlib158/vma10,0.06199,0.4172,31,0
month,2025-01,alpha101/alpha_024,0.04497,0.4021,32,0
month,2025-01,gtja191/alpha_008,0.04455,0.4007,33,0
month,2025-01,qlib158/cntn5,0.04282,0.3789,34,0
month,2025-01,qlib158/min10,0.03737,0.3505,35,0
month,2025-01,gtja191/alpha_006,0.02536,0.2931,36,0
month,2025-01,alpha101/alpha_088,0.01763,0.2716,37,0
month,2025-01,alpha101/alpha_027,0.00875,0.2298,38,0
month,2025-02,qlib158/vsumn20,0.08122,0.6849,1,1
month,2025-02,alpha101/alpha_002,0.07358,0.6796,2,0
month,2025-02,qlib158/vsumn30,0.05924,0.6579,3,0
month,2025-02,gtja191/alpha_168,0.06921,0.6474,4,0
month,2025-02,alpha101/alpha_044,0.05916,0.6364,5,0
month,2025-02,alpha101/alpha_015,0.05374,0.6281,6,0
month,2025-02,qlib158/vsumn60,0.05217,0.6266,7,0
month,2025-02,qlib158/vma10,0.06724,0.6261,8,0
month,2025-02,alpha101/alpha_055,0.05885,0.6215,9,0
month,2025-02,qlib158/vsumn5,0.04993,0.5955,10,0
month,2025-02,qlib158/vma60,0.05102,0.5849,11,0
month,2025-02,gtja191/alpha_016,0.04641,0.5839,12,0
month,2025-02,gtja191/alpha_090,0.04471,0.5824,13,0
month,2025-02,alpha101/alpha_026,0.04157,0.5752,14,0
month,2025-02,gtja191/alpha_001,0.04012,0.559,15,0
month,2025-02,alpha101/alpha_016,0.05279,0.5444,16,0
month,2025-02,gtja191/alpha_048,0.03551,0.5405,17,0
month,2025-02,alpha101/alpha_088,0.03163,0.5247,18,0
month,2025-02,qlib158/min10,0.03264,0.5216,19,0
month,2025-02,alpha101/alpha_067,0.03491,0.502,20,0
month,2025-02,gtja191/alpha_092,0.02597,0.4976,21,0
month,2025-02,gtja191/alpha_157,0.02639,0.4938,22,0
month,2025-02,qlib158/cntn5,0.02268,0.4774,23,0
month,2025-02,alpha101/alpha_080,0.02031,0.4627,24,0
month,2025-02,alpha101/alpha_069,0.0152,0.4405,25,0
month,2025-02,alpha101/alpha_004,0.01449,0.4357,26,0
month,2025-02,gtja191/alpha_006,0.01272,0.4258,27,0
month,2025-02,gtja191/alpha_041,0.01112,0.4104,28,0
month,2025-02,gtja191/alpha_025,0.0053,0.3931,29,0
month,2025-02,alpha101/alpha_027,0.0052,0.3873,30,0
month,2025-02,alpha101/alpha_084,-0.00278,0.3493,31,0
month,2025-02,gtja191/alpha_026,-0.00524,0.3414,32,0
month,2025-02,gtja191/alpha_008,-0.00622,0.3357,33,0
month,2025-02,qlib158/ma10,-0.01332,0.3318,34,0
month,2025-02,alpha101/alpha_024,-0.01988,0.2918,35,0
month,2025-02,gtja191/alpha_037,-0.03358,0.2247,36,0
month,2025-02,alpha101/alpha_023,-0.03605,0.2237,37,0
month,2025-02,alpha101/alpha_019,-0.04424,0.185,38,0
month,2025-03,alpha101/alpha_027,-0.00064,0.7718,1,1
month,2025-03,alpha101/alpha_088,-0.00533,0.7593,2,0
month,2025-03,gtja191/alpha_006,-0.01089,0.7376,3,0
month,2025-03,alpha101/alpha_026,-0.02755,0.685,4,0
month,2025-03,gtja191/alpha_090,-0.03285,0.683,5,0
month,2025-03,alpha101/alpha_004,-0.02498,0.6765,6,0
month,2025-03,alpha101/alpha_080,-0.02441,0.6749,7,0
month,2025-03,qlib158/min10,-0.03552,0.6535,8,0
month,2025-03,alpha101/alpha_055,-0.04109,0.653,9,0
month,2025-03,qlib158/vsumn60,-0.04087,0.6454,10,0
month,2025-03,gtja191/alpha_016,-0.04214,0.6434,11,0
month,2025-03,qlib158/vsumn5,-0.0443,0.6207,12,0
month,2025-03,qlib158/cntn5,-0.04619,0.6131,13,0
month,2025-03,alpha101/alpha_044,-0.05069,0.6093,14,0
month,2025-03,qlib158/vsumn30,-0.05335,0.607,15,0
month,2025-03,alpha101/alpha_015,-0.05197,0.594,16,0
month,2025-03,qlib158/vsumn20,-0.05743,0.5779,17,0
month,2025-03,qlib158/vma10,-0.05822,0.5767,18,0
month,2025-03,alpha101/alpha_016,-0.06681,0.5438,19,0
month,2025-03,gtja191/alpha_001,-0.06681,0.5392,20,0
month,2025-03,alpha101/alpha_002,-0.06901,0.5368,21,0
month,2025-03,gtja191/alpha_092,-0.07361,0.5188,22,0
month,2025-03,alpha101/alpha_084,-0.07671,0.5038,23,0
month,2025-03,alpha101/alpha_067,-0.07571,0.5029,24,0
month,2025-03,alpha101/alpha_069,-0.07884,0.4982,25,0
month,2025-03,gtja191/alpha_026,-0.07813,0.4961,26,0
month,2025-03,gtja191/alpha_041,-0.0792,0.4942,27,0
month,2025-03,gtja191/alpha_008,-0.0803,0.4933,28,0
month,2025-03,gtja191/alpha_168,-0.08079,0.4863,29,0
month,2025-03,gtja191/alpha_025,-0.08203,0.4827,30,0
month,2025-03,gtja191/alpha_157,-0.08834,0.4611,31,0
month,2025-03,alpha101/alpha_024,-0.08764,0.4587,32,0
month,2025-03,qlib158/vma60,-0.08739,0.4556,33,0
month,2025-03,gtja191/alpha_048,-0.09329,0.4362,34,0
month,2025-03,gtja191/alpha_037,-0.09613,0.435,35,0
month,2025-03,alpha101/alpha_023,-0.10403,0.3998,36,0
month,2025-03,qlib158/ma10,-0.1063,0.3839,37,0
month,2025-03,alpha101/alpha_019,-0.16901,0.1571,38,0
month,2025-04,gtja191/alpha_168,0.12127,0.7194,1,1
month,2025-04,alpha101/alpha_055,0.11546,0.7182,2,0
month,2025-04,qlib158/vsumn20,0.10685,0.6994,3,0
month,2025-04,qlib158/ma10,0.0984,0.659,4,0
month,2025-04,qlib158/vma10,0.09001,0.639,5,0
month,2025-04,qlib158/vma60,0.09341,0.6319,6,0
month,2025-04,alpha101/alpha_002,0.08036,0.6251,7,0
month,2025-04,qlib158/vsumn30,0.07772,0.6184,8,0
month,2025-04,qlib158/vsumn60,0.07523,0.6073,9,0
month,2025-04,gtja191/alpha_090,0.07838,0.6029,10,0
month,2025-04,gtja191/alpha_016,0.07434,0.593,11,0
month,2025-04,gtja191/alpha_001,0.08052,0.5857,12,0
month,2025-04,alpha101/alpha_015,0.07073,0.5698,13,0
month,2025-04,alpha101/alpha_026,0.067,0.5686,14,0
month,2025-04,alpha101/alpha_044,0.06962,0.5638,15,0
month,2025-04,gtja191/alpha_048,0.06868,0.5607,16,0
month,2025-04,qlib158/vsumn5,0.06106,0.5358,17,0
month,2025-04,alpha101/alpha_069,0.06319,0.5311,18,0
month,2025-04,alpha101/alpha_019,0.06018,0.5262,19,0
month,2025-04,alpha101/alpha_004,0.05239,0.5005,20,0
month,2025-04,alpha101/alpha_016,0.05523,0.5,21,0
month,2025-04,gtja191/alpha_157,0.04917,0.4816,22,0
month,2025-04,alpha101/alpha_067,0.04595,0.4728,23,0
month,2025-04,alpha101/alpha_088,0.04244,0.4553,24,0
month,2025-04,qlib158/min10,0.04694,0.4527,25,0
month,2025-04,gtja191/alpha_041,0.04178,0.4489,26,0
month,2025-04,alpha101/alpha_080,0.03961,0.4477,27,0
month,2025-04,qlib158/cntn5,0.03993,0.4367,28,0
month,2025-04,gtja191/alpha_006,0.02868,0.4086,29,0
month,2025-04,alpha101/alpha_027,0.0252,0.3916,30,0
month,2025-04,gtja191/alpha_025,0.02828,0.39,31,0
month,2025-04,gtja191/alpha_092,0.0257,0.38,32,0
month,2025-04,gtja191/alpha_037,0.01929,0.3397,33,0
month,2025-04,gtja191/alpha_008,0.01518,0.3293,34,0
month,2025-04,alpha101/alpha_084,0.01391,0.3169,35,0
month,2025-04,gtja191/alpha_026,0.01054,0.309,36,0
month,2025-04,alpha101/alpha_023,-0.00276,0.2952,37,0
month,2025-04,alpha101/alpha_024,0.00181,0.2599,38,0
month,2025-05,qlib158/vma10,0.08085,0.7346,1,1
month,2025-05,gtja191/alpha_168,0.06571,0.696,2,0
month,2025-05,alpha101/alpha_044,0.04829,0.6766,3,0
month,2025-05,alpha101/alpha_016,0.07191,0.6729,4,0
month,2025-05,alpha101/alpha_055,0.05119,0.6665,5,0
month,2025-05,gtja191/alpha_090,0.04519,0.6529,6,0
month,2025-05,alpha101/alpha_002,0.0507,0.6438,7,0
month,2025-05,gtja191/alpha_048,0.05428,0.6433,8,0
month,2025-05,alpha101/alpha_019,0.04836,0.623,9,0
month,2025-05,qlib158/ma10,0.05637,0.6223,10,0
month,2025-05,qlib158/vsumn30,0.03953,0.6216,11,0
month,2025-05,qlib158/vsumn60,0.04008,0.6144,12,0
month,2025-05,gtja191/alpha_001,0.04001,0.614,13,0
month,2025-05,alpha101/alpha_015,0.03352,0.6015,14,0
month,2025-05,qlib158/vsumn20,0.04481,0.5988,15,0
month,2025-05,gtja191/alpha_016,0.02834,0.5758,16,0
month,2025-05,alpha101/alpha_026,0.02876,0.5691,17,0
month,2025-05,qlib158/min10,0.03236,0.5641,18,0
month,2025-05,alpha101/alpha_069,0.03776,0.5376,19,0
month,2025-05,gtja191/alpha_006,0.01767,0.5213,20,0
month,2025-05,alpha101/alpha_088,0.01732,0.5191,21,0
month,2025-05,alpha101/alpha_004,0.01856,0.5157,22,0
month,2025-05,qlib158/cntn5,0.02932,0.5147,23,0
month,2025-05,gtja191/alpha_037,0.02076,0.5141,24,0
month,2025-05,qlib158/vma60,0.02029,0.5075,25,0
month,2025-05,alpha101/alpha_084,0.02577,0.5016,26,0
month,2025-05,alpha101/alpha_067,0.01669,0.5014,27,0
month,2025-05,alpha101/alpha_024,0.01647,0.4996,28,0
month,2025-05,alpha101/alpha_027,0.01214,0.4885,29,0
month,2025-05,alpha101/alpha_080,0.01342,0.488,30,0
month,2025-05,alpha101/alpha_023,0.02669,0.4835,31,0
month,2025-05,gtja191/alpha_041,0.01593,0.4773,32,0
month,2025-05,gtja191/alpha_092,0.00853,0.4635,33,0
month,2025-05,gtja191/alpha_157,0.01487,0.4569,34,0
month,2025-05,qlib158/vsumn5,0.00923,0.4394,35,0
month,2025-05,gtja191/alpha_025,0.00057,0.4164,36,0
month,2025-05,gtja191/alpha_026,0.00107,0.4092,37,0
month,2025-05,gtja191/alpha_008,-0.00751,0.3694,38,0
month,2025-06,qlib158/vsumn60,0.08998,0.6999,1,1
month,2025-06,gtja191/alpha_016,0.07822,0.6687,2,0
month,2025-06,qlib158/vsumn20,0.07328,0.6192,3,0
month,2025-06,qlib158/vsumn30,0.0959,0.6084,4,0
month,2025-06,gtja191/alpha_037,0.07435,0.5984,5,0
month,2025-06,alpha101/alpha_015,0.06524,0.589,6,0
month,2025-06,alpha101/alpha_002,0.06511,0.5866,7,0
month,2025-06,alpha101/alpha_026,0.06297,0.5825,8,0
month,2025-06,alpha101/alpha_044,0.05947,0.5546,9,0
month,2025-06,qlib158/vsumn5,0.05563,0.5478,10,0
month,2025-06,alpha101/alpha_023,0.06678,0.5472,11,0
month,2025-06,alpha101/alpha_055,0.05485,0.5454,12,0
month,2025-06,gtja191/alpha_090,0.05479,0.5333,13,0
month,2025-06,gtja191/alpha_008,0.0533,0.5317,14,0
month,2025-06,alpha101/alpha_067,0.06569,0.5311,15,0
month,2025-06,alpha101/alpha_016,0.05718,0.5258,16,0
month,2025-06,qlib158/vma60,0.04969,0.5186,17,0
month,2025-06,gtja191/alpha_092,0.05613,0.5141,18,0
month,2025-06,alpha101/alpha_080,0.05167,0.5132,19,0
month,2025-06,gtja191/alpha_025,0.05111,0.5116,20,0
month,2025-06,gtja191/alpha_026,0.04944,0.503,21,0
month,2025-06,gtja191/alpha_168,0.04745,0.494,22,0
month,2025-06,gtja191/alpha_001,0.04543,0.4805,23,0
month,2025-06,alpha101/alpha_024,0.04488,0.4741,24,0
month,2025-06,qlib158/min10,0.043,0.4659,25,0
month,2025-06,qlib158/vma10,0.04257,0.4642,26,0
month,2025-06,alpha101/alpha_004,0.04061,0.4558,27,0
month,2025-06,alpha101/alpha_088,0.04238,0.4538,28,0
month,2025-06,alpha101/alpha_069,0.04137,0.4537,29,0
month,2025-06,alpha101/alpha_019,0.03986,0.4517,30,0
month,2025-06,gtja191/alpha_048,0.03897,0.4475,31,0
month,2025-06,alpha101/alpha_027,0.03714,0.4389,32,0
month,2025-06,qlib158/ma10,0.03358,0.4178,33,0
month,2025-06,gtja191/alpha_157,0.03437,0.4017,34,0
month,2025-06,alpha101/alpha_084,0.03163,0.398,35,0
month,2025-06,gtja191/alpha_041,0.03138,0.398,36,0
month,2025-06,qlib158/cntn5,0.02896,0.3845,37,0
month,2025-06,gtja191/alpha_006,0.02811,0.3742,38,0
month,2025-07,gtja191/alpha_037,0.12806,0.7571,1,1
month,2025-07,gtja191/alpha_008,0.11397,0.7033,2,0
month,2025-07,gtja191/alpha_026,0.10735,0.6974,3,0
month,2025-07,alpha101/alpha_023,0.11329,0.6819,4,0
month,2025-07,alpha101/alpha_024,0.10113,0.6807,5,0
month,2025-07,gtja191/alpha_041,0.0941,0.6646,6,0
month,2025-07,gtja191/alpha_092,0.09017,0.6604,7,0
month,2025-07,alpha101/alpha_084,0.09427,0.6421,8,0
month,2025-07,gtja191/alpha_025,0.08938,0.6305,9,0
month,2025-07,qlib158/vsumn20,0.07873,0.6274,10,0
month,2025-07,alpha101/alpha_015,0.07815,0.6266,11,0
month,2025-07,gtja191/alpha_157,0.08209,0.6192,12,0
month,2025-07,alpha101/alpha_055,0.07109,0.6062,13,0
month,2025-07,alpha101/alpha_069,0.08118,0.6037,14,0
month,2025-07,qlib158/vsumn30,0.07077,0.6034,15,0
month,2025-07,alpha101/alpha_026,0.06944,0.6021,16,0
month,2025-07,gtja191/alpha_090,0.06953,0.5896,17,0
month,2025-07,gtja191/alpha_048,0.07389,0.574,18,0
month,2025-07,alpha101/alpha_044,0.06986,0.5697,19,0
month,2025-07,qlib158/vsumn5,0.06211,0.563,20,0
month,2025-07,alpha101/alpha_002,0.068,0.5629,21,0
month,2025-07,gtja191/alpha_001,0.06197,0.56,22,0
month,2025-07,qlib158/cntn5,0.06278,0.5547,23,0
month,2025-07,gtja191/alpha_016,0.06119,0.5433,24,0
month,2025-07,gtja191/alpha_168,0.06662,0.5417,25,0
month,2025-07,qlib158/vma10,0.05641,0.519,26,0
month,2025-07,qlib158/ma10,0.05805,0.4941,27,0
month,2025-07,alpha101/alpha_019,0.06459,0.4937,28,0
month,2025-07,qlib158/vsumn60,0.0468,0.487,29,0
month,2025-07,alpha101/alpha_067,0.04538,0.482,30,0
month,2025-07,qlib158/min10,0.04482,0.4717,31,0
month,2025-07,alpha101/alpha_016,0.03975,0.4372,32,0
month,2025-07,qlib158/vma60,0.03668,0.4317,33,0
month,2025-07,alpha101/alpha_088,0.03594,0.4221,34,0
month,2025-07,alpha101/alpha_080,0.02486,0.3672,35,0
month,2025-07,alpha101/alpha_027,0.02188,0.3578,36,0
month,2025-07,alpha101/alpha_004,0.01898,0.3379,37,0
month,2025-07,gtja191/alpha_006,0.01576,0.3086,38,0
month,2025-08,gtja191/alpha_037,0.11273,0.7735,1,1
month,2025-08,alpha101/alpha_023,0.10013,0.7421,2,0
month,2025-08,gtja191/alpha_026,0.07491,0.704,3,0
month,2025-08,alpha101/alpha_024,0.07646,0.6793,4,0
month,2025-08,alpha101/alpha_002,0.05356,0.6748,5,0
month,2025-08,gtja191/alpha_016,0.04228,0.6712,6,0
month,2025-08,gtja191/alpha_008,0.07082,0.6542,7,0
month,2025-08,gtja191/alpha_025,0.06297,0.6476,8,0
month,2025-08,alpha101/alpha_084,0.05015,0.633,9,0
month,2025-08,gtja191/alpha_092,0.04455,0.6328,10,0
month,2025-08,gtja191/alpha_090,0.03065,0.6247,11,0
month,2025-08,qlib158/vsumn20,0.02515,0.6178,12,0
month,2025-08,alpha101/alpha_015,0.02914,0.6127,13,0
month,2025-08,alpha101/alpha_026,0.02418,0.6095,14,0
month,2025-08,qlib158/vsumn30,0.02219,0.609,15,0
month,2025-08,qlib158/vsumn5,0.03416,0.6044,16,0
month,2025-08,alpha101/alpha_067,0.02537,0.6008,17,0
month,2025-08,alpha101/alpha_019,0.04573,0.5922,18,0
month,2025-08,alpha101/alpha_016,0.02719,0.5904,19,0
month,2025-08,gtja191/alpha_001,0.02026,0.5868,20,0
month,2025-08,alpha101/alpha_044,0.01913,0.5847,21,0
month,2025-08,gtja191/alpha_041,0.02492,0.5817,22,0
month,2025-08,alpha101/alpha_069,0.02232,0.5683,23,0
month,2025-08,qlib158/vsumn60,0.01291,0.5675,24,0
month,2025-08,qlib158/vma10,0.01769,0.5659,25,0
month,2025-08,gtja191/alpha_157,0.02007,0.5631,26,0
month,2025-08,qlib158/cntn5,0.0121,0.5623,27,0
month,2025-08,gtja191/alpha_048,0.01544,0.5604,28,0
month,2025-08,qlib158/min10,0.01223,0.5538,29,0
month,2025-08,alpha101/alpha_055,0.00824,0.5436,30,0
month,2025-08,alpha101/alpha_080,0.00593,0.527,31,0
month,2025-08,qlib158/vma60,0.00139,0.5191,32,0
month,2025-08,gtja191/alpha_168,0.00057,0.5054,33,0
month,2025-08,alpha101/alpha_088,-0.00779,0.4779,34,0
month,2025-08,alpha101/alpha_004,-0.02001,0.4206,35,0
month,2025-08,qlib158/ma10,-0.02203,0.3958,36,0
month,2025-08,gtja191/alpha_006,-0.02689,0.3822,37,0
month,2025-08,alpha101/alpha_027,-0.03365,0.3448,38,0
month,2025-09,gtja191/alpha_016,0.03813,0.6831,1,1
month,2025-09,alpha101/alpha_055,0.03772,0.6811,2,0
month,2025-09,qlib158/vma10,0.053,0.6768,3,0
month,2025-09,alpha101/alpha_080,0.03611,0.6749,4,0
month,2025-09,alpha101/alpha_004,0.03615,0.6741,5,0
month,2025-09,gtja191/alpha_168,0.03822,0.6566,6,0
month,2025-09,gtja191/alpha_090,0.03315,0.6511,7,0
month,2025-09,alpha101/alpha_088,0.02623,0.6492,8,0
month,2025-09,alpha101/alpha_044,0.03509,0.6446,9,0
month,2025-09,alpha101/alpha_016,0.04058,0.6318,10,0
month,2025-09,gtja191/alpha_001,0.02483,0.6295,11,0
month,2025-09,alpha101/alpha_015,0.02306,0.6291,12,0
month,2025-09,qlib158/vma60,0.02493,0.617,13,0
month,2025-09,qlib158/min10,0.02553,0.6145,14,0
month,2025-09,qlib158/vsumn30,0.02302,0.6111,15,0
month,2025-09,alpha101/alpha_026,0.02036,0.6108,16,0
month,2025-09,qlib158/vsumn60,0.01748,0.6056,17,0
month,2025-09,alpha101/alpha_002,0.01648,0.6034,18,0
month,2025-09,qlib158/vsumn20,0.02093,0.6012,19,0
month,2025-09,qlib158/cntn5,0.01751,0.599,20,0
month,2025-09,gtja191/alpha_006,0.01534,0.5921,21,0
month,2025-09,gtja191/alpha_092,0.02059,0.5776,22,0
month,2025-09,gtja191/alpha_048,0.01243,0.5719,23,0
month,2025-09,alpha101/alpha_027,0.00864,0.5658,24,0
month,2025-09,qlib158/ma10,0.01454,0.562,25,0
month,2025-09,qlib158/vsumn5,0.00655,0.5502,26,0
month,2025-09,alpha101/alpha_084,0.0157,0.5492,27,0
month,2025-09,alpha101/alpha_023,0.00715,0.5442,28,0
month,2025-09,alpha101/alpha_069,0.01144,0.5412,29,0
month,2025-09,gtja191/alpha_041,0.00748,0.5391,30,0
month,2025-09,gtja191/alpha_037,0.00257,0.5311,31,0
month,2025-09,alpha101/alpha_067,0.00434,0.527,32,0
month,2025-09,alpha101/alpha_024,-0.00199,0.514,33,0
month,2025-09,gtja191/alpha_008,-0.00036,0.514,34,0
month,2025-09,alpha101/alpha_019,-0.00231,0.5112,35,0
month,2025-09,gtja191/alpha_026,-0.00282,0.5056,36,0
month,2025-09,gtja191/alpha_157,0.00069,0.4961,37,0
month,2025-09,gtja191/alpha_025,-0.01555,0.4384,38,0
month,2025-10,qlib158/vsumn60,0.04384,0.6532,1,1
month,2025-10,qlib158/vsumn20,0.03238,0.648,2,0
month,2025-10,alpha101/alpha_016,0.04073,0.629,3,0
month,2025-10,alpha101/alpha_026,0.02483,0.6144,4,0
month,2025-10,alpha101/alpha_044,0.02448,0.6096,5,0
month,2025-10,alpha101/alpha_004,0.02277,0.6092,6,0
month,2025-10,alpha101/alpha_080,0.02209,0.6036,7,0
month,2025-10,gtja191/alpha_168,0.0254,0.5956,8,0
month,2025-10,alpha101/alpha_088,0.01871,0.5924,9,0
month,2025-10,qlib158/vsumn30,0.01723,0.574,10,0
month,2025-10,alpha101/alpha_055,0.01523,0.5646,11,0
month,2025-10,gtja191/alpha_090,0.01282,0.5563,12,0
month,2025-10,gtja191/alpha_048,0.01128,0.5552,13,0
month,2025-10,gtja191/alpha_016,0.01016,0.5452,14,0
month,2025-10,alpha101/alpha_027,0.01041,0.5428,15,0
month,2025-10,qlib158/cntn5,0.0067,0.5344,16,0
month,2025-10,gtja191/alpha_006,0.007,0.5342,17,0
month,2025-10,qlib158/min10,0.00926,0.5307,18,0
month,2025-10,qlib158/vsumn5,0.00862,0.5231,19,0
month,2025-10,alpha101/alpha_067,0.01037,0.5229,20,0
month,2025-10,qlib158/vma10,0.01149,0.5214,21,0
month,2025-10,alpha101/alpha_002,0.00436,0.5194,22,0
month,2025-10,qlib158/ma10,0.00949,0.5184,23,0
month,2025-10,alpha101/alpha_015,0.00299,0.5134,24,0
month,2025-10,qlib158/vma60,0.00563,0.5039,25,0
month,2025-10,gtja191/alpha_025,0.00232,0.5002,26,0
month,2025-10,gtja191/alpha_026,0.00147,0.4979,27,0
month,2025-10,gtja191/alpha_008,-0.00013,0.4936,28,0
month,2025-10,gtja191/alpha_157,-0.00667,0.4669,29,0
month,2025-10,alpha101/alpha_024,-0.00852,0.4588,30,0
month,2025-10,gtja191/alpha_037,-0.00818,0.4558,31,0
month,2025-10,gtja191/alpha_001,-0.00949,0.452,32,0
month,2025-10,alpha101/alpha_019,-0.01014,0.4493,33,0
month,2025-10,alpha101/alpha_023,-0.01561,0.4209,34,0
month,2025-10,gtja191/alpha_092,-0.02494,0.396,35,0
month,2025-10,gtja191/alpha_041,-0.02267,0.3951,36,0
month,2025-10,alpha101/alpha_069,-0.02367,0.3946,37,0
month,2025-10,alpha101/alpha_084,-0.02932,0.3599,38,0
month,2025-11,gtja191/alpha_026,0.04598,0.7629,1,1
month,2025-11,gtja191/alpha_037,0.03842,0.7477,2,0
month,2025-11,gtja191/alpha_025,0.03481,0.7387,3,0
month,2025-11,gtja191/alpha_008,0.04003,0.7349,4,0
month,2025-11,gtja191/alpha_041,0.02396,0.7082,5,0
month,2025-11,alpha101/alpha_024,0.03836,0.6966,6,0
month,2025-11,gtja191/alpha_001,0.01587,0.6918,7,0
month,2025-11,alpha101/alpha_069,0.01981,0.6914,8,0
month,2025-11,alpha101/alpha_084,0.01826,0.6892,9,0
month,2025-11,gtja191/alpha_157,0.01632,0.6714,10,0
month,2025-11,qlib158/vma10,0.02551,0.651,11,0
month,2025-11,qlib158/vsumn30,0.00238,0.6503,12,0
month,2025-11,alpha101/alpha_026,0.00249,0.6449,13,0
month,2025-11,qlib158/vma60,0.00864,0.6354,14,0
month,2025-11,alpha101/alpha_016,0.0186,0.6286,15,0
month,2025-11,gtja191/alpha_092,-0.00076,0.6201,16,0
month,2025-11,qlib158/ma10,-0.00084,0.6161,17,0
month,2025-11,alpha101/alpha_002,-0.00278,0.6122,18,0
month,2025-11,gtja191/alpha_048,-0.00363,0.6105,19,0
month,2025-11,alpha101/alpha_067,-0.00346,0.6084,20,0
month,2025-11,gtja191/alpha_090,-0.00087,0.6012,21,0
month,2025-11,alpha101/alpha_015,-0.00296,0.6004,22,0
month,2025-11,alpha101/alpha_055,-0.00696,0.5997,23,0
month,2025-11,alpha101/alpha_019,-0.00294,0.5912,24,0
month,2025-11,qlib158/vsumn20,-0.01142,0.5873,25,0
month,2025-11,alpha101/alpha_044,-0.00678,0.5854,26,0
month,2025-11,qlib158/min10,-0.01143,0.575,27,0
month,2025-11,alpha101/alpha_080,-0.01272,0.5689,28,0
month,2025-11,gtja191/alpha_168,-0.0022,0.5629,29,0
month,2025-11,qlib158/cntn5,-0.01588,0.5597,30,0
month,2025-11,qlib158/vsumn60,-0.01596,0.558,31,0
month,2025-11,gtja191/alpha_016,-0.01678,0.5579,32,0
month,2025-11,alpha101/alpha_088,-0.01779,0.5503,33,0
month,2025-11,alpha101/alpha_004,-0.02634,0.5061,34,0
month,2025-11,gtja191/alpha_006,-0.03026,0.4785,35,0
month,2025-11,alpha101/alpha_023,-0.03102,0.4544,36,0
month,2025-11,qlib158/vsumn5,-0.03613,0.4489,37,0
month,2025-11,alpha101/alpha_027,-0.04391,0.3951,38,0
month,2025-12,alpha101/alpha_023,0.11858,0.6918,1,1
month,2025-12,alpha101/alpha_016,0.14101,0.6812,2,0
month,2025-12,gtja191/alpha_048,0.09846,0.6477,3,0
month,2025-12,qlib158/vma10,0.10177,0.6421,4,0
month,2025-12,qlib158/vma60,0.10441,0.6417,5,0
month,2025-12,gtja191/alpha_037,0.09583,0.6385,6,0
month,2025-12,gtja191/alpha_168,0.09955,0.6272,7,0
month,2025-12,alpha101/alpha_026,0.09809,0.622,8,0
month,2025-12,qlib158/vsumn20,0.08704,0.614,9,0
month,2025-12,gtja191/alpha_092,0.09105,0.6023,10,0
month,2025-12,alpha101/alpha_044,0.08293,0.5985,11,0
month,2025-12,qlib158/vsumn60,0.07391,0.5801,12,0
month,2025-12,qlib158/vsumn30,0.06985,0.5717,13,0
month,2025-12,gtja191/alpha_090,0.07498,0.5703,14,0
month,2025-12,gtja191/alpha_016,0.08069,0.5674,15,0
month,2025-12,alpha101/alpha_067,0.07925,0.5506,16,0
month,2025-12,gtja191/alpha_157,0.06933,0.5506,17,0
month,2025-12,alpha101/alpha_055,0.06892,0.5484,18,0
month,2025-12,gtja191/alpha_001,0.07011,0.5484,19,0
month,2025-12,gtja191/alpha_041,0.06995,0.5434,20,0
month,2025-12,alpha101/alpha_069,0.06559,0.5225,21,0
month,2025-12,alpha101/alpha_002,0.06044,0.5157,22,0
month,2025-12,alpha101/alpha_019,0.05781,0.5042,23,0
month,2025-12,alpha101/alpha_015,0.04749,0.4604,24,0
month,2025-12,qlib158/vsumn5,0.04779,0.4577,25,0
month,2025-12,gtja191/alpha_025,0.04815,0.449,26,0
month,2025-12,alpha101/alpha_024,0.04075,0.4488,27,0
month,2025-12,alpha101/alpha_080,0.04266,0.4362,28,0
month,2025-12,qlib158/ma10,0.04067,0.4359,29,0
month,2025-12,alpha101/alpha_084,0.04424,0.4327,30,0
month,2025-12,qlib158/min10,0.03452,0.4083,31,0
month,2025-12,qlib158/cntn5,0.03533,0.4047,32,0
month,2025-12,alpha101/alpha_004,0.03035,0.3866,33,0
month,2025-12,alpha101/alpha_088,0.03065,0.3854,34,0
month,2025-12,gtja191/alpha_008,0.02882,0.3805,35,0
month,2025-12,gtja191/alpha_026,0.02945,0.3766,36,0
month,2025-12,gtja191/alpha_006,0.0021,0.2697,37,0
month,2025-12,alpha101/alpha_027,5e-05,0.2525,38,0
month,2026-01,alpha101/alpha_015,0.03913,0.6756,1,1
month,2026-01,gtja191/alpha_048,0.03818,0.6511,2,0
month,2026-01,qlib158/vsumn30,0.02241,0.6132,3,0
month,2026-01,gtja191/alpha_090,0.02134,0.6064,4,0
month,2026-01,alpha101/alpha_088,0.02126,0.6054,5,0
month,2026-01,qlib158/vsumn20,0.02042,0.601,6,0
month,2026-01,alpha101/alpha_044,0.01853,0.5994,7,0
month,2026-01,alpha101/alpha_055,0.0194,0.5964,8,0
month,2026-01,qlib158/vsumn5,0.02191,0.5891,9,0
month,2026-01,alpha101/alpha_002,0.01549,0.5846,10,0
month,2026-01,alpha101/alpha_026,0.0144,0.5804,11,0
month,2026-01,alpha101/alpha_080,0.01392,0.5763,12,0
month,2026-01,gtja191/alpha_001,0.01456,0.5702,13,0
month,2026-01,qlib158/vsumn60,0.01151,0.5674,14,0
month,2026-01,gtja191/alpha_016,0.01003,0.5647,15,0
month,2026-01,qlib158/cntn5,0.01303,0.561,16,0
month,2026-01,qlib158/min10,0.00911,0.5492,17,0
month,2026-01,alpha101/alpha_027,0.00422,0.5299,18,0
month,2026-01,alpha101/alpha_067,0.00475,0.5278,19,0
month,2026-01,gtja191/alpha_025,0.00416,0.5154,20,0
month,2026-01,gtja191/alpha_092,0.00451,0.5142,21,0
month,2026-01,alpha101/alpha_004,-0.00143,0.5049,22,0
month,2026-01,gtja191/alpha_006,-0.00245,0.4962,23,0
month,2026-01,alpha101/alpha_024,-0.00182,0.4956,24,0
month,2026-01,qlib158/vma60,-0.00499,0.4842,25,0
month,2026-01,alpha101/alpha_023,-0.00634,0.4746,26,0
month,2026-01,gtja191/alpha_168,-0.00972,0.4693,27,0
month,2026-01,qlib158/vma10,-0.00794,0.4611,28,0
month,2026-01,gtja191/alpha_026,-0.01017,0.4593,29,0
month,2026-01,gtja191/alpha_157,-0.00848,0.4532,30,0
month,2026-01,alpha101/alpha_016,-0.01348,0.4525,31,0
month,2026-01,qlib158/ma10,-0.01073,0.451,32,0
month,2026-01,gtja191/alpha_037,-0.01324,0.4351,33,0
month,2026-01,alpha101/alpha_084,-0.01559,0.4349,34,0
month,2026-01,gtja191/alpha_041,-0.01737,0.4158,35,0
month,2026-01,alpha101/alpha_069,-0.0168,0.4156,36,0
month,2026-01,gtja191/alpha_008,-0.0204,0.4088,37,0
month,2026-01,alpha101/alpha_019,-0.04742,0.3083,38,0
month,2026-02,alpha101/alpha_027,0.01676,0.7585,1,1
month,2026-02,alpha101/alpha_080,0.01043,0.7297,2,0
month,2026-02,gtja191/alpha_006,0.00603,0.7251,3,0
month,2026-02,alpha101/alpha_004,0.00472,0.7198,4,0
month,2026-02,alpha101/alpha_044,-0.00326,0.6968,5,0
month,2026-02,gtja191/alpha_025,-0.00158,0.6765,6,0
month,2026-02,qlib158/vsumn60,-0.01203,0.667,7,0
month,2026-02,alpha101/alpha_015,-0.02346,0.6319,8,0
month,2026-02,qlib158/min10,-0.02066,0.6313,9,0
month,2026-02,gtja191/alpha_026,-0.02238,0.6239,10,0
month,2026-02,gtja191/alpha_037,-0.02269,0.6173,11,0
month,2026-02,gtja191/alpha_090,-0.02802,0.6124,12,0
month,2026-02,alpha101/alpha_002,-0.02741,0.6091,13,0
month,2026-02,alpha101/alpha_055,-0.02713,0.6066,14,0
month,2026-02,alpha101/alpha_026,-0.02269,0.6046,15,0
month,2026-02,gtja191/alpha_001,-0.03659,0.5807,16,0
month,2026-02,qlib158/cntn5,-0.03744,0.5729,17,0
month,2026-02,gtja191/alpha_016,-0.03642,0.5613,18,0
month,2026-02,alpha101/alpha_067,-0.04037,0.5599,19,0
month,2026-02,alpha101/alpha_024,-0.03455,0.5589,20,0
month,2026-02,alpha101/alpha_084,-0.03931,0.5588,21,0
month,2026-02,gtja191/alpha_092,-0.04313,0.5541,22,0
month,2026-02,qlib158/vsumn20,-0.04371,0.554,23,0
month,2026-02,alpha101/alpha_088,-0.04313,0.5534,24,0
month,2026-02,qlib158/vsumn5,-0.04287,0.5523,25,0
month,2026-02,gtja191/alpha_008,-0.03884,0.5516,26,0
month,2026-02,gtja191/alpha_048,-0.04171,0.5506,27,0
month,2026-02,gtja191/alpha_157,-0.05208,0.5003,28,0
month,2026-02,alpha101/alpha_023,-0.0548,0.498,29,0
month,2026-02,alpha101/alpha_069,-0.05428,0.4969,30,0
month,2026-02,qlib158/vsumn30,-0.05507,0.4929,31,0
month,2026-02,alpha101/alpha_016,-0.05112,0.4801,32,0
month,2026-02,gtja191/alpha_168,-0.0619,0.4752,33,0
month,2026-02,qlib158/vma10,-0.06202,0.4749,34,0
month,2026-02,gtja191/alpha_041,-0.05937,0.4652,35,0
month,2026-02,alpha101/alpha_019,-0.05965,0.4644,36,0
month,2026-02,qlib158/vma60,-0.06529,0.4532,37,0
month,2026-02,qlib158/ma10,-0.09983,0.2765,38,0
month,2026-03,alpha101/alpha_019,0.09627,0.8001,1,1
month,2026-03,alpha101/alpha_069,0.05426,0.7679,2,0
month,2026-03,alpha101/alpha_024,0.0606,0.7625,3,0
month,2026-03,gtja191/alpha_025,0.04931,0.7583,4,0
month,2026-03,gtja191/alpha_026,0.04766,0.7469,5,0
month,2026-03,gtja191/alpha_041,0.04185,0.7357,6,0
month,2026-03,gtja191/alpha_008,0.03952,0.7328,7,0
month,2026-03,gtja191/alpha_037,0.04491,0.716,8,0
month,2026-03,alpha101/alpha_023,0.05162,0.6946,9,0
month,2026-03,alpha101/alpha_084,0.02118,0.6875,10,0
month,2026-03,gtja191/alpha_157,0.02114,0.6501,11,0
month,2026-03,alpha101/alpha_067,0.00395,0.6176,12,0
month,2026-03,alpha101/alpha_015,0.00014,0.601,13,0
month,2026-03,qlib158/ma10,0.00661,0.5977,14,0
month,2026-03,alpha101/alpha_002,-0.00242,0.5975,15,0
month,2026-03,alpha101/alpha_026,-0.00247,0.5965,16,0
month,2026-03,gtja191/alpha_090,-0.0022,0.5944,17,0
month,2026-03,gtja191/alpha_092,0.00347,0.5856,18,0
month,2026-03,alpha101/alpha_055,-0.00658,0.5783,19,0
month,2026-03,gtja191/alpha_016,-0.00425,0.5758,20,0
month,2026-03,qlib158/vma60,-0.00548,0.5723,21,0
month,2026-03,gtja191/alpha_001,-0.00512,0.5708,22,0
month,2026-03,alpha101/alpha_080,-0.00574,0.5705,23,0
month,2026-03,qlib158/vsumn60,-0.01011,0.5688,24,0
month,2026-03,alpha101/alpha_004,-0.00726,0.5683,25,0
month,2026-03,qlib158/min10,-0.00704,0.5679,26,0
month,2026-03,qlib158/vma10,-0.00386,0.5636,27,0
month,2026-03,gtja191/alpha_048,-0.00934,0.5578,28,0
month,2026-03,alpha101/alpha_016,-0.00603,0.5574,29,0
month,2026-03,qlib158/vsumn20,-0.01176,0.5533,30,0
month,2026-03,gtja191/alpha_168,-0.00871,0.5488,31,0
month,2026-03,qlib158/cntn5,-0.01671,0.5376,32,0
month,2026-03,alpha101/alpha_088,-0.01762,0.5375,33,0
month,2026-03,qlib158/vsumn30,-0.02067,0.5148,34,0
month,2026-03,alpha101/alpha_044,-0.02053,0.5122,35,0
month,2026-03,alpha101/alpha_027,-0.02553,0.4941,36,0
month,2026-03,gtja191/alpha_006,-0.02873,0.4775,37,0
month,2026-03,qlib158/vsumn5,-0.03913,0.4284,38,0
month,2026-04,alpha101/alpha_024,0.12803,0.7159,1,1
month,2026-04,alpha101/alpha_019,0.08966,0.6969,2,0
month,2026-04,alpha101/alpha_023,0.12472,0.695,3,0
month,2026-04,gtja191/alpha_037,0.11553,0.6897,4,0
month,2026-04,gtja191/alpha_008,0.0844,0.649,5,0
month,2026-04,alpha101/alpha_016,0.06775,0.6426,6,0
month,2026-04,gtja191/alpha_041,0.06987,0.6381,7,0
month,2026-04,alpha101/alpha_069,0.06567,0.6269,8,0
month,2026-04,alpha101/alpha_015,0.05474,0.6203,9,0
month,2026-04,gtja191/alpha_026,0.07401,0.6066,10,0
month,2026-04,alpha101/alpha_067,0.04046,0.5927,11,0
month,2026-04,alpha101/alpha_055,0.0446,0.5921,12,0
month,2026-04,alpha101/alpha_026,0.03957,0.5905,13,0
month,2026-04,gtja191/alpha_092,0.03868,0.5769,14,0
month,2026-04,gtja191/alpha_025,0.04599,0.5739,15,0
month,2026-04,gtja191/alpha_016,0.03327,0.573,16,0
month,2026-04,alpha101/alpha_002,0.03249,0.569,17,0
month,2026-04,alpha101/alpha_044,0.03577,0.5684,18,0
month,2026-04,qlib158/vsumn60,0.03073,0.5683,19,0
month,2026-04,alpha101/alpha_084,0.03743,0.5508,20,0
month,2026-04,gtja191/alpha_090,0.02855,0.5507,21,0
month,2026-04,gtja191/alpha_001,0.02664,0.5396,22,0
month,2026-04,gtja191/alpha_168,0.02643,0.5332,23,0
month,2026-04,qlib158/vma60,0.02528,0.5302,24,0
month,2026-04,qlib158/vma10,0.03174,0.5267,25,0
month,2026-04,qlib158/vsumn20,0.01217,0.5116,26,0
month,2026-04,qlib158/ma10,0.01981,0.5062,27,0
month,2026-04,gtja191/alpha_157,0.01548,0.5031,28,0
month,2026-04,gtja191/alpha_048,0.01032,0.496,29,0
month,2026-04,alpha101/alpha_088,0.00051,0.471,30,0
month,2026-04,qlib158/vsumn30,-0.00018,0.4676,31,0
month,2026-04,qlib158/vsumn5,0.00201,0.4629,32,0
month,2026-04,alpha101/alpha_080,-0.00426,0.4558,33,0
month,2026-04,qlib158/min10,-0.00298,0.4538,34,0
month,2026-04,qlib158/cntn5,-0.00945,0.439,35,0
month,2026-04,alpha101/alpha_027,-0.01036,0.436,36,0
month,2026-04,alpha101/alpha_004,-0.01144,0.4349,37,0
month,2026-04,gtja191/alpha_006,-0.0111,0.4292,38,0
month,2026-05,gtja191/alpha_037,0.11663,0.8616,1,1
month,2026-05,alpha101/alpha_019,0.10424,0.8355,2,0
month,2026-05,alpha101/alpha_023,0.07382,0.8077,3,0
month,2026-05,alpha101/alpha_024,0.0669,0.7785,4,0
month,2026-05,gtja191/alpha_092,0.00558,0.7423,5,0
month,2026-05,gtja191/alpha_025,0.01398,0.7273,6,0
month,2026-05,alpha101/alpha_067,-0.02809,0.7206,7,0
month,2026-05,alpha101/alpha_027,-0.03632,0.7173,8,0
month,2026-05,gtja191/alpha_041,-0.00571,0.7123,9,0
month,2026-05,gtja191/alpha_006,-0.04073,0.7097,10,0
month,2026-05,gtja191/alpha_008,0.01211,0.7056,11,0
month,2026-05,gtja191/alpha_026,0.01525,0.7045,12,0
month,2026-05,alpha101/alpha_069,-0.01921,0.6936,13,0
month,2026-05,alpha101/alpha_004,-0.05296,0.6745,14,0
month,2026-05,qlib158/vma10,-0.0343,0.6725,15,0
month,2026-05,alpha101/alpha_016,-0.04336,0.6603,16,0
month,2026-05,alpha101/alpha_015,-0.0555,0.6566,17,0
month,2026-05,gtja191/alpha_168,-0.0487,0.6473,18,0
month,2026-05,alpha101/alpha_084,-0.05777,0.6398,19,0
month,2026-05,gtja191/alpha_001,-0.06683,0.6348,20,0
month,2026-05,alpha101/alpha_080,-0.06742,0.6341,21,0
month,2026-05,gtja191/alpha_157,-0.05952,0.623,22,0
month,2026-05,gtja191/alpha_016,-0.07378,0.6186,23,0
month,2026-05,alpha101/alpha_088,-0.07844,0.6098,24,0
month,2026-05,qlib158/vsumn5,-0.07487,0.6079,25,0
month,2026-05,alpha101/alpha_002,-0.07837,0.6004,26,0
month,2026-05,qlib158/cntn5,-0.07955,0.5855,27,0
month,2026-05,alpha101/alpha_055,-0.08472,0.5777,28,0
month,2026-05,alpha101/alpha_044,-0.0813,0.574,29,0
month,2026-05,gtja191/alpha_090,-0.09059,0.5647,30,0
month,2026-05,qlib158/min10,-0.08863,0.5636,31,0
month,2026-05,qlib158/vma60,-0.08643,0.557,32,0
month,2026-05,qlib158/vsumn60,-0.09804,0.5166,33,0
month,2026-05,gtja191/alpha_048,-0.10435,0.5161,34,0
month,2026-05,qlib158/vsumn30,-0.10584,0.5136,35,0
month,2026-05,alpha101/alpha_026,-0.10366,0.5097,36,0
month,2026-05,qlib158/vsumn20,-0.10673,0.5025,37,0
month,2026-05,qlib158/ma10,-0.11391,0.4662,38,0
month,2026-06,gtja191/alpha_025,0.06637,0.7753,1,1
month,2026-06,alpha101/alpha_084,0.0164,0.7428,2,0
month,2026-06,gtja191/alpha_026,0.03454,0.7405,3,0
month,2026-06,alpha101/alpha_088,0.00138,0.7289,4,0
month,2026-06,gtja191/alpha_157,0.0155,0.7253,5,0
month,2026-06,gtja191/alpha_008,0.03456,0.7072,6,0
month,2026-06,gtja191/alpha_092,0.02006,0.7003,7,0
month,2026-06,gtja191/alpha_041,0.02616,0.6805,8,0
month,2026-06,alpha101/alpha_080,-0.00067,0.6762,9,0
month,2026-06,alpha101/alpha_069,0.03906,0.6761,10,0
month,2026-06,alpha101/alpha_027,-0.02271,0.6744,11,0
month,2026-06,gtja191/alpha_037,0.04253,0.6529,12,0
month,2026-06,gtja191/alpha_006,-0.03046,0.6436,13,0
month,2026-06,alpha101/alpha_002,-0.03609,0.6355,14,0
month,2026-06,gtja191/alpha_001,-0.02905,0.6308,15,0
month,2026-06,alpha101/alpha_026,-0.03566,0.624,16,0
month,2026-06,alpha101/alpha_024,-0.00924,0.6238,17,0
month,2026-06,qlib158/min10,-0.03594,0.6125,18,0
month,2026-06,alpha101/alpha_004,-0.04167,0.6044,19,0
month,2026-06,gtja191/alpha_090,-0.04176,0.5987,20,0
month,2026-06,gtja191/alpha_016,-0.05302,0.5923,21,0
month,2026-06,gtja191/alpha_048,-0.04516,0.5899,22,0
month,2026-06,gtja191/alpha_168,-0.05722,0.5865,23,0
month,2026-06,alpha101/alpha_023,-0.03208,0.5832,24,0
month,2026-06,alpha101/alpha_055,-0.05377,0.5777,25,0
month,2026-06,alpha101/alpha_019,-0.03685,0.5754,26,0
month,2026-06,qlib158/vsumn30,-0.06437,0.5641,27,0
month,2026-06,alpha101/alpha_015,-0.06193,0.559,28,0
month,2026-06,alpha101/alpha_044,-0.06194,0.5538,29,0
month,2026-06,qlib158/cntn5,-0.06025,0.5511,30,0
month,2026-06,alpha101/alpha_067,-0.07038,0.5334,31,0
month,2026-06,qlib158/vsumn5,-0.07222,0.5287,32,0
month,2026-06,qlib158/vsumn60,-0.0711,0.5224,33,0
month,2026-06,qlib158/ma10,-0.078,0.518,34,0
month,2026-06,qlib158/vma60,-0.07695,0.5133,35,0
month,2026-06,alpha101/alpha_016,-0.07646,0.509,36,0
month,2026-06,qlib158/vsumn20,-0.08289,0.4983,37,0
month,2026-06,qlib158/vma10,-0.09356,0.4855,38,0
quarter,2024-Q1,gtja191/alpha_025,0.04781,0.6773,1,1
quarter,2024-Q1,gtja191/alpha_006,0.04683,0.6758,2,0
quarter,2024-Q1,gtja191/alpha_026,0.04341,0.6749,3,0
quarter,2024-Q1,alpha101/alpha_027,0.04654,0.6731,4,0
quarter,2024-Q1,gtja191/alpha_092,0.03127,0.6485,5,0
quarter,2024-Q1,gtja191/alpha_157,0.03312,0.6475,6,0
quarter,2024-Q1,gtja191/alpha_008,0.0298,0.6335,7,0
quarter,2024-Q1,gtja191/alpha_016,0.01272,0.629,8,0
quarter,2024-Q1,gtja191/alpha_037,0.02726,0.6287,9,0
quarter,2024-Q1,alpha101/alpha_080,0.02293,0.6265,10,0
quarter,2024-Q1,gtja191/alpha_001,0.00875,0.6171,11,0
quarter,2024-Q1,alpha101/alpha_019,0.03859,0.6132,12,0
quarter,2024-Q1,alpha101/alpha_084,0.02006,0.6069,13,0
quarter,2024-Q1,gtja191/alpha_090,0.00493,0.6036,14,0
quarter,2024-Q1,qlib158/cntn5,0.0146,0.601,15,0
quarter,2024-Q1,alpha101/alpha_024,0.01711,0.6,16,0
quarter,2024-Q1,alpha101/alpha_002,0.00258,0.5945,17,0
quarter,2024-Q1,qlib158/vsumn30,-0.00269,0.5855,18,0
quarter,2024-Q1,alpha101/alpha_004,0.00919,0.5841,19,0
quarter,2024-Q1,alpha101/alpha_069,0.01265,0.5825,20,0
quarter,2024-Q1,qlib158/vsumn60,-0.00586,0.5786,21,0
quarter,2024-Q1,gtja191/alpha_041,0.01131,0.5779,22,0
quarter,2024-Q1,alpha101/alpha_026,-0.00622,0.5675,23,0
quarter,2024-Q1,alpha101/alpha_015,-0.00716,0.5674,24,0
quarter,2024-Q1,alpha101/alpha_044,-0.00917,0.5563,25,0
quarter,2024-Q1,alpha101/alpha_088,-0.00226,0.5558,26,0
quarter,2024-Q1,qlib158/vsumn20,-0.01278,0.5536,27,0
quarter,2024-Q1,alpha101/alpha_055,-0.00871,0.5535,28,0
quarter,2024-Q1,qlib158/min10,-0.00435,0.5517,29,0
quarter,2024-Q1,alpha101/alpha_067,-0.01318,0.5412,30,0
quarter,2024-Q1,alpha101/alpha_023,-0.01101,0.5402,31,0
quarter,2024-Q1,qlib158/ma10,-0.00079,0.5251,32,0
quarter,2024-Q1,qlib158/vsumn5,-0.02446,0.5121,33,0
quarter,2024-Q1,alpha101/alpha_016,-0.01649,0.5061,34,0
quarter,2024-Q1,qlib158/vma60,-0.02269,0.5045,35,0
quarter,2024-Q1,gtja191/alpha_048,-0.02343,0.5019,36,0
quarter,2024-Q1,gtja191/alpha_168,-0.02319,0.5011,37,0
quarter,2024-Q1,qlib158/vma10,-0.03078,0.4801,38,0
quarter,2024-Q2,gtja191/alpha_006,0.00515,0.6964,1,1
quarter,2024-Q2,alpha101/alpha_027,0.00134,0.6834,2,0
quarter,2024-Q2,alpha101/alpha_004,-0.01647,0.6071,3,0
quarter,2024-Q2,gtja191/alpha_016,-0.01624,0.5973,4,0
quarter,2024-Q2,alpha101/alpha_002,-0.01805,0.5965,5,0
quarter,2024-Q2,alpha101/alpha_044,-0.02096,0.5859,6,0
quarter,2024-Q2,alpha101/alpha_080,-0.02081,0.5833,7,0
quarter,2024-Q2,alpha101/alpha_024,-0.01592,0.5832,8,0
quarter,2024-Q2,alpha101/alpha_088,-0.02498,0.572,9,0
quarter,2024-Q2,alpha101/alpha_026,-0.02339,0.5686,10,0
quarter,2024-Q2,qlib158/vsumn60,-0.02341,0.5683,11,0
quarter,2024-Q2,qlib158/vma60,-0.02573,0.5655,12,0
quarter,2024-Q2,alpha101/alpha_023,-0.02526,0.5639,13,0
quarter,2024-Q2,gtja191/alpha_037,-0.02444,0.5637,14,0
quarter,2024-Q2,gtja191/alpha_092,-0.02378,0.5634,15,0
quarter,2024-Q2,alpha101/alpha_067,-0.02571,0.5616,16,0
quarter,2024-Q2,gtja191/alpha_001,-0.02247,0.5578,17,0
quarter,2024-Q2,qlib158/cntn5,-0.02433,0.5562,18,0
quarter,2024-Q2,gtja191/alpha_090,-0.02473,0.555,19,0
quarter,2024-Q2,alpha101/alpha_055,-0.02694,0.5548,20,0
quarter,2024-Q2,gtja191/alpha_026,-0.0271,0.5536,21,0
quarter,2024-Q2,alpha101/alpha_084,-0.02717,0.5535,22,0
quarter,2024-Q2,alpha101/alpha_015,-0.0281,0.5501,23,0
quarter,2024-Q2,qlib158/vsumn30,-0.02879,0.5492,24,0
quarter,2024-Q2,gtja191/alpha_008,-0.02747,0.549,25,0
quarter,2024-Q2,gtja191/alpha_157,-0.02847,0.5456,26,0
quarter,2024-Q2,qlib158/min10,-0.03031,0.5343,27,0
quarter,2024-Q2,gtja191/alpha_025,-0.03155,0.533,28,0
quarter,2024-Q2,qlib158/vsumn20,-0.03367,0.5276,29,0
quarter,2024-Q2,gtja191/alpha_048,-0.03338,0.5213,30,0
quarter,2024-Q2,qlib158/vsumn5,-0.03469,0.5141,31,0
quarter,2024-Q2,gtja191/alpha_168,-0.04247,0.4936,32,0
quarter,2024-Q2,alpha101/alpha_069,-0.04114,0.488,33,0
quarter,2024-Q2,qlib158/vma10,-0.04405,0.479,34,0
quarter,2024-Q2,qlib158/ma10,-0.03973,0.4619,35,0
quarter,2024-Q2,alpha101/alpha_016,-0.04087,0.4512,36,0
quarter,2024-Q2,gtja191/alpha_041,-0.05013,0.4471,37,0
quarter,2024-Q2,alpha101/alpha_019,-0.0539,0.4299,38,0
quarter,2024-Q3,gtja191/alpha_168,0.13374,0.7043,1,1
quarter,2024-Q3,qlib158/vma10,0.12254,0.6972,2,0
quarter,2024-Q3,qlib158/vsumn30,0.09138,0.6345,3,0
quarter,2024-Q3,alpha101/alpha_044,0.08254,0.5778,4,0
quarter,2024-Q3,qlib158/vsumn20,0.0818,0.5766,5,0
quarter,2024-Q3,qlib158/vma60,0.08666,0.5745,6,0
quarter,2024-Q3,qlib158/vsumn5,0.08468,0.5738,7,0
quarter,2024-Q3,gtja191/alpha_048,0.07812,0.5688,8,0
quarter,2024-Q3,gtja191/alpha_090,0.0773,0.5669,9,0
quarter,2024-Q3,qlib158/ma10,0.09002,0.5654,10,0
quarter,2024-Q3,qlib158/vsumn60,0.07253,0.5601,11,0
quarter,2024-Q3,alpha101/alpha_055,0.06951,0.5513,12,0
quarter,2024-Q3,alpha101/alpha_015,0.06898,0.5464,13,0
quarter,2024-Q3,gtja191/alpha_016,0.07262,0.5459,14,0
quarter,2024-Q3,alpha101/alpha_002,0.06936,0.544,15,0
quarter,2024-Q3,gtja191/alpha_157,0.08089,0.5418,16,0
quarter,2024-Q3,gtja191/alpha_001,0.0672,0.5411,17,0
quarter,2024-Q3,gtja191/alpha_025,0.08317,0.5406,18,0
quarter,2024-Q3,alpha101/alpha_067,0.07069,0.5339,19,0
quarter,2024-Q3,qlib158/min10,0.07188,0.5336,20,0
quarter,2024-Q3,alpha101/alpha_016,0.08555,0.5325,21,0
quarter,2024-Q3,alpha101/alpha_069,0.07832,0.53,22,0
quarter,2024-Q3,alpha101/alpha_019,0.09811,0.5276,23,0
quarter,2024-Q3,gtja191/alpha_008,0.0702,0.5154,24,0
quarter,2024-Q3,gtja191/alpha_041,0.07829,0.5145,25,0
quarter,2024-Q3,alpha101/alpha_026,0.05807,0.5055,26,0
quarter,2024-Q3,alpha101/alpha_088,0.06223,0.5052,27,0
quarter,2024-Q3,alpha101/alpha_084,0.06419,0.5018,28,0
quarter,2024-Q3,gtja191/alpha_026,0.06587,0.5011,29,0
quarter,2024-Q3,alpha101/alpha_080,0.05691,0.4838,30,0
quarter,2024-Q3,alpha101/alpha_024,0.0597,0.4669,31,0
quarter,2024-Q3,gtja191/alpha_037,0.056,0.4602,32,0
quarter,2024-Q3,gtja191/alpha_092,0.04668,0.4486,33,0
quarter,2024-Q3,qlib158/cntn5,0.04586,0.4476,34,0
quarter,2024-Q3,alpha101/alpha_004,0.03842,0.4273,35,0
quarter,2024-Q3,alpha101/alpha_023,0.04954,0.3995,36,0
quarter,2024-Q3,gtja191/alpha_006,0.03079,0.3919,37,0
quarter,2024-Q3,alpha101/alpha_027,0.01744,0.3557,38,0
quarter,2024-Q4,alpha101/alpha_026,0.04433,0.6561,1,1
quarter,2024-Q4,gtja191/alpha_016,0.02507,0.6326,2,0
quarter,2024-Q4,qlib158/vsumn20,0.0268,0.6276,3,0
quarter,2024-Q4,gtja191/alpha_001,0.02234,0.6247,4,0
quarter,2024-Q4,alpha101/alpha_015,0.02439,0.6229,5,0
quarter,2024-Q4,qlib158/vsumn30,0.02414,0.611,6,0
quarter,2024-Q4,qlib158/vsumn60,0.02196,0.6098,7,0
quarter,2024-Q4,alpha101/alpha_044,0.02163,0.6096,8,0
quarter,2024-Q4,alpha101/alpha_088,0.01994,0.6048,9,0
quarter,2024-Q4,alpha101/alpha_055,0.01684,0.6015,10,0
quarter,2024-Q4,gtja191/alpha_090,0.01507,0.5983,11,0
quarter,2024-Q4,alpha101/alpha_002,0.01648,0.591,12,0
quarter,2024-Q4,alpha101/alpha_069,0.01589,0.578,13,0
quarter,2024-Q4,qlib158/vma60,0.02603,0.5667,14,0
quarter,2024-Q4,qlib158/vsumn5,0.0107,0.5629,15,0
quarter,2024-Q4,qlib158/min10,0.01331,0.5564,16,0
quarter,2024-Q4,gtja191/alpha_048,0.01333,0.5556,17,0
quarter,2024-Q4,alpha101/alpha_067,0.00738,0.5541,18,0
quarter,2024-Q4,alpha101/alpha_004,0.00829,0.5534,19,0
quarter,2024-Q4,gtja191/alpha_168,0.01887,0.5439,20,0
quarter,2024-Q4,gtja191/alpha_041,0.01445,0.5397,21,0
quarter,2024-Q4,alpha101/alpha_027,0.00247,0.5393,22,0
quarter,2024-Q4,gtja191/alpha_157,0.00859,0.5377,23,0
quarter,2024-Q4,gtja191/alpha_092,-0.0,0.5329,24,0
quarter,2024-Q4,alpha101/alpha_080,-0.0011,0.5247,25,0
quarter,2024-Q4,qlib158/vma10,0.01569,0.5239,26,0
quarter,2024-Q4,qlib158/cntn5,-0.00136,0.5178,27,0
quarter,2024-Q4,gtja191/alpha_006,-0.00337,0.5135,28,0
quarter,2024-Q4,gtja191/alpha_037,-0.01211,0.4757,29,0
quarter,2024-Q4,alpha101/alpha_084,-0.01323,0.4625,30,0
quarter,2024-Q4,alpha101/alpha_023,-0.01284,0.4579,31,0
quarter,2024-Q4,gtja191/alpha_026,-0.0157,0.4535,32,0
quarter,2024-Q4,qlib158/ma10,-0.00976,0.4463,33,0
quarter,2024-Q4,gtja191/alpha_025,-0.01974,0.4382,34,0
quarter,2024-Q4,gtja191/alpha_008,-0.0206,0.429,35,0
quarter,2024-Q4,alpha101/alpha_024,-0.03168,0.404,36,0
quarter,2024-Q4,alpha101/alpha_016,-0.02445,0.4028,37,0
quarter,2024-Q4,alpha101/alpha_019,-0.02301,0.4025,38,0
quarter,2025-Q1,qlib158/vsumn20,0.03858,0.6353,1,1
quarter,2025-Q1,alpha101/alpha_055,0.03588,0.6329,2,0
quarter,2025-Q1,gtja191/alpha_090,0.03247,0.6308,3,0
quarter,2025-Q1,alpha101/alpha_044,0.03379,0.6301,4,0
quarter,2025-Q1,qlib158/vsumn30,0.03075,0.6293,5,0
quarter,2025-Q1,qlib158/vsumn60,0.02813,0.6141,6,0
quarter,2025-Q1,gtja191/alpha_016,0.02913,0.6121,7,0
quarter,2025-Q1,alpha101/alpha_026,0.02861,0.6106,8,0
quarter,2025-Q1,alpha101/alpha_002,0.02627,0.5982,9,0
quarter,2025-Q1,alpha101/alpha_015,0.02165,0.5865,10,0
quarter,2025-Q1,gtja191/alpha_001,0.02512,0.5797,11,0
quarter,2025-Q1,qlib158/vsumn5,0.02217,0.5742,12,0
quarter,2025-Q1,alpha101/alpha_067,0.016,0.5457,13,0
quarter,2025-Q1,qlib158/vma10,0.01936,0.5419,14,0
quarter,2025-Q1,gtja191/alpha_168,0.01381,0.5338,15,0
quarter,2025-Q1,alpha101/alpha_088,0.01359,0.5312,16,0
quarter,2025-Q1,alpha101/alpha_080,0.01314,0.5282,17,0
quarter,2025-Q1,qlib158/vma60,0.00813,0.5227,18,0
quarter,2025-Q1,alpha101/alpha_004,0.01228,0.5204,19,0
quarter,2025-Q1,qlib158/min10,0.00902,0.5162,20,0
quarter,2025-Q1,gtja191/alpha_041,0.00887,0.5101,21,0
quarter,2025-Q1,gtja191/alpha_157,0.00397,0.5082,22,0
quarter,2025-Q1,alpha101/alpha_016,0.00937,0.5076,23,0
quarter,2025-Q1,alpha101/alpha_069,0.00524,0.5046,24,0
quarter,2025-Q1,gtja191/alpha_048,0.00303,0.5003,25,0
quarter,2025-Q1,gtja191/alpha_006,0.00801,0.4988,26,0
quarter,2025-Q1,qlib158/cntn5,0.00367,0.4963,27,0
quarter,2025-Q1,gtja191/alpha_092,0.00058,0.4935,28,0
quarter,2025-Q1,alpha101/alpha_027,0.00417,0.4792,29,0
quarter,2025-Q1,gtja191/alpha_025,-0.00252,0.4769,30,0
quarter,2025-Q1,qlib158/ma10,-0.01268,0.442,31,0
quarter,2025-Q1,alpha101/alpha_084,-0.01113,0.4353,32,0
quarter,2025-Q1,gtja191/alpha_026,-0.01506,0.424,33,0
quarter,2025-Q1,gtja191/alpha_008,-0.01748,0.4143,34,0
quarter,2025-Q1,gtja191/alpha_037,-0.02253,0.3942,35,0
quarter,2025-Q1,alpha101/alpha_024,-0.02436,0.3881,36,0
quarter,2025-Q1,alpha101/alpha_023,-0.03307,0.3563,37,0
quarter,2025-Q1,alpha101/alpha_019,-0.05956,0.2562,38,0
quarter,2025-Q2,alpha101/alpha_055,0.0749,0.6442,1,1
quarter,2025-Q2,qlib158/vsumn20,0.07602,0.6408,2,0
quarter,2025-Q2,qlib158/vsumn60,0.06902,0.6404,3,0
quarter,2025-Q2,gtja191/alpha_168,0.07907,0.6368,4,0
quarter,2025-Q2,alpha101/alpha_002,0.06588,0.6182,5,0
quarter,2025-Q2,qlib158/vsumn30,0.07169,0.6161,6,0
quarter,2025-Q2,gtja191/alpha_016,0.06107,0.6128,7,0
quarter,2025-Q2,qlib158/vma10,0.0713,0.611,8,0
quarter,2025-Q2,alpha101/alpha_044,0.05948,0.5964,9,0
quarter,2025-Q2,gtja191/alpha_090,0.06001,0.5955,10,0
quarter,2025-Q2,alpha101/alpha_015,0.05712,0.5862,11,0
quarter,2025-Q2,alpha101/alpha_026,0.05355,0.5734,12,0
quarter,2025-Q2,qlib158/ma10,0.06348,0.567,13,0
quarter,2025-Q2,alpha101/alpha_016,0.06116,0.5633,14,0
quarter,2025-Q2,gtja191/alpha_001,0.056,0.5596,15,0
quarter,2025-Q2,qlib158/vma60,0.05568,0.5547,16,0
quarter,2025-Q2,gtja191/alpha_048,0.05422,0.5491,17,0
quarter,2025-Q2,alpha101/alpha_019,0.04967,0.532,18,0
quarter,2025-Q2,qlib158/vsumn5,0.04284,0.5093,19,0
quarter,2025-Q2,alpha101/alpha_069,0.04787,0.5074,20,0
quarter,2025-Q2,alpha101/alpha_067,0.04326,0.5013,21,0
quarter,2025-Q2,qlib158/min10,0.04101,0.4924,22,0
quarter,2025-Q2,alpha101/alpha_004,0.03775,0.4904,23,0
quarter,2025-Q2,alpha101/alpha_080,0.03534,0.4823,24,0
quarter,2025-Q2,gtja191/alpha_037,0.03811,0.4811,25,0
quarter,2025-Q2,alpha101/alpha_088,0.03446,0.475,26,0
quarter,2025-Q2,gtja191/alpha_092,0.0304,0.4512,27,0
quarter,2025-Q2,gtja191/alpha_157,0.03337,0.4471,28,0
quarter,2025-Q2,qlib158/cntn5,0.03292,0.444,29,0
quarter,2025-Q2,gtja191/alpha_041,0.03013,0.4409,30,0
quarter,2025-Q2,alpha101/alpha_023,0.02974,0.4389,31,0
quarter,2025-Q2,gtja191/alpha_025,0.02711,0.4389,32,0
quarter,2025-Q2,alpha101/alpha_027,0.02505,0.4381,33,0
quarter,2025-Q2,gtja191/alpha_006,0.025,0.4328,34,0
quarter,2025-Q2,gtja191/alpha_008,0.0207,0.4094,35,0
quarter,2025-Q2,alpha101/alpha_024,0.02081,0.4072,36,0
quarter,2025-Q2,gtja191/alpha_026,0.0205,0.4054,37,0
quarter,2025-Q2,alpha101/alpha_084,0.02357,0.4024,38,0
quarter,2025-Q3,gtja191/alpha_037,0.08136,0.687,1,1
quarter,2025-Q3,alpha101/alpha_023,0.07372,0.6552,2,0
quarter,2025-Q3,gtja191/alpha_026,0.0603,0.6356,3,0
quarter,2025-Q3,gtja191/alpha_016,0.04749,0.6306,4,0
quarter,2025-Q3,alpha101/alpha_024,0.05891,0.6247,5,0
quarter,2025-Q3,gtja191/alpha_008,0.06213,0.6246,6,0
quarter,2025-Q3,gtja191/alpha_092,0.05246,0.624,7,0
quarter,2025-Q3,alpha101/alpha_015,0.04419,0.623,8,0
quarter,2025-Q3,gtja191/alpha_090,0.04503,0.6213,9,0
quarter,2025-Q3,qlib158/vsumn20,0.04241,0.6156,10,0
quarter,2025-Q3,alpha101/alpha_002,0.04623,0.612,11,0
quarter,2025-Q3,alpha101/alpha_055,0.03997,0.6113,12,0
quarter,2025-Q3,alpha101/alpha_084,0.05404,0.6083,13,0
quarter,2025-Q3,qlib158/vsumn30,0.0394,0.6077,14,0
quarter,2025-Q3,alpha101/alpha_026,0.03868,0.6073,15,0
quarter,2025-Q3,alpha101/alpha_044,0.04213,0.5995,16,0
quarter,2025-Q3,gtja191/alpha_041,0.04321,0.5964,17,0
quarter,2025-Q3,gtja191/alpha_001,0.03632,0.5917,18,0
quarter,2025-Q3,qlib158/vma10,0.04295,0.5865,19,0
quarter,2025-Q3,gtja191/alpha_025,0.046,0.5719,20,0
quarter,2025-Q3,qlib158/cntn5,0.03157,0.5719,21,0
quarter,2025-Q3,qlib158/vsumn5,0.0347,0.5719,22,0
quarter,2025-Q3,alpha101/alpha_069,0.0392,0.5716,23,0
quarter,2025-Q3,gtja191/alpha_048,0.0348,0.569,24,0
quarter,2025-Q3,gtja191/alpha_168,0.03614,0.5684,25,0
quarter,2025-Q3,gtja191/alpha_157,0.03522,0.5603,26,0
quarter,2025-Q3,qlib158/vsumn60,0.02624,0.5521,27,0
quarter,2025-Q3,alpha101/alpha_016,0.03603,0.5508,28,0
quarter,2025-Q3,qlib158/min10,0.02802,0.5454,29,0
quarter,2025-Q3,alpha101/alpha_067,0.02533,0.5348,30,0
quarter,2025-Q3,alpha101/alpha_019,0.03629,0.5309,31,0
quarter,2025-Q3,qlib158/vma60,0.02154,0.5213,32,0
quarter,2025-Q3,alpha101/alpha_080,0.02259,0.5206,33,0
quarter,2025-Q3,alpha101/alpha_088,0.01879,0.5156,34,0
quarter,2025-Q3,qlib158/ma10,0.01806,0.4855,35,0
quarter,2025-Q3,alpha101/alpha_004,0.0123,0.4763,36,0
quarter,2025-Q3,gtja191/alpha_006,0.00205,0.4265,37,0
quarter,2025-Q3,alpha101/alpha_027,-0.0002,0.423,38,0
quarter,2025-Q4,alpha101/alpha_016,0.0718,0.6489,1,1
quarter,2025-Q4,alpha101/alpha_026,0.04546,0.6275,2,0
quarter,2025-Q4,gtja191/alpha_037,0.04723,0.6231,3,0
quarter,2025-Q4,qlib158/vsumn20,0.03874,0.6147,4,0
quarter,2025-Q4,qlib158/vma10,0.05077,0.6109,5,0
quarter,2025-Q4,gtja191/alpha_048,0.03973,0.6091,6,0
quarter,2025-Q4,qlib158/vma60,0.0445,0.6006,7,0
quarter,2025-Q4,qlib158/vsumn30,0.03245,0.5985,8,0
quarter,2025-Q4,alpha101/alpha_044,0.03646,0.5973,9,0
quarter,2025-Q4,gtja191/alpha_168,0.04462,0.5968,10,0
quarter,2025-Q4,qlib158/vsumn60,0.03543,0.5935,11,0
quarter,2025-Q4,gtja191/alpha_090,0.03208,0.5767,12,0
quarter,2025-Q4,alpha101/alpha_055,0.02841,0.5701,13,0
quarter,2025-Q4,gtja191/alpha_001,0.02947,0.5689,14,0
quarter,2025-Q4,gtja191/alpha_157,0.03013,0.5671,15,0
quarter,2025-Q4,alpha101/alpha_067,0.03217,0.562,16,0
quarter,2025-Q4,gtja191/alpha_025,0.03072,0.5601,17,0
quarter,2025-Q4,gtja191/alpha_016,0.02822,0.558,18,0
quarter,2025-Q4,gtja191/alpha_041,0.02838,0.5563,19,0
quarter,2025-Q4,gtja191/alpha_092,0.02758,0.5498,20,0
quarter,2025-Q4,alpha101/alpha_002,0.02348,0.5489,21,0
quarter,2025-Q4,alpha101/alpha_069,0.02504,0.5425,22,0
quarter,2025-Q4,gtja191/alpha_026,0.02703,0.5397,23,0
quarter,2025-Q4,alpha101/alpha_023,0.03069,0.5359,24,0
quarter,2025-Q4,alpha101/alpha_024,0.02599,0.5342,25,0
quarter,2025-Q4,gtja191/alpha_008,0.02435,0.5307,26,0
quarter,2025-Q4,alpha101/alpha_080,0.01837,0.5278,27,0
quarter,2025-Q4,alpha101/alpha_015,0.01807,0.5221,28,0
quarter,2025-Q4,qlib158/ma10,0.018,0.5193,29,0
quarter,2025-Q4,alpha101/alpha_019,0.01831,0.5177,30,0
quarter,2025-Q4,alpha101/alpha_088,0.01112,0.499,31,0
quarter,2025-Q4,qlib158/min10,0.01205,0.4985,32,0
quarter,2025-Q4,alpha101/alpha_084,0.01474,0.4975,33,0
quarter,2025-Q4,qlib158/cntn5,0.01015,0.4931,34,0
quarter,2025-Q4,alpha101/alpha_004,0.00931,0.4895,35,0
quarter,2025-Q4,qlib158/vsumn5,0.00872,0.4733,36,0
quarter,2025-Q4,gtja191/alpha_006,-0.0073,0.4142,37,0
quarter,2025-Q4,alpha101/alpha_027,-0.01167,0.3823,38,0
quarter,2026-Q1,gtja191/alpha_025,0.02046,0.6511,1,1
quarter,2026-Q1,alpha101/alpha_015,0.00816,0.6354,2,0
quarter,2026-Q1,alpha101/alpha_024,0.01452,0.6163,3,0
quarter,2026-Q1,gtja191/alpha_026,0.0095,0.6134,4,0
quarter,2026-Q1,alpha101/alpha_080,0.00532,0.6124,5,0
quarter,2026-Q1,gtja191/alpha_090,-0.00025,0.6032,6,0
quarter,2026-Q1,alpha101/alpha_002,-0.00227,0.5958,7,0
quarter,2026-Q1,qlib158/vsumn60,-0.00287,0.5929,8,0
quarter,2026-Q1,alpha101/alpha_026,-0.0015,0.5928,9,0
quarter,2026-Q1,alpha101/alpha_055,-0.00244,0.5918,10,0
quarter,2026-Q1,gtja191/alpha_037,0.00724,0.591,11,0
quarter,2026-Q1,alpha101/alpha_044,-0.00226,0.5895,12,0
quarter,2026-Q1,gtja191/alpha_048,-0.00046,0.5893,13,0
quarter,2026-Q1,alpha101/alpha_004,-0.00219,0.5835,14,0
quarter,2026-Q1,qlib158/min10,-0.00468,0.5771,15,0
quarter,2026-Q1,alpha101/alpha_069,0.00174,0.5743,16,0
quarter,2026-Q1,gtja191/alpha_001,-0.00596,0.5731,17,0
quarter,2026-Q1,alpha101/alpha_027,-0.00433,0.573,18,0
quarter,2026-Q1,gtja191/alpha_008,-0.00147,0.5718,19,0
quarter,2026-Q1,alpha101/alpha_067,-0.00684,0.5711,20,0
quarter,2026-Q1,qlib158/vsumn20,-0.00826,0.5705,21,0
quarter,2026-Q1,gtja191/alpha_016,-0.00719,0.5682,22,0
quarter,2026-Q1,alpha101/alpha_023,0.00431,0.5669,23,0
quarter,2026-Q1,alpha101/alpha_088,-0.01011,0.5657,24,0
quarter,2026-Q1,alpha101/alpha_084,-0.00707,0.5651,25,0
quarter,2026-Q1,qlib158/cntn5,-0.01127,0.5548,26,0
quarter,2026-Q1,gtja191/alpha_041,-0.00461,0.5538,27,0
quarter,2026-Q1,gtja191/alpha_092,-0.00781,0.5522,28,0
quarter,2026-Q1,gtja191/alpha_006,-0.01066,0.5461,29,0
quarter,2026-Q1,qlib158/vsumn30,-0.01388,0.5445,30,0
quarter,2026-Q1,gtja191/alpha_157,-0.00774,0.5423,31,0
quarter,2026-Q1,alpha101/alpha_019,0.00597,0.5405,32,0
quarter,2026-Q1,qlib158/vsumn5,-0.01826,0.5168,33,0
quarter,2026-Q1,qlib158/vma60,-0.02025,0.511,34,0
quarter,2026-Q1,qlib158/vma10,-0.01986,0.5048,35,0
quarter,2026-Q1,gtja191/alpha_168,-0.02237,0.502,36,0
quarter,2026-Q1,alpha101/alpha_016,-0.01996,0.5006,37,0
quarter,2026-Q1,qlib158/ma10,-0.02619,0.465,38,0
quarter,2026-Q2,gtja191/alpha_037,0.09373,0.7338,1,1
quarter,2026-Q2,alpha101/alpha_024,0.06671,0.7081,2,0
quarter,2026-Q2,alpha101/alpha_019,0.05594,0.7046,3,0
quarter,2026-Q2,alpha101/alpha_023,0.06076,0.6973,4,0
quarter,2026-Q2,gtja191/alpha_008,0.04603,0.6848,5,0
quarter,2026-Q2,gtja191/alpha_025,0.04189,0.6843,6,0
quarter,2026-Q2,gtja191/alpha_026,0.04314,0.6787,7,0
quarter,2026-Q2,gtja191/alpha_041,0.03231,0.6748,8,0
quarter,2026-Q2,gtja191/alpha_092,0.02239,0.6675,9,0
quarter,2026-Q2,alpha101/alpha_069,0.03031,0.6633,10,0
quarter,2026-Q2,alpha101/alpha_084,0.00045,0.6377,11,0
quarter,2026-Q2,alpha101/alpha_067,-0.01522,0.6158,12,0
quarter,2026-Q2,alpha101/alpha_015,-0.01611,0.6134,13,0
quarter,2026-Q2,gtja191/alpha_157,-0.00862,0.6091,14,0
quarter,2026-Q2,alpha101/alpha_016,-0.01174,0.6077,15,0
quarter,2026-Q2,alpha101/alpha_002,-0.02396,0.5993,16,0
quarter,2026-Q2,alpha101/alpha_027,-0.02245,0.5988,17,0
quarter,2026-Q2,gtja191/alpha_001,-0.02031,0.5979,18,0
quarter,2026-Q2,alpha101/alpha_088,-0.0246,0.5939,19,0
quarter,2026-Q2,gtja191/alpha_016,-0.02733,0.5935,20,0
quarter,2026-Q2,gtja191/alpha_168,-0.02311,0.586,21,0
quarter,2026-Q2,gtja191/alpha_006,-0.0265,0.5845,22,0
quarter,2026-Q2,alpha101/alpha_055,-0.02683,0.5831,23,0
quarter,2026-Q2,alpha101/alpha_080,-0.02347,0.58,24,0
quarter,2026-Q2,alpha101/alpha_026,-0.0293,0.5747,25,0
quarter,2026-Q2,gtja191/alpha_090,-0.03109,0.5698,26,0
quarter,2026-Q2,alpha101/alpha_044,-0.03152,0.5658,27,0
quarter,2026-Q2,alpha101/alpha_004,-0.03396,0.5634,28,0
quarter,2026-Q2,qlib158/vma10,-0.02752,0.5611,29,0
quarter,2026-Q2,qlib158/vsumn60,-0.04157,0.5378,30,0
quarter,2026-Q2,qlib158/min10,-0.04052,0.5373,31,0
quarter,2026-Q2,qlib158/vma60,-0.04166,0.5337,32,0
quarter,2026-Q2,gtja191/alpha_048,-0.04338,0.531,33,0
quarter,2026-Q2,qlib158/vsumn5,-0.04523,0.5295,34,0
quarter,2026-Q2,qlib158/cntn5,-0.0474,0.5201,35,0
quarter,2026-Q2,qlib158/vsumn30,-0.05363,0.5117,36,0
quarter,2026-Q2,qlib158/vsumn20,-0.0549,0.5046,37,0
quarter,2026-Q2,qlib158/ma10,-0.05286,0.4969,38,0
half,2024-H1,gtja191/alpha_006,0.02581,0.6862,1,1
half,2024-H1,alpha101/alpha_027,0.02375,0.6783,2,0
half,2024-H1,gtja191/alpha_026,0.00786,0.6137,3,0
half,2024-H1,gtja191/alpha_016,-0.00188,0.613,4,0
half,2024-H1,gtja191/alpha_092,0.00351,0.6056,5,0
half,2024-H1,alpha101/alpha_080,0.00087,0.6047,6,0
half,2024-H1,gtja191/alpha_025,0.00779,0.6045,7,0
half,2024-H1,gtja191/alpha_157,0.00206,0.5961,8,0
half,2024-H1,gtja191/alpha_037,0.00119,0.5959,9,0
half,2024-H1,alpha101/alpha_004,-0.00375,0.5957,10,0
half,2024-H1,alpha101/alpha_002,-0.00782,0.5955,11,0
half,2024-H1,alpha101/alpha_024,0.00045,0.5915,12,0
half,2024-H1,gtja191/alpha_008,0.00092,0.5909,13,0
half,2024-H1,gtja191/alpha_001,-0.00699,0.5872,14,0
half,2024-H1,alpha101/alpha_084,-0.00375,0.5799,15,0
half,2024-H1,gtja191/alpha_090,-0.01002,0.5791,16,0
half,2024-H1,qlib158/cntn5,-0.00503,0.5784,17,0
half,2024-H1,qlib158/vsumn60,-0.01471,0.5734,18,0
half,2024-H1,alpha101/alpha_044,-0.01511,0.5712,19,0
half,2024-H1,alpha101/alpha_026,-0.01488,0.5681,20,0
half,2024-H1,qlib158/vsumn30,-0.01585,0.5672,21,0
half,2024-H1,alpha101/alpha_088,-0.01371,0.564,22,0
half,2024-H1,alpha101/alpha_015,-0.01772,0.5587,23,0
half,2024-H1,alpha101/alpha_055,-0.0179,0.5542,24,0
half,2024-H1,alpha101/alpha_023,-0.0182,0.5522,25,0
half,2024-H1,alpha101/alpha_067,-0.0195,0.5515,26,0
half,2024-H1,qlib158/min10,-0.01744,0.5429,27,0
half,2024-H1,qlib158/vsumn20,-0.02331,0.5405,28,0
half,2024-H1,qlib158/vma60,-0.02422,0.5353,29,0
half,2024-H1,alpha101/alpha_069,-0.01448,0.5348,30,0
half,2024-H1,alpha101/alpha_019,-0.00805,0.5208,31,0
half,2024-H1,qlib158/vsumn5,-0.02962,0.5131,32,0
half,2024-H1,gtja191/alpha_041,-0.01967,0.5119,33,0
half,2024-H1,gtja191/alpha_048,-0.02845,0.5117,34,0
half,2024-H1,gtja191/alpha_168,-0.03291,0.4974,35,0
half,2024-H1,qlib158/ma10,-0.02043,0.4932,36,0
half,2024-H1,qlib158/vma10,-0.03747,0.4795,37,0
half,2024-H1,alpha101/alpha_016,-0.02879,0.4784,38,0
half,2024-H2,gtja191/alpha_168,0.07768,0.626,1,1
half,2024-H2,qlib158/vsumn30,0.05857,0.623,2,0
half,2024-H2,qlib158/vma10,0.0704,0.6126,3,0
half,2024-H2,qlib158/vsumn20,0.05496,0.6015,4,0
half,2024-H2,alpha101/alpha_044,0.05281,0.5933,5,0
half,2024-H2,gtja191/alpha_016,0.04942,0.5882,6,0
half,2024-H2,qlib158/vsumn60,0.04786,0.5843,7,0
half,2024-H2,alpha101/alpha_015,0.04722,0.5837,8,0
half,2024-H2,gtja191/alpha_090,0.04693,0.5822,9,0
half,2024-H2,gtja191/alpha_001,0.04531,0.5819,10,0
half,2024-H2,alpha101/alpha_026,0.05136,0.579,11,0
half,2024-H2,alpha101/alpha_055,0.04381,0.5758,12,0
half,2024-H2,qlib158/vma60,0.05707,0.5707,13,0
half,2024-H2,qlib158/vsumn5,0.04858,0.5685,14,0
half,2024-H2,alpha101/alpha_002,0.04355,0.5669,15,0
half,2024-H2,gtja191/alpha_048,0.0465,0.5623,16,0
half,2024-H2,alpha101/alpha_088,0.04159,0.5538,17,0
half,2024-H2,alpha101/alpha_069,0.04785,0.5534,18,0
half,2024-H2,qlib158/min10,0.0433,0.5447,19,0
half,2024-H2,alpha101/alpha_067,0.0398,0.5438,20,0
half,2024-H2,gtja191/alpha_157,0.04561,0.5398,21,0
half,2024-H2,gtja191/alpha_041,0.04714,0.5268,22,0
half,2024-H2,qlib158/ma10,0.04133,0.5073,23,0
half,2024-H2,alpha101/alpha_080,0.0286,0.5037,24,0
half,2024-H2,gtja191/alpha_025,0.03295,0.4906,25,0
half,2024-H2,gtja191/alpha_092,0.0239,0.4897,26,0
half,2024-H2,alpha101/alpha_004,0.02372,0.4888,27,0
half,2024-H2,alpha101/alpha_084,0.02641,0.4826,28,0
half,2024-H2,qlib158/cntn5,0.02281,0.4819,29,0
half,2024-H2,gtja191/alpha_026,0.02606,0.4779,30,0
half,2024-H2,gtja191/alpha_008,0.02589,0.4732,31,0
half,2024-H2,alpha101/alpha_016,0.03187,0.4692,32,0
half,2024-H2,gtja191/alpha_037,0.02276,0.4678,33,0
half,2024-H2,alpha101/alpha_019,0.03901,0.4666,34,0
half,2024-H2,gtja191/alpha_006,0.01412,0.4513,35,0
half,2024-H2,alpha101/alpha_027,0.01013,0.4453,36,0
half,2024-H2,alpha101/alpha_024,0.01511,0.4363,37,0
half,2024-H2,alpha101/alpha_023,0.0191,0.428,38,0
half,2025-H1,alpha101/alpha_055,0.05589,0.6387,1,1
half,2025-H1,qlib158/vsumn20,0.05778,0.6381,2,0
half,2025-H1,qlib158/vsumn60,0.0491,0.6276,3,0
half,2025-H1,qlib158/vsumn30,0.05174,0.6225,4,0
half,2025-H1,alpha101/alpha_044,0.04696,0.6128,5,0
half,2025-H1,gtja191/alpha_090,0.04659,0.6127,6,0
half,2025-H1,gtja191/alpha_016,0.04551,0.6125,7,0
half,2025-H1,alpha101/alpha_002,0.04658,0.6085,8,0
half,2025-H1,alpha101/alpha_026,0.0414,0.5915,9,0
half,2025-H1,gtja191/alpha_168,0.04727,0.5866,10,0
half,2025-H1,alpha101/alpha_015,0.03984,0.5864,11,0
half,2025-H1,qlib158/vma10,0.046,0.5774,12,0
half,2025-H1,gtja191/alpha_001,0.04095,0.5694,13,0
half,2025-H1,qlib158/vsumn5,0.03277,0.5409,14,0
half,2025-H1,qlib158/vma60,0.03252,0.5391,15,0
half,2025-H1,alpha101/alpha_016,0.03593,0.5362,16,0
half,2025-H1,gtja191/alpha_048,0.02928,0.5253,17,0
half,2025-H1,alpha101/alpha_067,0.02998,0.5229,18,0
half,2025-H1,qlib158/ma10,0.02638,0.5061,19,0
half,2025-H1,alpha101/alpha_069,0.0271,0.506,20,0
half,2025-H1,alpha101/alpha_004,0.02534,0.505,21,0
half,2025-H1,alpha101/alpha_080,0.02452,0.5047,22,0
half,2025-H1,qlib158/min10,0.02543,0.504,23,0
half,2025-H1,alpha101/alpha_088,0.02429,0.5024,24,0
half,2025-H1,gtja191/alpha_157,0.01905,0.4769,25,0
half,2025-H1,gtja191/alpha_041,0.01977,0.4746,26,0
half,2025-H1,gtja191/alpha_092,0.01587,0.4718,27,0
half,2025-H1,qlib158/cntn5,0.01867,0.4695,28,0
half,2025-H1,gtja191/alpha_006,0.01672,0.4649,29,0
half,2025-H1,alpha101/alpha_027,0.01488,0.4581,30,0
half,2025-H1,gtja191/alpha_025,0.01267,0.4574,31,0
half,2025-H1,gtja191/alpha_037,0.00857,0.4388,32,0
half,2025-H1,alpha101/alpha_084,0.00666,0.4184,33,0
half,2025-H1,gtja191/alpha_026,0.00318,0.4145,34,0
half,2025-H1,gtja191/alpha_008,0.0021,0.4118,35,0
half,2025-H1,alpha101/alpha_023,-0.00086,0.3986,36,0
half,2025-H1,alpha101/alpha_024,-0.0012,0.3979,37,0
half,2025-H1,alpha101/alpha_019,-0.00355,0.3976,38,0
half,2025-H2,gtja191/alpha_037,0.0651,0.6566,1,1
half,2025-H2,alpha101/alpha_026,0.04191,0.6169,2,0
half,2025-H2,qlib158/vsumn20,0.04066,0.6152,3,0
half,2025-H2,qlib158/vsumn30,0.03609,0.6033,4,0
half,2025-H2,gtja191/alpha_090,0.03887,0.6,5,0
half,2025-H2,alpha101/alpha_023,0.05323,0.5984,6,0
half,2025-H2,alpha101/alpha_044,0.03943,0.5984,7,0
half,2025-H2,qlib158/vma10,0.04668,0.5981,8,0
half,2025-H2,alpha101/alpha_016,0.05306,0.5975,9,0
half,2025-H2,gtja191/alpha_016,0.03831,0.596,10,0
half,2025-H2,alpha101/alpha_055,0.03447,0.5917,11,0
half,2025-H2,gtja191/alpha_026,0.04446,0.5899,12,0
half,2025-H2,gtja191/alpha_092,0.04061,0.5887,13,0
half,2025-H2,gtja191/alpha_048,0.03715,0.5881,14,0
half,2025-H2,alpha101/alpha_002,0.0354,0.582,15,0
half,2025-H2,gtja191/alpha_168,0.04018,0.5819,16,0
half,2025-H2,alpha101/alpha_024,0.04323,0.5816,17,0
half,2025-H2,gtja191/alpha_001,0.03306,0.5808,18,0
half,2025-H2,gtja191/alpha_008,0.04414,0.5799,19,0
half,2025-H2,gtja191/alpha_041,0.03615,0.5773,20,0
half,2025-H2,alpha101/alpha_015,0.03175,0.5749,21,0
half,2025-H2,qlib158/vsumn60,0.03062,0.5718,22,0
half,2025-H2,gtja191/alpha_025,0.03872,0.5663,23,0
half,2025-H2,gtja191/alpha_157,0.0328,0.5636,24,0
half,2025-H2,qlib158/vma60,0.03247,0.559,25,0
half,2025-H2,alpha101/alpha_069,0.03246,0.5578,26,0
half,2025-H2,alpha101/alpha_084,0.03533,0.5555,27,0
half,2025-H2,alpha101/alpha_067,0.02859,0.5478,28,0
half,2025-H2,qlib158/cntn5,0.02137,0.5344,29,0
half,2025-H2,qlib158/vsumn5,0.02232,0.525,30,0
half,2025-H2,alpha101/alpha_019,0.02773,0.5246,31,0
half,2025-H2,alpha101/alpha_080,0.02058,0.524,32,0
half,2025-H2,qlib158/min10,0.02041,0.5231,33,0
half,2025-H2,alpha101/alpha_088,0.01514,0.5077,34,0
half,2025-H2,qlib158/ma10,0.01803,0.5016,35,0
half,2025-H2,alpha101/alpha_004,0.01087,0.4826,36,0
half,2025-H2,gtja191/alpha_006,-0.0024,0.4207,37,0
half,2025-H2,alpha101/alpha_027,-0.00566,0.4036,38,0
half,2026-H1,gtja191/alpha_025,0.03117,0.6677,1,1
half,2026-H1,gtja191/alpha_037,0.05048,0.6624,2,0
half,2026-H1,alpha101/alpha_024,0.04061,0.6622,3,0
half,2026-H1,gtja191/alpha_026,0.02632,0.6461,4,0
half,2026-H1,alpha101/alpha_023,0.03254,0.6321,5,0
half,2026-H1,gtja191/alpha_008,0.02228,0.6283,6,0
half,2026-H1,alpha101/alpha_015,-0.00397,0.6244,7,0
half,2026-H1,alpha101/alpha_019,0.03096,0.6226,8,0
half,2026-H1,alpha101/alpha_069,0.01603,0.6188,9,0
half,2026-H1,gtja191/alpha_041,0.01385,0.6143,10,0
half,2026-H1,gtja191/alpha_092,0.00729,0.6099,11,0
half,2026-H1,alpha101/alpha_084,-0.00331,0.6014,12,0
half,2026-H1,alpha101/alpha_002,-0.01312,0.5975,13,0
half,2026-H1,alpha101/alpha_080,-0.00907,0.5962,14,0
half,2026-H1,alpha101/alpha_067,-0.01103,0.5935,15,0
half,2026-H1,alpha101/alpha_055,-0.01463,0.5875,16,0
half,2026-H1,gtja191/alpha_090,-0.01567,0.5865,17,0
half,2026-H1,alpha101/alpha_027,-0.01339,0.5859,18,0
half,2026-H1,gtja191/alpha_001,-0.01314,0.5855,19,0
half,2026-H1,alpha101/alpha_026,-0.0154,0.5837,20,0
half,2026-H1,gtja191/alpha_016,-0.01726,0.5809,21,0
half,2026-H1,alpha101/alpha_088,-0.01736,0.5798,22,0
half,2026-H1,alpha101/alpha_044,-0.01689,0.5776,23,0
half,2026-H1,gtja191/alpha_157,-0.00818,0.5757,24,0
half,2026-H1,alpha101/alpha_004,-0.01807,0.5734,25,0
half,2026-H1,gtja191/alpha_006,-0.01858,0.5653,26,0
half,2026-H1,qlib158/vsumn60,-0.02222,0.5653,27,0
half,2026-H1,gtja191/alpha_048,-0.02192,0.5601,28,0
half,2026-H1,qlib158/min10,-0.0226,0.5572,29,0
half,2026-H1,alpha101/alpha_016,-0.01585,0.5542,30,0
half,2026-H1,gtja191/alpha_168,-0.02274,0.544,31,0
half,2026-H1,qlib158/vsumn20,-0.03158,0.5376,32,0
half,2026-H1,qlib158/cntn5,-0.02934,0.5375,33,0
half,2026-H1,qlib158/vma10,-0.02369,0.5329,34,0
half,2026-H1,qlib158/vsumn30,-0.03375,0.5281,35,0
half,2026-H1,qlib158/vsumn5,-0.03175,0.5231,36,0
half,2026-H1,qlib158/vma60,-0.03096,0.5224,37,0
half,2026-H1,qlib158/ma10,-0.03953,0.481,38,0
year,2024,gtja191/alpha_016,0.02462,0.6002,1,1
year,2024,qlib158/vsumn30,0.02259,0.596,2,0
year,2024,gtja191/alpha_001,0.02002,0.5845,3,0
year,2024,alpha101/alpha_044,0.01997,0.5826,4,0
year,2024,alpha101/alpha_002,0.01872,0.5807,5,0
year,2024,gtja191/alpha_090,0.0194,0.5807,6,0
year,2024,qlib158/vsumn60,0.01761,0.5791,7,0
year,2024,alpha101/alpha_026,0.01934,0.5737,8,0
year,2024,qlib158/vsumn20,0.01712,0.572,9,0
year,2024,alpha101/alpha_015,0.01583,0.5716,10,0
year,2024,gtja191/alpha_157,0.02455,0.567,11,0
year,2024,alpha101/alpha_055,0.01397,0.5654,12,0
year,2024,gtja191/alpha_006,0.01977,0.5649,13,0
year,2024,gtja191/alpha_168,0.02421,0.5638,14,0
year,2024,alpha101/alpha_088,0.01485,0.5587,15,0
year,2024,alpha101/alpha_027,0.01672,0.5579,16,0
year,2024,qlib158/vma60,0.01777,0.5536,17,0
year,2024,alpha101/alpha_080,0.01519,0.5526,18,0
year,2024,qlib158/vma10,0.01825,0.5483,19,0
year,2024,alpha101/alpha_067,0.01113,0.5475,20,0
year,2024,gtja191/alpha_025,0.02079,0.5457,21,0
year,2024,gtja191/alpha_092,0.01404,0.5457,22,0
year,2024,alpha101/alpha_069,0.01772,0.5444,23,0
year,2024,qlib158/min10,0.01393,0.5438,24,0
year,2024,gtja191/alpha_026,0.01726,0.5436,25,0
year,2024,qlib158/vsumn5,0.01077,0.5417,26,0
year,2024,alpha101/alpha_004,0.01044,0.5405,27,0
year,2024,gtja191/alpha_048,0.01027,0.5379,28,0
year,2024,gtja191/alpha_008,0.01382,0.5301,29,0
year,2024,alpha101/alpha_084,0.01183,0.5297,30,0
year,2024,gtja191/alpha_037,0.01233,0.5297,31,0
year,2024,qlib158/cntn5,0.00935,0.5285,32,0
year,2024,gtja191/alpha_041,0.01484,0.5196,33,0
year,2024,alpha101/alpha_024,0.00802,0.5113,34,0
year,2024,qlib158/ma10,0.01147,0.5005,35,0
year,2024,alpha101/alpha_019,0.01626,0.4928,36,0
year,2024,alpha101/alpha_023,0.00107,0.488,37,0
year,2024,alpha101/alpha_016,0.00254,0.4737,38,0
year,2025,qlib158/vsumn20,0.0489,0.6262,1,1
year,2025,alpha101/alpha_055,0.04478,0.6143,2,0
year,2025,qlib158/vsumn30,0.04363,0.6126,3,0
year,2025,gtja191/alpha_090,0.04259,0.6061,4,0
year,2025,alpha101/alpha_044,0.04306,0.6054,5,0
year,2025,alpha101/alpha_026,0.04166,0.6047,6,0
year,2025,gtja191/alpha_016,0.04178,0.6039,7,0
year,2025,qlib158/vsumn60,0.03952,0.5987,8,0
year,2025,alpha101/alpha_002,0.04078,0.5947,9,0
year,2025,qlib158/vma10,0.04635,0.5881,10,0
year,2025,gtja191/alpha_168,0.04359,0.5842,11,0
year,2025,alpha101/alpha_015,0.03565,0.5804,12,0
year,2025,gtja191/alpha_001,0.03686,0.5753,13,0
year,2025,alpha101/alpha_016,0.04481,0.568,14,0
year,2025,gtja191/alpha_048,0.03336,0.5579,15,0
year,2025,gtja191/alpha_037,0.03788,0.5517,16,0
year,2025,qlib158/vma60,0.03249,0.5494,17,0
year,2025,alpha101/alpha_067,0.02926,0.5358,18,0
year,2025,alpha101/alpha_069,0.02988,0.5329,19,0
year,2025,qlib158/vsumn5,0.02735,0.5326,20,0
year,2025,gtja191/alpha_092,0.0287,0.5324,21,0
year,2025,gtja191/alpha_041,0.02826,0.5279,22,0
year,2025,gtja191/alpha_157,0.02618,0.5218,23,0
year,2025,alpha101/alpha_080,0.02248,0.5147,24,0
year,2025,gtja191/alpha_025,0.02618,0.5139,25,0
year,2025,qlib158/min10,0.02283,0.5139,26,0
year,2025,gtja191/alpha_026,0.02458,0.5055,27,0
year,2025,alpha101/alpha_088,0.01955,0.5051,28,0
year,2025,qlib158/ma10,0.02205,0.5038,29,0
year,2025,qlib158/cntn5,0.02007,0.5031,30,0
year,2025,alpha101/alpha_023,0.02719,0.5022,31,0
year,2025,gtja191/alpha_008,0.0239,0.4989,32,0
year,2025,alpha101/alpha_004,0.01784,0.4934,33,0
year,2025,alpha101/alpha_024,0.02184,0.4932,34,0
year,2025,alpha101/alpha_084,0.02153,0.4895,35,0
year,2025,alpha101/alpha_019,0.01267,0.4635,36,0
year,2025,gtja191/alpha_006,0.00681,0.442,37,0
year,2025,alpha101/alpha_027,0.00423,0.4299,38,0
year,2026,gtja191/alpha_025,0.03117,0.6677,1,1
year,2026,gtja191/alpha_037,0.05048,0.6624,2,0
year,2026,alpha101/alpha_024,0.04061,0.6622,3,0
year,2026,gtja191/alpha_026,0.02632,0.6461,4,0
year,2026,alpha101/alpha_023,0.03254,0.6321,5,0
year,2026,gtja191/alpha_008,0.02228,0.6283,6,0
year,2026,alpha101/alpha_015,-0.00397,0.6244,7,0
year,2026,alpha101/alpha_019,0.03096,0.6226,8,0
year,2026,alpha101/alpha_069,0.01603,0.6188,9,0
year,2026,gtja191/alpha_041,0.01385,0.6143,10,0
year,2026,gtja191/alpha_092,0.00729,0.6099,11,0
year,2026,alpha101/alpha_084,-0.00331,0.6014,12,0
year,2026,alpha101/alpha_002,-0.01312,0.5975,13,0
year,2026,alpha101/alpha_080,-0.00907,0.5962,14,0
year,2026,alpha101/alpha_067,-0.01103,0.5935,15,0
year,2026,alpha101/alpha_055,-0.01463,0.5875,16,0
year,2026,gtja191/alpha_090,-0.01567,0.5865,17,0
year,2026,alpha101/alpha_027,-0.01339,0.5859,18,0
year,2026,gtja191/alpha_001,-0.01314,0.5855,19,0
year,2026,alpha101/alpha_026,-0.0154,0.5837,20,0
year,2026,gtja191/alpha_016,-0.01726,0.5809,21,0
year,2026,alpha101/alpha_088,-0.01736,0.5798,22,0
year,2026,alpha101/alpha_044,-0.01689,0.5776,23,0
year,2026,gtja191/alpha_157,-0.00818,0.5757,24,0
year,2026,alpha101/alpha_004,-0.01807,0.5734,25,0
year,2026,gtja191/alpha_006,-0.01858,0.5653,26,0
year,2026,qlib158/vsumn60,-0.02222,0.5653,27,0
year,2026,gtja191/alpha_048,-0.02192,0.5601,28,0
year,2026,qlib158/min10,-0.0226,0.5572,29,0
year,2026,alpha101/alpha_016,-0.01585,0.5542,30,0
year,2026,gtja191/alpha_168,-0.02274,0.544,31,0
year,2026,qlib158/vsumn20,-0.03158,0.5376,32,0
year,2026,qlib158/cntn5,-0.02934,0.5375,33,0
year,2026,qlib158/vma10,-0.02369,0.5329,34,0
year,2026,qlib158/vsumn30,-0.03375,0.5281,35,0
year,2026,qlib158/vsumn5,-0.03175,0.5231,36,0
year,2026,qlib158/vma60,-0.03096,0.5224,37,0
year,2026,qlib158/ma10,-0.03953,0.481,38,0
