granularity,period,factor,return,percentile,rank,is_best
week,2015-W02,reversal,0.10037,0.6701,1,1
week,2015-W02,lowvol,0.08288,0.645,2,0
week,2015-W02,momentum,-0.05249,0.1808,3,0
week,2015-W03,reversal,0.07369,0.6307,1,1
week,2015-W03,lowvol,0.05257,0.5575,2,0
week,2015-W03,momentum,-0.00596,0.2879,3,0
week,2015-W04,lowvol,0.10413,0.6604,1,1
week,2015-W04,momentum,0.11891,0.6421,2,0
week,2015-W04,reversal,0.07862,0.5664,3,0
week,2015-W05,momentum,0.20446,0.8448,1,1
week,2015-W05,lowvol,0.09006,0.5183,2,0
week,2015-W05,reversal,0.07371,0.5179,3,0
week,2015-W06,momentum,0.20516,0.7441,1,1
week,2015-W06,lowvol,0.11859,0.523,2,0
week,2015-W06,reversal,0.10774,0.4751,3,0
week,2015-W07,momentum,0.26558,0.7188,1,1
week,2015-W07,reversal,0.25583,0.67,2,0
week,2015-W07,lowvol,0.19842,0.5039,3,0
week,2015-W08,momentum,0.38227,0.8551,1,1
week,2015-W08,reversal,0.24294,0.6229,2,0
week,2015-W08,lowvol,0.20028,0.5104,3,0
week,2015-W09,momentum,0.47993,0.9212,1,1
week,2015-W09,reversal,0.23391,0.6171,2,0
week,2015-W09,lowvol,0.22271,0.5887,3,0
week,2015-W10,momentum,0.37926,0.8509,1,1
week,2015-W10,lowvol,0.20198,0.5031,2,0
week,2015-W10,reversal,0.16772,0.3784,3,0
week,2015-W11,momentum,0.35692,0.7453,1,1
week,2015-W11,lowvol,0.26143,0.5491,2,0
week,2015-W11,reversal,0.2629,0.5171,3,0
week,2015-W12,reversal,0.21422,0.6047,1,1
week,2015-W12,lowvol,0.19693,0.5775,2,0
week,2015-W12,momentum,0.13516,0.3678,3,0
week,2015-W13,reversal,0.26833,0.6228,1,1
week,2015-W13,lowvol,0.17686,0.5479,2,0
week,2015-W13,momentum,0.03861,0.1448,3,0
week,2015-W14,lowvol,0.1201,0.5501,1,1
week,2015-W14,reversal,0.10787,0.5132,2,0
week,2015-W14,momentum,0.09852,0.4887,3,0
week,2015-W15,momentum,0.22244,0.8137,1,1
week,2015-W15,reversal,0.12947,0.7311,2,0
week,2015-W15,lowvol,0.0501,0.5827,3,0
week,2015-W16,momentum,0.34054,0.8485,1,1
week,2015-W16,reversal,0.26993,0.8015,2,0
week,2015-W16,lowvol,0.03985,0.3752,3,0
week,2015-W17,momentum,0.37571,0.7931,1,1
week,2015-W17,reversal,0.33171,0.7191,2,0
week,2015-W17,lowvol,0.09646,0.3342,3,0
week,2015-W18,momentum,0.45972,0.7811,1,1
week,2015-W18,reversal,0.27391,0.5694,2,0
week,2015-W18,lowvol,0.20614,0.4445,3,0
week,2015-W19,momentum,0.48236,0.6674,1,1
week,2015-W19,reversal,0.39827,0.5655,2,0
week,2015-W19,lowvol,0.25006,0.3239,3,0
week,2015-W20,reversal,0.31944,0.5476,1,1
week,2015-W20,momentum,0.21435,0.3334,2,0
week,2015-W20,lowvol,0.16812,0.2498,3,0
week,2015-W21,reversal,0.19683,0.5923,1,1
week,2015-W21,lowvol,0.02933,0.2811,2,0
week,2015-W21,momentum,-0.07557,0.1486,3,0
week,2015-W22,reversal,-0.11899,0.4488,1,1
week,2015-W22,momentum,-0.34605,0.0665,2,0
week,2015-W22,lowvol,-0.3825,0.0439,3,0
week,2015-W23,lowvol,-0.12664,0.8728,1,1
week,2015-W23,reversal,-0.23763,0.7306,2,0
week,2015-W23,momentum,-0.46728,0.1469,3,0
week,2015-W24,lowvol,-0.25939,0.8474,1,1
week,2015-W24,momentum,-0.43296,0.5142,2,0
week,2015-W24,reversal,-0.44173,0.4904,3,0
week,2015-W25,lowvol,-0.15301,0.8694,1,1
week,2015-W25,reversal,-0.25004,0.7162,2,0
week,2015-W25,momentum,-0.34638,0.4306,3,0
week,2015-W26,lowvol,-0.00339,0.9188,1,1
week,2015-W26,reversal,-0.12868,0.757,2,0
week,2015-W26,momentum,-0.12566,0.7313,3,0
week,2015-W27,reversal,0.00961,0.7336,1,1
week,2015-W27,momentum,-0.00829,0.6637,2,0
week,2015-W27,lowvol,-0.03148,0.622,3,0
week,2015-W28,reversal,0.41807,0.8366,1,1
week,2015-W28,momentum,0.34721,0.7132,2,0
week,2015-W28,lowvol,0.04947,0.2202,3,0
week,2015-W29,momentum,0.32521,0.8548,1,1
week,2015-W29,reversal,0.30084,0.7852,2,0
week,2015-W29,lowvol,0.14402,0.5625,3,0
week,2015-W30,reversal,0.13752,0.8752,1,1
week,2015-W30,lowvol,-0.01796,0.5535,2,0
week,2015-W30,momentum,-0.09372,0.3041,3,0
week,2015-W31,lowvol,-0.07894,0.7789,1,1
week,2015-W31,reversal,-0.20786,0.4076,2,0
week,2015-W31,momentum,-0.26389,0.217,3,0
week,2015-W32,lowvol,-0.08833,0.8045,1,1
week,2015-W32,reversal,-0.24427,0.4078,2,0
week,2015-W32,momentum,-0.37739,0.0634,3,0
week,2015-W33,lowvol,-0.0571,0.9542,1,1
week,2015-W33,reversal,-0.26931,0.5862,2,0
week,2015-W33,momentum,-0.34357,0.2902,3,0
week,2015-W34,lowvol,-0.02512,0.9411,1,1
week,2015-W34,reversal,-0.28613,0.3853,2,0
week,2015-W34,momentum,-0.30667,0.3125,3,0
week,2015-W35,lowvol,0.00982,0.5592,1,1
week,2015-W35,reversal,-0.0451,0.4034,2,0
week,2015-W35,momentum,-0.14971,0.1036,3,0
week,2015-W36,reversal,0.11963,0.5869,1,1
week,2015-W36,lowvol,-0.02945,0.2121,2,0
week,2015-W36,momentum,-0.09863,0.0716,3,0
week,2015-W37,reversal,0.3169,0.8495,1,1
week,2015-W37,lowvol,0.12029,0.4421,2,0
week,2015-W37,momentum,0.06551,0.268,3,0
week,2015-W38,reversal,0.37765,0.7565,1,1
week,2015-W38,lowvol,0.16943,0.3061,2,0
week,2015-W38,momentum,0.04063,0.0875,3,0
week,2015-W39,reversal,0.23976,0.5858,1,1
week,2015-W39,momentum,0.12336,0.2729,2,0
week,2015-W39,lowvol,0.12073,0.2592,3,0
week,2015-W40,reversal,0.23257,0.5189,1,1
week,2015-W40,momentum,0.20602,0.4755,2,0
week,2015-W40,lowvol,0.08656,0.1402,3,0
week,2015-W41,reversal,0.34161,0.8195,1,1
week,2015-W41,momentum,0.23679,0.5812,2,0
week,2015-W41,lowvol,0.10206,0.1645,3,0
week,2015-W42,reversal,0.24747,0.7255,1,1
week,2015-W42,momentum,0.23575,0.6851,2,0
week,2015-W42,lowvol,0.08651,0.255,3,0
week,2015-W43,reversal,0.19102,0.6494,1,1
week,2015-W43,momentum,0.08181,0.3385,2,0
week,2015-W43,lowvol,0.05716,0.2409,3,0
week,2015-W44,reversal,0.21494,0.7376,1,1
week,2015-W44,lowvol,0.03619,0.2447,2,0
week,2015-W44,momentum,0.01347,0.1783,3,0
week,2015-W45,reversal,0.08622,0.5771,1,1
week,2015-W45,momentum,0.06889,0.5105,2,0
week,2015-W45,lowvol,0.05067,0.4799,3,0
week,2015-W46,reversal,0.08725,0.7805,1,1
week,2015-W46,momentum,0.00069,0.5719,2,0
week,2015-W46,lowvol,-0.01084,0.5377,3,0
week,2015-W47,reversal,0.07491,0.7272,1,1
week,2015-W47,lowvol,-0.01063,0.4553,2,0
week,2015-W47,momentum,-0.02963,0.3782,3,0
week,2015-W48,reversal,0.11296,0.7667,1,1
week,2015-W48,lowvol,0.05254,0.6402,2,0
week,2015-W48,momentum,0.03459,0.5577,3,0
week,2015-W49,reversal,0.0196,0.5063,1,1
week,2015-W49,lowvol,0.01172,0.4842,2,0
week,2015-W49,momentum,-0.05472,0.2102,3,0
week,2015-W50,lowvol,-0.06648,0.6918,1,1
week,2015-W50,reversal,-0.1309,0.4602,2,0
week,2015-W50,momentum,-0.22542,0.1389,3,0
week,2015-W51,lowvol,-0.1121,0.877,1,1
week,2015-W51,reversal,-0.27628,0.3335,2,0
week,2015-W51,momentum,-0.30736,0.2151,3,0
week,2015-W52,lowvol,-0.13483,0.8992,1,1
week,2015-W52,reversal,-0.22035,0.6515,2,0
week,2015-W52,momentum,-0.25517,0.4551,3,0
week,2015-W53,lowvol,-0.18604,0.8845,1,1
week,2015-W53,momentum,-0.22533,0.8175,2,0
week,2015-W53,reversal,-0.32324,0.4629,3,0
week,2016-W01,lowvol,-0.11036,0.7575,1,1
week,2016-W01,reversal,-0.14144,0.6853,2,0
week,2016-W01,momentum,-0.2408,0.3142,3,0
week,2016-W02,reversal,0.08979,0.8095,1,1
week,2016-W02,lowvol,-0.06523,0.2541,2,0
week,2016-W02,momentum,-0.10479,0.1841,3,0
week,2016-W03,reversal,0.03115,0.6735,1,1
week,2016-W03,momentum,-0.01818,0.4818,2,0
week,2016-W03,lowvol,-0.03777,0.3864,3,0
week,2016-W04,lowvol,0.00318,0.5215,1,1
week,2016-W04,reversal,-0.03125,0.3911,2,0
week,2016-W04,momentum,-0.0636,0.2424,3,0
week,2016-W05,lowvol,0.06,0.7128,1,1
week,2016-W05,reversal,0.01566,0.5645,2,0
week,2016-W05,momentum,-0.06162,0.2641,3,0
week,2016-W07,lowvol,0.05426,0.8121,1,1
week,2016-W07,reversal,0.01538,0.6892,2,0
week,2016-W07,momentum,-0.08193,0.2699,3,0
week,2016-W08,reversal,0.05906,0.6364,1,1
week,2016-W08,lowvol,0.06236,0.6272,2,0
week,2016-W08,momentum,0.02818,0.4546,3,0
week,2016-W09,reversal,0.19822,0.7818,1,1
week,2016-W09,momentum,0.1086,0.4595,2,0
week,2016-W09,lowvol,0.0468,0.2013,3,0
week,2016-W10,reversal,0.23607,0.7771,1,1
week,2016-W10,momentum,0.08457,0.2631,2,0
week,2016-W10,lowvol,0.00917,0.068,3,0
week,2016-W11,reversal,0.13267,0.4986,1,1
week,2016-W11,momentum,0.05899,0.1888,2,0
week,2016-W11,lowvol,-0.00392,0.0497,3,0
week,2016-W12,reversal,-0.001,0.4817,1,1
week,2016-W12,lowvol,-0.01001,0.4469,2,0
week,2016-W12,momentum,-0.06185,0.1938,3,0
week,2016-W13,reversal,-0.00308,0.4806,1,1
week,2016-W13,lowvol,-0.0114,0.4504,2,0
week,2016-W13,momentum,-0.08028,0.1402,3,0
week,2016-W14,lowvol,-0.01954,0.5775,1,1
week,2016-W14,momentum,-0.07218,0.3076,2,0
week,2016-W14,reversal,-0.09444,0.2125,3,0
week,2016-W15,lowvol,-0.02295,0.821,1,1
week,2016-W15,momentum,-0.13258,0.3875,2,0
week,2016-W15,reversal,-0.16471,0.2208,3,0
week,2016-W16,lowvol,-0.01593,0.7731,1,1
week,2016-W16,momentum,-0.08708,0.4778,2,0
week,2016-W16,reversal,-0.11045,0.3565,3,0
week,2016-W17,momentum,0.00172,0.758,1,1
week,2016-W17,lowvol,-0.01293,0.7277,2,0
week,2016-W17,reversal,-0.09046,0.3222,3,0
week,2016-W18,momentum,0.05637,0.8408,1,1
week,2016-W18,lowvol,0.01125,0.722,2,0
week,2016-W18,reversal,-0.07333,0.2564,3,0
week,2016-W19,momentum,0.18468,0.8883,1,1
week,2016-W19,reversal,0.05291,0.5578,2,0
week,2016-W19,lowvol,0.02566,0.4297,3,0
week,2016-W20,momentum,0.28836,0.9294,1,1
week,2016-W20,reversal,0.04497,0.4747,2,0
week,2016-W20,lowvol,0.01936,0.3648,3,0
week,2016-W21,momentum,0.27345,0.9264,1,1
week,2016-W21,reversal,0.03185,0.3606,2,0
week,2016-W21,lowvol,0.02313,0.3285,3,0
week,2016-W22,momentum,0.41969,0.9814,1,1
week,2016-W22,reversal,0.13988,0.7511,2,0
week,2016-W22,lowvol,0.01045,0.2834,3,0
week,2016-W23,momentum,0.24203,0.924,1,1
week,2016-W23,reversal,0.02268,0.3415,2,0
week,2016-W23,lowvol,0.02024,0.3259,3,0
week,2016-W24,momentum,0.13366,0.6448,1,1
week,2016-W24,reversal,0.06285,0.3335,2,0
week,2016-W24,lowvol,0.03555,0.1933,3,0
week,2016-W25,reversal,0.0664,0.4811,1,1
week,2016-W25,lowvol,0.02649,0.2447,2,0
week,2016-W25,momentum,-0.03408,0.0911,3,0
week,2016-W26,reversal,0.03295,0.5771,1,1
week,2016-W26,lowvol,0.01717,0.5001,2,0
week,2016-W26,momentum,-0.15261,0.0317,3,0
week,2016-W27,lowvol,-0.00227,0.6941,1,1
week,2016-W27,reversal,-0.04215,0.5073,2,0
week,2016-W27,momentum,-0.22881,0.0145,3,0
week,2016-W28,lowvol,0.0066,0.7284,1,1
week,2016-W28,reversal,0.01209,0.7236,2,0
week,2016-W28,momentum,-0.16551,0.028,3,0
week,2016-W29,lowvol,0.04286,0.7709,1,1
week,2016-W29,reversal,-0.00919,0.4981,2,0
week,2016-W29,momentum,-0.05495,0.2479,3,0
week,2016-W30,lowvol,0.03748,0.6623,1,1
week,2016-W30,reversal,0.02948,0.6142,2,0
week,2016-W30,momentum,-0.00289,0.4245,3,0
week,2016-W31,momentum,0.09503,0.7844,1,1
week,2016-W31,lowvol,0.05414,0.5995,2,0
week,2016-W31,reversal,0.02544,0.4015,3,0
week,2016-W32,lowvol,0.04463,0.6195,1,1
week,2016-W32,reversal,0.03556,0.5127,2,0
week,2016-W32,momentum,0.03077,0.484,3,0
week,2016-W33,lowvol,0.01225,0.7118,1,1
week,2016-W33,reversal,-0.05095,0.3779,2,0
week,2016-W33,momentum,-0.12587,0.074,3,0
week,2016-W34,lowvol,-0.005,0.5852,1,1
week,2016-W34,reversal,-0.03616,0.3832,2,0
week,2016-W34,momentum,-0.12596,0.0935,3,0
week,2016-W35,lowvol,0.00243,0.5868,1,1
week,2016-W35,momentum,-0.01212,0.4865,2,0
week,2016-W35,reversal,-0.03488,0.3448,3,0
week,2016-W36,momentum,0.01999,0.5484,1,1
week,2016-W36,lowvol,-0.0095,0.4483,2,0
week,2016-W36,reversal,-0.01913,0.3708,3,0
week,2016-W37,momentum,0.06264,0.6016,1,1
week,2016-W37,reversal,0.04264,0.5063,2,0
week,2016-W37,lowvol,0.01052,0.2981,3,0
week,2016-W38,momentum,0.0738,0.7282,1,1
week,2016-W38,reversal,0.03581,0.5612,2,0
week,2016-W38,lowvol,0.01909,0.4137,3,0
week,2016-W39,momentum,0.1382,0.8503,1,1
week,2016-W39,reversal,0.12611,0.8271,2,0
week,2016-W39,lowvol,0.02154,0.3455,3,0
week,2016-W41,reversal,0.15781,0.8981,1,1
week,2016-W41,momentum,0.12638,0.8689,2,0
week,2016-W41,lowvol,0.01524,0.4702,3,0
week,2016-W42,momentum,0.10338,0.7706,1,1
week,2016-W42,reversal,0.05436,0.5975,2,0
week,2016-W42,lowvol,0.01766,0.397,3,0
week,2016-W43,momentum,0.12007,0.818,1,1
week,2016-W43,lowvol,0.02462,0.4957,2,0
week,2016-W43,reversal,0.00782,0.3873,3,0
week,2016-W44,lowvol,0.04398,0.6945,1,1
week,2016-W44,reversal,-0.0114,0.3422,2,0
week,2016-W44,momentum,-0.04356,0.2046,3,0
week,2016-W45,lowvol,0.03131,0.7774,1,1
week,2016-W45,reversal,-0.05003,0.2842,2,0
week,2016-W45,momentum,-0.10929,0.1064,3,0
week,2016-W46,lowvol,0.00786,0.8554,1,1
week,2016-W46,reversal,-0.16181,0.1445,2,0
week,2016-W46,momentum,-0.2313,0.0227,3,0
week,2016-W47,lowvol,-0.02662,0.7477,1,1
week,2016-W47,reversal,-0.0689,0.4889,2,0
week,2016-W47,momentum,-0.20486,0.0437,3,0
week,2016-W48,lowvol,-0.04948,0.588,1,1
week,2016-W48,reversal,-0.07553,0.42,2,0
week,2016-W48,momentum,-0.12927,0.1791,3,0
week,2016-W49,lowvol,-0.01053,0.6053,1,1
week,2016-W49,reversal,-0.05968,0.3422,2,0
week,2016-W49,momentum,-0.09405,0.271,3,0
week,2016-W50,reversal,0.03744,0.7172,1,1
week,2016-W50,lowvol,-0.02637,0.3634,2,0
week,2016-W50,momentum,-0.21481,0.0221,3,0
week,2016-W51,lowvol,-0.00706,0.7327,1,1
week,2016-W51,reversal,-0.13857,0.1864,2,0
week,2016-W51,momentum,-0.15821,0.1327,3,0
week,2016-W52,lowvol,0.0156,0.7494,1,1
week,2016-W52,momentum,-0.03932,0.5113,2,0
week,2016-W52,reversal,-0.08879,0.2568,3,0
week,2017-W01,lowvol,0.01916,0.7778,1,1
week,2017-W01,momentum,-0.00656,0.6185,2,0
week,2017-W01,reversal,-0.0816,0.2208,3,0
week,2017-W02,lowvol,0.02538,0.7109,1,1
week,2017-W02,momentum,-0.00348,0.5347,2,0
week,2017-W02,reversal,-0.00758,0.508,3,0
week,2017-W03,reversal,0.07044,0.5405,1,1
week,2017-W03,momentum,0.05699,0.4555,2,0
week,2017-W03,lowvol,0.03597,0.2863,3,0
week,2017-W04,momentum,0.07733,0.7194,1,1
week,2017-W04,reversal,0.04807,0.553,2,0
week,2017-W04,lowvol,0.01655,0.2724,3,0
week,2017-W05,momentum,0.0856,0.7803,1,1
week,2017-W05,reversal,0.02851,0.4056,2,0
week,2017-W05,lowvol,0.01263,0.2712,3,0
week,2017-W06,momentum,0.11583,0.8823,1,1
week,2017-W06,reversal,0.05046,0.6138,2,0
week,2017-W06,lowvol,0.0162,0.3926,3,0
week,2017-W07,momentum,0.1772,0.9345,1,1
week,2017-W07,reversal,0.04963,0.6579,2,0
week,2017-W07,lowvol,0.01458,0.4241,3,0
week,2017-W08,momentum,0.23446,0.9579,1,1
week,2017-W08,reversal,0.03998,0.6561,2,0
week,2017-W08,lowvol,0.02716,0.6078,3,0
week,2017-W09,momentum,0.07107,0.8016,1,1
week,2017-W09,lowvol,-0.011,0.5207,2,0
week,2017-W09,reversal,-0.01623,0.4755,3,0
week,2017-W10,lowvol,0.00217,0.638,1,1
week,2017-W10,momentum,-0.05934,0.2874,2,0
week,2017-W10,reversal,-0.08769,0.157,3,0
week,2017-W11,lowvol,0.0001,0.7161,1,1
week,2017-W11,reversal,-0.12254,0.184,2,0
week,2017-W11,momentum,-0.2406,0.0349,3,0
week,2017-W12,lowvol,-0.00419,0.8242,1,1
week,2017-W12,reversal,-0.1511,0.2976,2,0
week,2017-W12,momentum,-0.33561,0.022,3,0
week,2017-W13,lowvol,-0.0296,0.7438,1,1
week,2017-W13,reversal,-0.14505,0.2726,2,0
week,2017-W13,momentum,-0.23831,0.0672,3,0
week,2017-W14,lowvol,-0.04237,0.7845,1,1
week,2017-W14,reversal,-0.17448,0.2079,2,0
week,2017-W14,momentum,-0.19184,0.1484,3,0
week,2017-W15,lowvol,-0.03395,0.8165,1,1
week,2017-W15,momentum,-0.13671,0.4289,2,0
week,2017-W15,reversal,-0.14053,0.4158,3,0
week,2017-W16,lowvol,0.00484,0.7791,1,1
week,2017-W16,reversal,-0.01104,0.7212,2,0
week,2017-W16,momentum,-0.0217,0.6731,3,0
week,2017-W17,lowvol,0.01251,0.8276,1,1
week,2017-W17,momentum,-0.06683,0.5111,2,0
week,2017-W17,reversal,-0.15938,0.1557,3,0
week,2017-W18,lowvol,-0.01299,0.7785,1,1
week,2017-W18,reversal,-0.18479,0.1244,2,0
week,2017-W18,momentum,-0.18849,0.1106,3,0
week,2017-W19,lowvol,0.00424,0.5974,1,1
week,2017-W19,reversal,-0.06076,0.2801,2,0
week,2017-W19,momentum,-0.12818,0.0961,3,0
week,2017-W20,reversal,0.01883,0.655,1,1
week,2017-W20,lowvol,-0.0008,0.531,2,0
week,2017-W20,momentum,-0.2088,0.0167,3,0
week,2017-W21,reversal,0.08216,0.7872,1,1
week,2017-W21,lowvol,0.02838,0.4725,2,0
week,2017-W21,momentum,-0.091,0.0433,3,0
week,2017-W22,reversal,0.08734,0.6928,1,1
week,2017-W22,lowvol,0.03795,0.4209,2,0
week,2017-W22,momentum,-0.05688,0.0564,3,0
week,2017-W23,reversal,0.07439,0.6688,1,1
week,2017-W23,lowvol,0.02071,0.3753,2,0
week,2017-W23,momentum,-0.05101,0.0815,3,0
week,2017-W24,lowvol,0.00675,0.4568,1,1
week,2017-W24,reversal,-0.00119,0.4147,2,0
week,2017-W24,momentum,-0.04906,0.1777,3,0
week,2017-W25,lowvol,-0.01223,0.659,1,1
week,2017-W25,reversal,-0.06918,0.3885,2,0
week,2017-W25,momentum,-0.11447,0.2257,3,0
week,2017-W26,lowvol,0.01129,0.6853,1,1
week,2017-W26,momentum,-0.05333,0.411,2,0
week,2017-W26,reversal,-0.13877,0.1081,3,0
week,2017-W27,lowvol,0.03624,0.7715,1,1
week,2017-W27,momentum,-0.06323,0.3932,2,0
week,2017-W27,reversal,-0.16114,0.0848,3,0
week,2017-W28,lowvol,0.01485,0.6908,1,1
week,2017-W28,momentum,-0.02463,0.5071,2,0
week,2017-W28,reversal,-0.10095,0.1778,3,0
week,2017-W29,reversal,0.0542,0.5687,1,1
week,2017-W29,momentum,0.0271,0.4366,2,0
week,2017-W29,lowvol,0.0023,0.2734,3,0
week,2017-W30,reversal,0.10724,0.8694,1,1
week,2017-W30,momentum,0.01596,0.4357,2,0
week,2017-W30,lowvol,0.00133,0.3274,3,0
week,2017-W31,reversal,0.13588,0.884,1,1
week,2017-W31,momentum,0.01725,0.4255,2,0
week,2017-W31,lowvol,0.01733,0.3795,3,0
week,2017-W32,reversal,0.15071,0.8398,1,1
week,2017-W32,momentum,0.14061,0.7771,2,0
week,2017-W32,lowvol,0.03013,0.3976,3,0
week,2017-W33,momentum,0.20771,0.9282,1,1
week,2017-W33,reversal,0.11874,0.8039,2,0
week,2017-W33,lowvol,0.03971,0.4785,3,0
week,2017-W34,momentum,0.14786,0.8704,1,1
week,2017-W34,reversal,0.05393,0.6034,2,0
week,2017-W34,lowvol,0.02281,0.4188,3,0
week,2017-W35,lowvol,0.01007,0.5922,1,1
week,2017-W35,reversal,-0.02296,0.3717,2,0
week,2017-W35,momentum,-0.04589,0.2821,3,0
week,2017-W36,reversal,0.01831,0.5913,1,1
week,2017-W36,lowvol,0.00493,0.5049,2,0
week,2017-W36,momentum,-0.03486,0.2368,3,0
week,2017-W37,lowvol,0.00166,0.6602,1,1
week,2017-W37,reversal,-0.03733,0.4185,2,0
week,2017-W37,momentum,-0.07556,0.2131,3,0
week,2017-W38,lowvol,-0.00047,0.6198,1,1
week,2017-W38,reversal,-0.0819,0.1586,2,0
week,2017-W38,momentum,-0.11112,0.0885,3,0
week,2017-W39,lowvol,-0.01713,0.573,1,1
week,2017-W39,momentum,-0.06256,0.386,2,0
week,2017-W39,reversal,-0.07911,0.2561,3,0
week,2017-W41,momentum,0.01235,0.7264,1,1
week,2017-W41,lowvol,-0.01622,0.6562,2,0
week,2017-W41,reversal,-0.07727,0.3444,3,0
week,2017-W42,lowvol,0.0107,0.7082,1,1
week,2017-W42,momentum,-0.03307,0.5183,2,0
week,2017-W42,reversal,-0.06372,0.3768,3,0
week,2017-W43,lowvol,-0.01072,0.7817,1,1
week,2017-W43,reversal,-0.13985,0.257,2,0
week,2017-W43,momentum,-0.15828,0.182,3,0
week,2017-W44,lowvol,-0.03362,0.6692,1,1
week,2017-W44,reversal,-0.0771,0.476,2,0
week,2017-W44,momentum,-0.13922,0.1793,3,0
week,2017-W45,lowvol,-0.03785,0.7641,1,1
week,2017-W45,reversal,-0.07304,0.6273,2,0
week,2017-W45,momentum,-0.27965,0.0297,3,0
week,2017-W46,lowvol,-0.03977,0.6644,1,1
week,2017-W46,reversal,-0.09488,0.3952,2,0
week,2017-W46,momentum,-0.13862,0.3834,3,0
week,2017-W47,lowvol,-0.01826,0.6037,1,1
week,2017-W47,reversal,-0.04581,0.4301,2,0
week,2017-W47,momentum,-0.08054,0.2399,3,0
week,2017-W48,momentum,-0.02105,0.5627,1,1
week,2017-W48,lowvol,-0.02654,0.5252,2,0
week,2017-W48,reversal,-0.03814,0.4625,3,0
week,2017-W49,momentum,0.14772,0.9174,1,1
week,2017-W49,reversal,0.1,0.8321,2,0
week,2017-W49,lowvol,-0.02606,0.2182,3,0
week,2017-W50,momentum,0.2286,0.9783,1,1
week,2017-W50,reversal,0.09796,0.8652,2,0
week,2017-W50,lowvol,-0.04099,0.2635,3,0
week,2017-W51,momentum,0.06645,0.7917,1,1
week,2017-W51,reversal,0.06648,0.7489,2,0
week,2017-W51,lowvol,-0.03147,0.3557,3,0
week,2017-W52,reversal,0.02411,0.5732,1,1
week,2017-W52,lowvol,0.01292,0.5148,2,0
week,2017-W52,momentum,0.01064,0.4974,3,0
week,2018-W01,lowvol,-0.0146,0.734,1,1
week,2018-W01,momentum,-0.04302,0.6173,2,0
week,2018-W01,reversal,-0.06815,0.4888,3,0
week,2018-W02,lowvol,-0.03618,0.8468,1,1
week,2018-W02,reversal,-0.16489,0.4326,2,0
week,2018-W02,momentum,-0.20478,0.2926,3,0
week,2018-W03,lowvol,-0.0418,0.7953,1,1
week,2018-W03,reversal,-0.16511,0.2933,2,0
week,2018-W03,momentum,-0.26861,0.0623,3,0
week,2018-W04,momentum,-0.10744,0.4183,1,1
week,2018-W04,reversal,-0.11284,0.3904,2,0
week,2018-W04,lowvol,-0.12755,0.3147,3,0
week,2018-W05,reversal,0.03056,0.7155,1,1
week,2018-W05,momentum,-0.05139,0.3482,2,0
week,2018-W05,lowvol,-0.0859,0.1896,3,0
week,2018-W06,reversal,0.18971,0.8062,1,1
week,2018-W06,momentum,0.07371,0.3854,2,0
week,2018-W06,lowvol,-0.01708,0.0872,3,0
week,2018-W07,reversal,0.16917,0.7739,1,1
week,2018-W07,momentum,0.06939,0.3776,2,0
week,2018-W07,lowvol,-0.02616,0.0424,3,0
week,2018-W08,momentum,0.19966,0.9186,1,1
week,2018-W08,reversal,0.07526,0.6592,2,0
week,2018-W08,lowvol,-0.00395,0.3554,3,0
week,2018-W09,momentum,0.0482,0.5586,1,1
week,2018-W09,lowvol,0.00844,0.4964,2,0
week,2018-W09,reversal,0.00129,0.4602,3,0
week,2018-W10,reversal,-0.01753,0.3923,1,1
week,2018-W10,lowvol,-0.08141,0.1352,2,0
week,2018-W10,momentum,-0.09215,0.0986,3,0
week,2018-W11,momentum,-0.04278,0.3999,1,1
week,2018-W11,lowvol,-0.09423,0.1735,2,0
week,2018-W11,reversal,-0.12779,0.0793,3,0
week,2018-W12,lowvol,-0.0468,0.4082,1,1
week,2018-W12,momentum,-0.07793,0.2588,2,0
week,2018-W12,reversal,-0.12578,0.0932,3,0
week,2018-W13,lowvol,-0.00647,0.5959,1,1
week,2018-W13,momentum,-0.10508,0.1493,2,0
week,2018-W13,reversal,-0.1506,0.0721,3,0
week,2018-W14,lowvol,-0.03965,0.4301,1,1
week,2018-W14,momentum,-0.1012,0.1566,2,0
week,2018-W14,reversal,-0.15261,0.0575,3,0
week,2018-W15,lowvol,-0.0553,0.2847,1,1
week,2018-W15,momentum,-0.11572,0.119,2,0
week,2018-W15,reversal,-0.15723,0.0474,3,0
week,2018-W16,momentum,-0.02822,0.2915,1,1
week,2018-W16,lowvol,-0.03817,0.2275,2,0
week,2018-W16,reversal,-0.0756,0.1294,3,0
week,2018-W17,reversal,0.03867,0.6001,1,1
week,2018-W17,lowvol,-0.01455,0.3259,2,0
week,2018-W17,momentum,-0.05687,0.2386,3,0
week,2018-W18,momentum,0.05115,0.7432,1,1
week,2018-W18,lowvol,0.0062,0.6681,2,0
week,2018-W18,reversal,-0.05435,0.3522,3,0
week,2018-W19,lowvol,-0.00088,0.7213,1,1
week,2018-W19,momentum,-0.01675,0.5893,2,0
week,2018-W19,reversal,-0.09884,0.2763,3,0
week,2018-W20,lowvol,-0.01272,0.7661,1,1
week,2018-W20,momentum,-0.15642,0.1204,2,0
week,2018-W20,reversal,-0.2054,0.0441,3,0
week,2018-W21,lowvol,-0.10245,0.7799,1,1
week,2018-W21,momentum,-0.25347,0.192,2,0
week,2018-W21,reversal,-0.26671,0.1526,3,0
week,2018-W22,lowvol,-0.13279,0.4798,1,1
week,2018-W22,momentum,-0.16807,0.3219,2,0
week,2018-W22,reversal,-0.19232,0.218,3,0
week,2018-W23,momentum,-0.16076,0.3557,1,1
week,2018-W23,reversal,-0.20478,0.1552,2,0
week,2018-W23,lowvol,-0.21742,0.1165,3,0
week,2018-W24,momentum,-0.10774,0.4216,1,1
week,2018-W24,reversal,-0.15206,0.2197,2,0
week,2018-W24,lowvol,-0.20555,0.0742,3,0
week,2018-W25,reversal,0.06206,0.6989,1,1
week,2018-W25,momentum,0.00521,0.4389,2,0
week,2018-W25,lowvol,-0.05734,0.185,3,0
week,2018-W26,reversal,0.07853,0.7178,1,1
week,2018-W26,lowvol,0.00208,0.2985,2,0
week,2018-W26,momentum,-0.06474,0.1784,3,0
week,2018-W27,lowvol,-0.02559,0.3445,1,1
week,2018-W27,reversal,-0.05496,0.2322,2,0
week,2018-W27,momentum,-0.2194,0.018,3,0
week,2018-W28,lowvol,-0.05218,0.4208,1,1
week,2018-W28,reversal,-0.13598,0.1669,2,0
week,2018-W28,momentum,-0.26025,0.0216,3,0
week,2018-W29,lowvol,-0.03613,0.5317,1,1
week,2018-W29,reversal,-0.17734,0.0878,2,0
week,2018-W29,momentum,-0.1953,0.0658,3,0
week,2018-W30,lowvol,-0.04084,0.7277,1,1
week,2018-W30,momentum,-0.1995,0.0903,2,0
week,2018-W30,reversal,-0.2346,0.0418,3,0
week,2018-W31,lowvol,-0.03742,0.5051,1,1
week,2018-W31,reversal,-0.11324,0.1643,2,0
week,2018-W31,momentum,-0.14807,0.0758,3,0
week,2018-W32,reversal,0.01794,0.7269,1,1
week,2018-W32,lowvol,-0.0375,0.464,2,0
week,2018-W32,momentum,-0.12336,0.097,3,0
week,2018-W33,reversal,-0.00744,0.7311,1,1
week,2018-W33,lowvol,-0.04979,0.4905,2,0
week,2018-W33,momentum,-0.10757,0.2039,3,0
week,2018-W34,reversal,0.02379,0.764,1,1
week,2018-W34,lowvol,-0.04388,0.3945,2,0
week,2018-W34,momentum,-0.09332,0.2188,3,0
week,2018-W35,momentum,-0.02576,0.5423,1,1
week,2018-W35,reversal,-0.03812,0.4566,2,0
week,2018-W35,lowvol,-0.04144,0.4427,3,0
week,2018-W36,lowvol,-0.07389,0.5551,1,1
week,2018-W36,momentum,-0.10297,0.4057,2,0
week,2018-W36,reversal,-0.11221,0.3852,3,0
week,2018-W37,lowvol,-0.05756,0.7674,1,1
week,2018-W37,momentum,-0.14728,0.3911,2,0
week,2018-W37,reversal,-0.20252,0.1832,3,0
week,2018-W38,lowvol,-0.06535,0.6925,1,1
week,2018-W38,reversal,-0.15962,0.2335,2,0
week,2018-W38,momentum,-0.17163,0.2241,3,0
week,2018-W39,lowvol,-0.06565,0.6499,1,1
week,2018-W39,momentum,-0.09685,0.4865,2,0
week,2018-W39,reversal,-0.17495,0.1282,3,0
week,2018-W41,reversal,0.01688,0.5495,1,1
week,2018-W41,momentum,-0.02073,0.4084,2,0
week,2018-W41,lowvol,-0.03389,0.36,3,0
week,2018-W42,reversal,0.21812,0.7947,1,1
week,2018-W42,momentum,0.00997,0.1178,2,0
week,2018-W42,lowvol,-0.0328,0.0463,3,0
week,2018-W43,reversal,0.19274,0.84,1,1
week,2018-W43,lowvol,-0.02197,0.0812,2,0
week,2018-W43,momentum,-0.08313,0.0232,3,0
week,2018-W44,reversal,0.09907,0.7096,1,1
week,2018-W44,lowvol,-0.01436,0.2058,2,0
week,2018-W44,momentum,-0.12718,0.0154,3,0
week,2018-W45,reversal,0.01757,0.377,1,1
week,2018-W45,lowvol,0.00807,0.3488,2,0
week,2018-W45,momentum,-0.06583,0.0915,3,0
week,2018-W46,lowvol,-0.00459,0.679,1,1
week,2018-W46,reversal,-0.08242,0.1869,2,0
week,2018-W46,momentum,-0.16383,0.0464,3,0
week,2018-W47,lowvol,-0.01404,0.7621,1,1
week,2018-W47,reversal,-0.11544,0.1583,2,0
week,2018-W47,momentum,-0.22998,0.0078,3,0
week,2018-W48,lowvol,-0.00118,0.729,1,1
week,2018-W48,reversal,-0.08812,0.1906,2,0
week,2018-W48,momentum,-0.14351,0.0819,3,0
week,2018-W49,lowvol,-0.01504,0.7351,1,1
week,2018-W49,momentum,-0.059,0.4632,2,0
week,2018-W49,reversal,-0.13084,0.1261,3,0
week,2018-W50,momentum,0.19169,0.9741,1,1
week,2018-W50,lowvol,-0.01022,0.5287,2,0
week,2018-W50,reversal,-0.10557,0.0809,3,0
week,2018-W51,momentum,0.10723,0.8873,1,1
week,2018-W51,lowvol,0.00919,0.4602,2,0
week,2018-W51,reversal,-0.02361,0.2629,3,0
week,2018-W52,momentum,0.05091,0.6895,1,1
week,2018-W52,lowvol,0.01539,0.4626,2,0
week,2018-W52,reversal,-0.01862,0.3158,3,0
week,2019-W01,lowvol,-0.01117,0.4788,1,1
week,2019-W01,reversal,-0.07307,0.1857,2,0
week,2019-W01,momentum,-0.08965,0.1386,3,0
week,2019-W02,reversal,-0.0108,0.3715,1,1
week,2019-W02,lowvol,-0.02965,0.2527,2,0
week,2019-W02,momentum,-0.10161,0.0648,3,0
week,2019-W03,reversal,0.09635,0.7189,1,1
week,2019-W03,momentum,0.0949,0.6358,2,0
week,2019-W03,lowvol,0.00578,0.1942,3,0
week,2019-W04,momentum,0.23986,0.8173,1,1
week,2019-W04,reversal,0.1993,0.7963,2,0
week,2019-W04,lowvol,0.01299,0.0602,3,0
week,2019-W05,reversal,0.41933,0.8694,1,1
week,2019-W05,momentum,0.2831,0.6449,2,0
week,2019-W05,lowvol,0.07244,0.0525,3,0
week,2019-W07,reversal,0.32676,0.8266,1,1
week,2019-W07,momentum,0.25264,0.6923,2,0
week,2019-W07,lowvol,0.08713,0.1263,3,0
week,2019-W08,reversal,0.17271,0.5556,1,1
week,2019-W08,momentum,0.15547,0.4741,2,0
week,2019-W08,lowvol,0.09269,0.184,3,0
week,2019-W09,momentum,0.12223,0.6925,1,1
week,2019-W09,reversal,0.04385,0.3711,2,0
week,2019-W09,lowvol,0.03125,0.3061,3,0
week,2019-W10,reversal,0.07348,0.4831,1,1
week,2019-W10,lowvol,0.04573,0.3499,2,0
week,2019-W10,momentum,-0.03369,0.122,3,0
week,2019-W11,lowvol,0.04909,0.4941,1,1
week,2019-W11,reversal,0.03347,0.4228,2,0
week,2019-W11,momentum,-0.10443,0.0439,3,0
week,2019-W12,lowvol,0.01619,0.4189,1,1
week,2019-W12,reversal,-0.01503,0.2803,2,0
week,2019-W12,momentum,-0.05139,0.1385,3,0
week,2019-W13,lowvol,0.01182,0.5826,1,1
week,2019-W13,reversal,0.00717,0.5543,2,0
week,2019-W13,momentum,-0.07581,0.1639,3,0
week,2019-W14,lowvol,-0.03347,0.8557,1,1
week,2019-W14,momentum,-0.14842,0.4729,2,0
week,2019-W14,reversal,-0.15926,0.4038,3,0
week,2019-W15,lowvol,-0.05764,0.8297,1,1
week,2019-W15,reversal,-0.13921,0.485,2,0
week,2019-W15,momentum,-0.1867,0.2365,3,0
week,2019-W16,lowvol,-0.06556,0.8005,1,1
week,2019-W16,reversal,-0.20383,0.1736,2,0
week,2019-W16,momentum,-0.23514,0.0963,3,0
week,2019-W17,lowvol,-0.0371,0.8301,1,1
week,2019-W17,reversal,-0.14127,0.4048,2,0
week,2019-W17,momentum,-0.20557,0.1112,3,0
week,2019-W18,lowvol,-0.00243,0.738,1,1
week,2019-W18,momentum,-0.09555,0.2539,2,0
week,2019-W18,reversal,-0.11293,0.2011,3,0
week,2019-W19,lowvol,0.01946,0.7188,1,1
week,2019-W19,momentum,-0.1448,0.0718,2,0
week,2019-W19,reversal,-0.19347,0.0374,3,0
week,2019-W20,lowvol,0.02529,0.7751,1,1
week,2019-W20,momentum,-0.08365,0.2376,2,0
week,2019-W20,reversal,-0.24135,0.0119,3,0
week,2019-W21,lowvol,0.03416,0.638,1,1
week,2019-W21,momentum,-0.08783,0.1034,2,0
week,2019-W21,reversal,-0.21067,0.0079,3,0
week,2019-W22,lowvol,0.0199,0.571,1,1
week,2019-W22,reversal,-0.10308,0.0535,2,0
week,2019-W22,momentum,-0.16653,0.0267,3,0
week,2019-W23,reversal,0.06827,0.5829,1,1
week,2019-W23,lowvol,0.0267,0.3007,2,0
week,2019-W23,momentum,-0.1373,0.0122,3,0
week,2019-W24,reversal,0.04629,0.7332,1,1
week,2019-W24,lowvol,0.00236,0.5143,2,0
week,2019-W24,momentum,-0.20018,0.0104,3,0
week,2019-W25,reversal,0.05016,0.764,1,1
week,2019-W25,lowvol,-0.00899,0.4622,2,0
week,2019-W25,momentum,-0.16898,0.0165,3,0
week,2019-W26,lowvol,-0.0091,0.6833,1,1
week,2019-W26,reversal,-0.05003,0.4311,2,0
week,2019-W26,momentum,-0.17859,0.0389,3,0
week,2019-W27,lowvol,-0.00991,0.7274,1,1
week,2019-W27,reversal,-0.06635,0.3823,2,0
week,2019-W27,momentum,-0.13232,0.0793,3,0
week,2019-W28,lowvol,-0.03758,0.6664,1,1
week,2019-W28,reversal,-0.04486,0.6178,2,0
week,2019-W28,momentum,-0.0805,0.386,3,0
week,2019-W29,momentum,-0.0275,0.7068,1,1
week,2019-W29,lowvol,-0.03578,0.6952,2,0
week,2019-W29,reversal,-0.05185,0.6072,3,0
week,2019-W30,momentum,0.15237,0.8944,1,1
week,2019-W30,reversal,0.01474,0.6105,2,0
week,2019-W30,lowvol,-0.04034,0.348,3,0
week,2019-W31,momentum,0.15507,0.9375,1,1
week,2019-W31,reversal,-0.00078,0.6006,2,0
week,2019-W31,lowvol,-0.04536,0.2968,3,0
week,2019-W32,momentum,0.17304,0.8554,1,1
week,2019-W32,reversal,0.1205,0.7295,2,0
week,2019-W32,lowvol,0.03436,0.2811,3,0
week,2019-W33,momentum,0.17498,0.778,1,1
week,2019-W33,reversal,0.14913,0.7258,2,0
week,2019-W33,lowvol,0.07573,0.3531,3,0
week,2019-W34,lowvol,0.06278,0.6183,1,1
week,2019-W34,reversal,0.03879,0.458,2,0
week,2019-W34,momentum,0.02103,0.3397,3,0
week,2019-W35,lowvol,0.07103,0.7772,1,1
week,2019-W35,reversal,0.00174,0.4399,2,0
week,2019-W35,momentum,-0.05181,0.1808,3,0
week,2019-W36,lowvol,0.02571,0.7211,1,1
week,2019-W36,momentum,-0.10189,0.0703,2,0
week,2019-W36,reversal,-0.11943,0.0627,3,0
week,2019-W37,lowvol,0.00645,0.7678,1,1
week,2019-W37,momentum,-0.12394,0.1331,2,0
week,2019-W37,reversal,-0.15921,0.052,3,0
week,2019-W38,lowvol,0.01772,0.8114,1,1
week,2019-W38,momentum,-0.13729,0.1021,2,0
week,2019-W38,reversal,-0.16267,0.0583,3,0
week,2019-W39,lowvol,0.01489,0.7145,1,1
week,2019-W39,reversal,-0.05776,0.321,2,0
week,2019-W39,momentum,-0.07738,0.2158,3,0
week,2019-W40,lowvol,0.00774,0.5733,1,1
week,2019-W40,reversal,-0.04061,0.2689,2,0
week,2019-W40,momentum,-0.05075,0.2212,3,0
week,2019-W41,lowvol,-0.00277,0.6026,1,1
week,2019-W41,reversal,-0.12428,0.125,2,0
week,2019-W41,momentum,-0.11219,0.1008,3,0
week,2019-W42,lowvol,-0.03149,0.6578,1,1
week,2019-W42,momentum,-0.06458,0.4715,2,0
week,2019-W42,reversal,-0.15633,0.07,3,0
week,2019-W43,momentum,0.03524,0.8019,1,1
week,2019-W43,lowvol,-0.02933,0.5775,2,0
week,2019-W43,reversal,-0.0461,0.4625,3,0
week,2019-W44,lowvol,-0.00915,0.7124,1,1
week,2019-W44,momentum,-0.05281,0.4652,2,0
week,2019-W44,reversal,-0.06145,0.3876,3,0
week,2019-W45,lowvol,-0.01258,0.6265,1,1
week,2019-W45,momentum,-0.04482,0.3646,2,0
week,2019-W45,reversal,-0.05421,0.3164,3,0
week,2019-W46,reversal,0.03222,0.5802,1,1
week,2019-W46,lowvol,0.02126,0.5416,2,0
week,2019-W46,momentum,0.02709,0.5325,3,0
week,2019-W47,momentum,0.12934,0.8135,1,1
week,2019-W47,reversal,0.10702,0.7474,2,0
week,2019-W47,lowvol,0.01704,0.2642,3,0
week,2019-W48,reversal,0.11191,0.7744,1,1
week,2019-W48,momentum,0.09533,0.5739,2,0
week,2019-W48,lowvol,0.0133,0.2355,3,0
week,2019-W49,reversal,0.08371,0.5958,1,1
week,2019-W49,momentum,0.08489,0.593,2,0
week,2019-W49,lowvol,0.03547,0.249,3,0
week,2019-W50,reversal,0.08358,0.557,1,1
week,2019-W50,lowvol,0.04486,0.2715,2,0
week,2019-W50,momentum,0.02006,0.1882,3,0
week,2019-W51,momentum,0.07842,0.4457,1,1
week,2019-W51,lowvol,0.01809,0.3506,2,0
week,2019-W51,reversal,-0.00704,0.2078,3,0
week,2019-W52,momentum,-0.00144,0.5832,1,1
week,2019-W52,lowvol,-0.02823,0.4914,2,0
week,2019-W52,reversal,-0.05876,0.3225,3,0
week,2020-W01,lowvol,-0.04013,0.6496,1,1
week,2020-W01,momentum,-0.06368,0.5725,2,0
week,2020-W01,reversal,-0.11473,0.3951,3,0
week,2020-W02,momentum,-0.00496,0.7095,1,1
week,2020-W02,lowvol,-0.05412,0.6011,2,0
week,2020-W02,reversal,-0.11669,0.3265,3,0
week,2020-W03,momentum,0.05204,0.7251,1,1
week,2020-W03,lowvol,-0.04214,0.4766,2,0
week,2020-W03,reversal,-0.05687,0.3807,3,0
week,2020-W04,momentum,0.06168,0.7138,1,1
week,2020-W04,reversal,-0.00319,0.5709,2,0
week,2020-W04,lowvol,-0.04581,0.4077,3,0
week,2020-W06,reversal,0.17838,0.6933,1,1
week,2020-W06,lowvol,0.01725,0.1424,2,0
week,2020-W06,momentum,-0.0717,0.0612,3,0
week,2020-W07,reversal,0.04668,0.5013,1,1
week,2020-W07,lowvol,-0.00565,0.2813,2,0
week,2020-W07,momentum,-0.02771,0.2365,3,0
week,2020-W08,lowvol,-0.06196,0.5395,1,1
week,2020-W08,reversal,-0.09839,0.3713,2,0
week,2020-W08,momentum,-0.13441,0.2683,3,0
week,2020-W09,lowvol,-0.04866,0.6225,1,1
week,2020-W09,reversal,-0.12555,0.3098,2,0
week,2020-W09,momentum,-0.18539,0.1629,3,0
week,2020-W10,lowvol,-0.05282,0.736,1,1
week,2020-W10,reversal,-0.1545,0.3034,2,0
week,2020-W10,momentum,-0.20557,0.1373,3,0
week,2020-W11,lowvol,-0.03839,0.6301,1,1
week,2020-W11,reversal,-0.06924,0.4487,2,0
week,2020-W11,momentum,-0.19496,0.063,3,0
week,2020-W12,lowvol,-0.0092,0.4276,1,1
week,2020-W12,reversal,-0.01236,0.4082,2,0
week,2020-W12,momentum,-0.18862,0.0205,3,0
week,2020-W13,reversal,0.03625,0.5993,1,1
week,2020-W13,lowvol,0.02628,0.5837,2,0
week,2020-W13,momentum,-0.0788,0.1403,3,0
week,2020-W14,lowvol,0.00887,0.5082,1,1
week,2020-W14,reversal,-0.04361,0.2815,2,0
week,2020-W14,momentum,-0.04879,0.2371,3,0
week,2020-W15,lowvol,-0.00849,0.4613,1,1
week,2020-W15,reversal,-0.05149,0.2671,2,0
week,2020-W15,momentum,-0.07433,0.2552,3,0
week,2020-W16,reversal,-0.01378,0.4217,1,1
week,2020-W16,lowvol,-0.02057,0.3889,2,0
week,2020-W16,momentum,-0.09542,0.1421,3,0
week,2020-W17,lowvol,-0.00494,0.5788,1,1
week,2020-W17,reversal,-0.06031,0.3056,2,0
week,2020-W17,momentum,-0.15864,0.0779,3,0
week,2020-W18,momentum,0.06247,0.6054,1,1
week,2020-W18,lowvol,0.01338,0.4134,2,0
week,2020-W18,reversal,-0.03447,0.2148,3,0
week,2020-W19,momentum,0.09361,0.7745,1,1
week,2020-W19,reversal,0.06602,0.6935,2,0
week,2020-W19,lowvol,0.01199,0.4523,3,0
week,2020-W20,reversal,0.08757,0.7877,1,1
week,2020-W20,momentum,0.04613,0.6473,2,0
week,2020-W20,lowvol,-0.00075,0.397,3,0
week,2020-W21,reversal,0.13716,0.8347,1,1
week,2020-W21,lowvol,-0.00157,0.2932,2,0
week,2020-W21,momentum,-0.00394,0.2914,3,0
week,2020-W22,reversal,0.15848,0.8259,1,1
week,2020-W22,momentum,0.01785,0.3304,2,0
week,2020-W22,lowvol,0.01194,0.326,3,0
week,2020-W23,lowvol,0.11722,0.7317,1,1
week,2020-W23,reversal,0.11109,0.6962,2,0
week,2020-W23,momentum,0.10351,0.6428,3,0
week,2020-W24,momentum,0.30734,0.8349,1,1
week,2020-W24,reversal,0.15076,0.5315,2,0
week,2020-W24,lowvol,0.09502,0.288,3,0
week,2020-W25,momentum,0.21309,0.8148,1,1
week,2020-W25,lowvol,0.10448,0.5097,2,0
week,2020-W25,reversal,0.07107,0.3632,3,0
week,2020-W26,momentum,0.18457,0.771,1,1
week,2020-W26,lowvol,0.08128,0.4411,2,0
week,2020-W26,reversal,0.05695,0.3205,3,0
week,2020-W27,momentum,0.14386,0.6859,1,1
week,2020-W27,lowvol,0.04654,0.3717,2,0
week,2020-W27,reversal,0.03947,0.3443,3,0
week,2020-W28,momentum,0.07293,0.6238,1,1
week,2020-W28,lowvol,0.06797,0.617,2,0
week,2020-W28,reversal,-0.02894,0.2757,3,0
week,2020-W29,lowvol,0.02911,0.6148,1,1
week,2020-W29,momentum,0.02251,0.5923,2,0
week,2020-W29,reversal,-0.02554,0.3712,3,0
week,2020-W30,reversal,0.05226,0.6158,1,1
week,2020-W30,lowvol,0.04444,0.5931,2,0
week,2020-W30,momentum,0.00726,0.423,3,0
week,2020-W31,lowvol,0.03833,0.5505,1,1
week,2020-W31,reversal,0.03821,0.5499,2,0
week,2020-W31,momentum,-0.06908,0.1669,3,0
week,2020-W32,reversal,0.01273,0.5869,1,1
week,2020-W32,lowvol,-0.01003,0.4822,2,0
week,2020-W32,momentum,-0.20812,0.0262,3,0
week,2020-W33,lowvol,-0.01088,0.5662,1,1
week,2020-W33,reversal,-0.10181,0.2142,2,0
week,2020-W33,momentum,-0.19153,0.0469,3,0
week,2020-W34,lowvol,-0.01837,0.6416,1,1
week,2020-W34,reversal,-0.03919,0.5479,2,0
week,2020-W34,momentum,-0.15692,0.1557,3,0
week,2020-W35,reversal,0.00223,0.7429,1,1
week,2020-W35,lowvol,-0.01831,0.6686,2,0
week,2020-W35,momentum,-0.02858,0.5918,3,0
week,2020-W36,lowvol,-0.02413,0.7432,1,1
week,2020-W36,reversal,-0.03346,0.6921,2,0
week,2020-W36,momentum,-0.11238,0.2344,3,0
week,2020-W37,reversal,0.11361,0.8674,1,1
week,2020-W37,lowvol,-0.01295,0.4794,2,0
week,2020-W37,momentum,-0.08169,0.2319,3,0
week,2020-W38,reversal,0.01446,0.5491,1,1
week,2020-W38,lowvol,-0.00863,0.5482,2,0
week,2020-W38,momentum,-0.09978,0.1262,3,0
week,2020-W39,momentum,0.04979,0.7599,1,1
week,2020-W39,reversal,0.03527,0.6788,2,0
week,2020-W39,lowvol,-0.01336,0.5762,3,0
week,2020-W40,momentum,0.11324,0.7955,1,1
week,2020-W40,reversal,0.1163,0.7946,2,0
week,2020-W40,lowvol,0.00554,0.5044,3,0
week,2020-W41,reversal,0.01416,0.6444,1,1
week,2020-W41,lowvol,0.00865,0.6237,2,0
week,2020-W41,momentum,-0.01784,0.5055,3,0
week,2020-W42,lowvol,0.00683,0.67,1,1
week,2020-W42,reversal,-0.00944,0.5916,2,0
week,2020-W42,momentum,-0.12539,0.1425,3,0
week,2020-W43,lowvol,0.0357,0.6912,1,1
week,2020-W43,reversal,0.01394,0.6091,2,0
week,2020-W43,momentum,-0.07763,0.2311,3,0
week,2020-W44,lowvol,0.03194,0.6044,1,1
week,2020-W44,reversal,0.02349,0.5621,2,0
week,2020-W44,momentum,-0.0235,0.3506,3,0
week,2020-W45,momentum,0.07797,0.7135,1,1
week,2020-W45,lowvol,0.04095,0.6162,2,0
week,2020-W45,reversal,-0.00431,0.3792,3,0
week,2020-W46,lowvol,0.00597,0.64,1,1
week,2020-W46,momentum,0.01723,0.6315,2,0
week,2020-W46,reversal,-0.03586,0.4012,3,0
week,2020-W47,momentum,-0.00409,0.7022,1,1
week,2020-W47,lowvol,-0.0201,0.6489,2,0
week,2020-W47,reversal,-0.03202,0.5856,3,0
week,2020-W48,momentum,0.09194,0.8618,1,1
week,2020-W48,lowvol,-0.03623,0.6308,2,0
week,2020-W48,reversal,-0.05333,0.5483,3,0
week,2020-W49,momentum,0.04438,0.8042,1,1
week,2020-W49,lowvol,-0.06978,0.5335,2,0
week,2020-W49,reversal,-0.17274,0.1244,3,0
week,2020-W50,momentum,0.11039,0.8571,1,1
week,2020-W50,lowvol,-0.06534,0.5009,2,0
week,2020-W50,reversal,-0.17664,0.1414,3,0
week,2020-W51,momentum,0.14242,0.903,1,1
week,2020-W51,lowvol,-0.04979,0.5719,2,0
week,2020-W51,reversal,-0.15524,0.2144,3,0
week,2020-W52,momentum,-0.02656,0.531,1,1
week,2020-W52,lowvol,-0.03423,0.5278,2,0
week,2020-W52,reversal,-0.07715,0.3496,3,0
week,2020-W53,lowvol,-0.03431,0.5956,1,1
week,2020-W53,reversal,-0.09622,0.3265,2,0
week,2020-W53,momentum,-0.19692,0.0692,3,0
week,2021-W01,lowvol,-0.01596,0.7349,1,1
week,2021-W01,reversal,-0.1132,0.3993,2,0
week,2021-W01,momentum,-0.22163,0.0886,3,0
week,2021-W02,lowvol,0.00326,0.65,1,1
week,2021-W02,reversal,-0.01275,0.6012,2,0
week,2021-W02,momentum,-0.13848,0.2143,3,0
week,2021-W03,reversal,0.02929,0.6994,1,1
week,2021-W03,lowvol,0.01118,0.6567,2,0
week,2021-W03,momentum,-0.17076,0.067,3,0
week,2021-W04,reversal,0.14756,0.8729,1,1
week,2021-W04,lowvol,0.02581,0.4922,2,0
week,2021-W04,momentum,-0.1128,0.0942,3,0
week,2021-W05,reversal,0.21607,0.9365,1,1
week,2021-W05,lowvol,0.04453,0.5191,2,0
week,2021-W05,momentum,-0.07074,0.2124,3,0
week,2021-W06,reversal,0.32144,0.9612,1,1
week,2021-W06,lowvol,0.08834,0.583,2,0
week,2021-W06,momentum,-0.11203,0.1518,3,0
week,2021-W07,reversal,0.07317,0.725,1,1
week,2021-W07,lowvol,0.0573,0.672,2,0
week,2021-W07,momentum,-0.15247,0.095,3,0
week,2021-W08,lowvol,0.04061,0.6836,1,1
week,2021-W08,reversal,0.03563,0.6517,2,0
week,2021-W08,momentum,-0.05181,0.3311,3,0
week,2021-W09,lowvol,0.06299,0.7962,1,1
week,2021-W09,reversal,0.00383,0.5836,2,0
week,2021-W09,momentum,-0.06646,0.2603,3,0
week,2021-W10,reversal,0.0549,0.5889,1,1
week,2021-W10,lowvol,0.03138,0.5615,2,0
week,2021-W10,momentum,0.00879,0.4581,3,0
week,2021-W11,reversal,0.08924,0.7965,1,1
week,2021-W11,lowvol,0.01318,0.5449,2,0
week,2021-W11,momentum,-0.02605,0.3706,3,0
week,2021-W12,reversal,0.0918,0.7786,1,1
week,2021-W12,lowvol,0.01953,0.5443,2,0
week,2021-W12,momentum,-0.05484,0.2239,3,0
week,2021-W13,lowvol,0.00584,0.5589,1,1
week,2021-W13,reversal,0.0012,0.523,2,0
week,2021-W13,momentum,-0.13284,0.1313,3,0
week,2021-W14,lowvol,0.01151,0.6392,1,1
week,2021-W14,reversal,-0.02714,0.4798,2,0
week,2021-W14,momentum,-0.03231,0.4699,3,0
week,2021-W15,lowvol,0.03015,0.6215,1,1
week,2021-W15,reversal,0.01806,0.5748,2,0
week,2021-W15,momentum,0.01122,0.5088,3,0
week,2021-W16,lowvol,0.03591,0.6791,1,1
week,2021-W16,momentum,0.08998,0.6786,2,0
week,2021-W16,reversal,-0.01923,0.4689,3,0
week,2021-W17,momentum,0.33243,0.9589,1,1
week,2021-W17,reversal,0.08595,0.7031,2,0
week,2021-W17,lowvol,0.02803,0.4866,3,0
week,2021-W18,reversal,0.24103,0.9231,1,1
week,2021-W18,momentum,0.03683,0.4641,2,0
week,2021-W18,lowvol,0.01579,0.3688,3,0
week,2021-W19,reversal,0.06478,0.598,1,1
week,2021-W19,lowvol,0.00509,0.3391,2,0
week,2021-W19,momentum,-0.02372,0.2364,3,0
week,2021-W20,reversal,0.13354,0.8205,1,1
week,2021-W20,lowvol,0.0037,0.4445,2,0
week,2021-W20,momentum,-0.04863,0.2368,3,0
week,2021-W21,reversal,0.13628,0.8246,1,1
week,2021-W21,lowvol,-0.00548,0.3926,2,0
week,2021-W21,momentum,-0.04121,0.2442,3,0
week,2021-W22,momentum,0.0374,0.6615,1,1
week,2021-W22,reversal,0.0242,0.6209,2,0
week,2021-W22,lowvol,-0.01411,0.4734,3,0
week,2021-W23,momentum,0.06783,0.7327,1,1
week,2021-W23,lowvol,-0.021,0.4309,2,0
week,2021-W23,reversal,-0.03191,0.3728,3,0
week,2021-W24,momentum,0.05532,0.6594,1,1
week,2021-W24,reversal,0.03604,0.5835,2,0
week,2021-W24,lowvol,0.00104,0.4491,3,0
week,2021-W25,momentum,0.02046,0.5827,1,1
week,2021-W25,lowvol,-0.01663,0.4729,2,0
week,2021-W25,reversal,-0.03328,0.3892,3,0
week,2021-W26,lowvol,-0.04624,0.4696,1,1
week,2021-W26,momentum,-0.07053,0.3791,2,0
week,2021-W26,reversal,-0.10476,0.2437,3,0
week,2021-W27,lowvol,-0.04093,0.4022,1,1
week,2021-W27,reversal,-0.04431,0.3909,2,0
week,2021-W27,momentum,-0.07734,0.2674,3,0
week,2021-W28,momentum,0.14538,0.832,1,1
week,2021-W28,lowvol,-0.0293,0.394,2,0
week,2021-W28,reversal,-0.06021,0.2787,3,0
week,2021-W29,momentum,0.20205,0.9139,1,1
week,2021-W29,lowvol,-0.01399,0.4603,2,0
week,2021-W29,reversal,-0.02277,0.4112,3,0
week,2021-W30,momentum,0.0696,0.5282,1,1
week,2021-W30,lowvol,0.02314,0.3765,2,0
week,2021-W30,reversal,0.00441,0.3065,3,0
week,2021-W31,lowvol,0.0409,0.5444,1,1
week,2021-W31,reversal,0.02295,0.4746,2,0
week,2021-W31,momentum,-0.00502,0.4008,3,0
week,2021-W32,lowvol,0.04898,0.5477,1,1
week,2021-W32,reversal,-0.00977,0.3489,2,0
week,2021-W32,momentum,-0.07711,0.1903,3,0
week,2021-W33,lowvol,0.05542,0.5724,1,1
week,2021-W33,reversal,-0.00622,0.3741,2,0
week,2021-W33,momentum,-0.087,0.1723,3,0
week,2021-W34,lowvol,0.079,0.7686,1,1
week,2021-W34,reversal,-0.01195,0.4911,2,0
week,2021-W34,momentum,-0.1068,0.2234,3,0
week,2021-W35,lowvol,0.03575,0.747,1,1
week,2021-W35,reversal,-0.00087,0.6261,2,0
week,2021-W35,momentum,-0.2338,0.0314,3,0
week,2021-W36,lowvol,-0.00624,0.7416,1,1
week,2021-W36,reversal,-0.00918,0.7307,2,0
week,2021-W36,momentum,-0.15166,0.146,3,0
week,2021-W37,reversal,0.00077,0.7203,1,1
week,2021-W37,lowvol,-0.03126,0.6427,2,0
week,2021-W37,momentum,-0.03921,0.5929,3,0
week,2021-W38,reversal,0.02996,0.8357,1,1
week,2021-W38,momentum,0.00979,0.7891,2,0
week,2021-W38,lowvol,-0.04935,0.6447,3,0
week,2021-W39,momentum,0.24241,0.9463,1,1
week,2021-W39,reversal,0.06043,0.7649,2,0
week,2021-W39,lowvol,4e-05,0.6229,3,0
week,2021-W40,momentum,0.37185,0.9797,1,1
week,2021-W40,lowvol,-0.01568,0.5955,2,0
week,2021-W40,reversal,-0.02666,0.5601,3,0
week,2021-W41,momentum,0.45147,0.9776,1,1
week,2021-W41,reversal,0.0361,0.6258,2,0
week,2021-W41,lowvol,-0.01161,0.496,3,0
week,2021-W42,momentum,0.20192,0.8588,1,1
week,2021-W42,lowvol,-0.01199,0.3495,2,0
week,2021-W42,reversal,-0.06034,0.2136,3,0
week,2021-W43,momentum,0.07535,0.5201,1,1
week,2021-W43,reversal,0.03437,0.3664,2,0
week,2021-W43,lowvol,-0.0154,0.1806,3,0
week,2021-W44,reversal,0.11534,0.6583,1,1
week,2021-W44,momentum,0.00956,0.2663,2,0
week,2021-W44,lowvol,0.00735,0.2312,3,0
week,2021-W45,reversal,0.0791,0.7028,1,1
week,2021-W45,lowvol,0.01204,0.3643,2,0
week,2021-W45,momentum,-0.0384,0.1694,3,0
week,2021-W46,reversal,0.05846,0.6549,1,1
week,2021-W46,lowvol,0.00402,0.3652,2,0
week,2021-W46,momentum,-0.07647,0.0861,3,0
week,2021-W47,momentum,0.09366,0.7724,1,1
week,2021-W47,lowvol,0.01023,0.4932,2,0
week,2021-W47,reversal,-0.03069,0.3373,3,0
week,2021-W48,momentum,0.11297,0.7968,1,1
week,2021-W48,lowvol,0.01,0.5059,2,0
week,2021-W48,reversal,-0.04974,0.2879,3,0
week,2021-W49,momentum,0.21828,0.9337,1,1
week,2021-W49,lowvol,0.01868,0.4619,2,0
week,2021-W49,reversal,-0.06418,0.2117,3,0
week,2021-W50,momentum,0.12478,0.8271,1,1
week,2021-W50,lowvol,0.02417,0.5581,2,0
week,2021-W50,reversal,-0.01459,0.4252,3,0
week,2021-W51,lowvol,0.02619,0.6871,1,1
week,2021-W51,reversal,-0.07714,0.2703,2,0
week,2021-W51,momentum,-0.12071,0.1497,3,0
week,2021-W52,lowvol,0.00334,0.8363,1,1
week,2021-W52,reversal,-0.13859,0.2563,2,0
week,2021-W52,momentum,-0.22668,0.0674,3,0
week,2022-W01,lowvol,0.0262,0.8514,1,1
week,2022-W01,momentum,-0.13235,0.2789,2,0
week,2022-W01,reversal,-0.1332,0.2598,3,0
week,2022-W02,lowvol,0.00315,0.7931,1,1
week,2022-W02,reversal,-0.07817,0.4638,2,0
week,2022-W02,momentum,-0.1602,0.2292,3,0
week,2022-W03,lowvol,-0.00032,0.6817,1,1
week,2022-W03,reversal,-0.01135,0.6453,2,0
week,2022-W03,momentum,-0.12326,0.212,3,0
week,2022-W04,reversal,0.08507,0.7492,1,1
week,2022-W04,momentum,0.03166,0.5106,2,0
week,2022-W04,lowvol,0.01443,0.4295,3,0
week,2022-W06,momentum,0.04928,0.7903,1,1
week,2022-W06,lowvol,-0.01032,0.6445,2,0
week,2022-W06,reversal,-0.00399,0.6289,3,0
week,2022-W07,reversal,0.07552,0.8916,1,1
week,2022-W07,momentum,0.04455,0.8446,2,0
week,2022-W07,lowvol,-0.07192,0.5651,3,0
week,2022-W08,reversal,0.06392,0.8629,1,1
week,2022-W08,lowvol,-0.06164,0.5382,2,0
week,2022-W08,momentum,-0.07781,0.4591,3,0
week,2022-W09,momentum,-0.04051,0.6509,1,1
week,2022-W09,lowvol,-0.04849,0.647,2,0
week,2022-W09,reversal,-0.08529,0.486,3,0
week,2022-W10,lowvol,0.01337,0.7188,1,1
week,2022-W10,reversal,-0.00563,0.6509,2,0
week,2022-W10,momentum,-0.13765,0.1861,3,0
week,2022-W11,lowvol,0.05475,0.7835,1,1
week,2022-W11,reversal,-0.02963,0.5349,2,0
week,2022-W11,momentum,-0.2044,0.0777,3,0
week,2022-W12,lowvol,0.01276,0.8826,1,1
week,2022-W12,reversal,-0.189,0.3373,2,0
week,2022-W12,momentum,-0.3161,0.0736,3,0
week,2022-W13,lowvol,-0.00979,0.8858,1,1
week,2022-W13,reversal,-0.21726,0.3048,2,0
week,2022-W13,momentum,-0.22928,0.2859,3,0
week,2022-W14,lowvol,-0.04163,0.7747,1,1
week,2022-W14,reversal,-0.10863,0.5622,2,0
week,2022-W14,momentum,-0.14985,0.389,3,0
week,2022-W15,reversal,0.01758,0.7594,1,1
week,2022-W15,lowvol,-0.01278,0.6993,2,0
week,2022-W15,momentum,-0.15266,0.1654,3,0
week,2022-W16,reversal,0.07264,0.7938,1,1
week,2022-W16,momentum,0.02057,0.6402,2,0
week,2022-W16,lowvol,-0.0115,0.5494,3,0
week,2022-W17,reversal,0.17018,0.6683,1,1
week,2022-W17,momentum,0.0956,0.4031,2,0
week,2022-W17,lowvol,-0.00699,0.09,3,0
week,2022-W18,reversal,0.08098,0.3655,1,1
week,2022-W18,momentum,0.03575,0.1934,2,0
week,2022-W18,lowvol,0.00037,0.1009,3,0
week,2022-W19,reversal,0.05238,0.4004,1,1
week,2022-W19,lowvol,0.00556,0.1883,2,0
week,2022-W19,momentum,-0.0724,0.0663,3,0
week,2022-W20,lowvol,0.01695,0.2611,1,1
week,2022-W20,momentum,-0.0161,0.2257,2,0
week,2022-W20,reversal,-0.01061,0.1789,3,0
week,2022-W21,momentum,0.17562,0.8296,1,1
week,2022-W21,lowvol,0.01429,0.2468,2,0
week,2022-W21,reversal,-0.03334,0.112,3,0
week,2022-W22,reversal,0.02196,0.3312,1,1
week,2022-W22,momentum,0.00879,0.3081,2,0
week,2022-W22,lowvol,0.01687,0.2998,3,0
week,2022-W23,reversal,0.06536,0.6325,1,1
week,2022-W23,lowvol,0.01021,0.3993,2,0
week,2022-W23,momentum,-0.04492,0.1511,3,0
week,2022-W24,reversal,0.1,0.7721,1,1
week,2022-W24,lowvol,-0.00344,0.4522,2,0
week,2022-W24,momentum,-0.08689,0.1203,3,0
week,2022-W25,reversal,0.05616,0.6532,1,1
week,2022-W25,lowvol,0.00107,0.4228,2,0
week,2022-W25,momentum,-0.06698,0.1414,3,0
week,2022-W26,reversal,0.01252,0.5265,1,1
week,2022-W26,lowvol,0.00226,0.5011,2,0
week,2022-W26,momentum,-0.08033,0.1935,3,0
week,2022-W27,reversal,0.03106,0.6321,1,1
week,2022-W27,momentum,0.02988,0.6127,2,0
week,2022-W27,lowvol,-0.02162,0.4369,3,0
week,2022-W28,reversal,0.02175,0.4423,1,1
week,2022-W28,momentum,0.01163,0.3962,2,0
week,2022-W28,lowvol,-0.00933,0.325,3,0
week,2022-W29,reversal,0.03345,0.5436,1,1
week,2022-W29,momentum,0.02142,0.4858,2,0
week,2022-W29,lowvol,0.00528,0.4141,3,0
week,2022-W30,reversal,0.01316,0.5801,1,1
week,2022-W30,lowvol,0.00358,0.5346,2,0
week,2022-W30,momentum,-0.025,0.3808,3,0
week,2022-W31,lowvol,0.01785,0.6014,1,1
week,2022-W31,reversal,0.00705,0.5546,2,0
week,2022-W31,momentum,-0.20296,0.0691,3,0
week,2022-W32,lowvol,0.02092,0.6917,1,1
week,2022-W32,reversal,-0.00266,0.598,2,0
week,2022-W32,momentum,-0.13179,0.1503,3,0
week,2022-W33,lowvol,0.00988,0.7967,1,1
week,2022-W33,reversal,-0.08101,0.4637,2,0
week,2022-W33,momentum,-0.22866,0.0672,3,0
week,2022-W34,lowvol,0.01339,0.8715,1,1
week,2022-W34,reversal,-0.06908,0.6035,2,0
week,2022-W34,momentum,-0.1881,0.1108,3,0
week,2022-W35,lowvol,0.00258,0.88,1,1
week,2022-W35,reversal,-0.10853,0.469,2,0
week,2022-W35,momentum,-0.19691,0.066,3,0
week,2022-W36,lowvol,-0.01542,0.8321,1,1
week,2022-W36,reversal,-0.11376,0.3728,2,0
week,2022-W36,momentum,-0.15792,0.1826,3,0
week,2022-W37,lowvol,-0.01745,0.6334,1,1
week,2022-W37,reversal,-0.06598,0.359,2,0
week,2022-W37,momentum,-0.10375,0.178,3,0
week,2022-W38,reversal,0.00409,0.6072,1,1
week,2022-W38,lowvol,-0.02238,0.4886,2,0
week,2022-W38,momentum,-0.11606,0.1748,3,0
week,2022-W39,reversal,0.05735,0.5659,1,1
week,2022-W39,lowvol,-0.03299,0.2384,2,0
week,2022-W39,momentum,-0.14674,0.0502,3,0
week,2022-W41,reversal,0.10993,0.6086,1,1
week,2022-W41,momentum,0.05116,0.3881,2,0
week,2022-W41,lowvol,-0.01362,0.1581,3,0
week,2022-W42,reversal,0.07995,0.685,1,1
week,2022-W42,lowvol,-0.00645,0.2445,2,0
week,2022-W42,momentum,-0.10433,0.0501,3,0
week,2022-W43,reversal,0.09322,0.7286,1,1
week,2022-W43,lowvol,0.02944,0.4215,2,0
week,2022-W43,momentum,-0.05627,0.0997,3,0
week,2022-W44,reversal,0.13406,0.8622,1,1
week,2022-W44,lowvol,0.1325,0.8528,2,0
week,2022-W44,momentum,-0.02947,0.2275,3,0
week,2022-W45,lowvol,0.19042,0.9473,1,1
week,2022-W45,reversal,0.06348,0.6872,2,0
week,2022-W45,momentum,-0.1163,0.0668,3,0
week,2022-W46,lowvol,0.12384,0.8973,1,1
week,2022-W46,reversal,-0.00538,0.5343,2,0
week,2022-W46,momentum,-0.05149,0.3225,3,0
week,2022-W47,lowvol,0.00845,0.7632,1,1
week,2022-W47,reversal,-0.03714,0.5588,2,0
week,2022-W47,momentum,-0.08127,0.3301,3,0
week,2022-W48,lowvol,-0.02461,0.695,1,1
week,2022-W48,reversal,-0.04192,0.5857,2,0
week,2022-W48,momentum,-0.07387,0.3708,3,0
week,2022-W49,lowvol,-0.03163,0.5773,1,1
week,2022-W49,reversal,-0.02531,0.5732,2,0
week,2022-W49,momentum,-0.04788,0.5174,3,0
week,2022-W50,reversal,0.0569,0.8347,1,1
week,2022-W50,lowvol,-0.01477,0.5579,2,0
week,2022-W50,momentum,-0.15774,0.0376,3,0
week,2022-W51,reversal,0.0765,0.6584,1,1
week,2022-W51,lowvol,0.02937,0.3876,2,0
week,2022-W51,momentum,-0.1919,0.0052,3,0
week,2022-W52,reversal,0.06432,0.3638,1,1
week,2022-W52,lowvol,0.03851,0.2352,2,0
week,2022-W52,momentum,-0.0822,0.0357,3,0
week,2023-W01,rz_buy,0.08641,0.5832,1,1
week,2023-W01,reversal,0.06486,0.4649,2,0
week,2023-W01,lowvol,0.02114,0.2218,3,0
week,2023-W01,momentum,-0.00117,0.1907,4,0
week,2023-W02,rz_buy,0.10938,0.6768,1,1
week,2023-W02,reversal,0.05487,0.3871,2,0
week,2023-W02,lowvol,0.02632,0.2279,3,0
week,2023-W02,momentum,-0.0325,0.1031,4,0
week,2023-W03,reversal,0.06991,0.599,1,1
week,2023-W03,rz_buy,0.05336,0.492,2,0
week,2023-W03,lowvol,0.03367,0.3704,3,0
week,2023-W03,momentum,-0.07207,0.0481,4,0
week,2023-W05,reversal,0.05836,0.7424,1,1
week,2023-W05,lowvol,0.03445,0.6301,2,0
week,2023-W05,rz_buy,0.02627,0.5709,3,0
week,2023-W05,momentum,-0.04325,0.265,4,0
week,2023-W06,lowvol,0.02347,0.6985,1,1
week,2023-W06,rz_buy,0.02398,0.6759,2,0
week,2023-W06,reversal,0.02114,0.6726,3,0
week,2023-W06,momentum,0.03282,0.5918,4,0
week,2023-W07,lowvol,0.03027,0.8039,1,1
week,2023-W07,rz_buy,-0.01683,0.5977,2,0
week,2023-W07,reversal,-0.03671,0.49,3,0
week,2023-W07,momentum,-0.12432,0.1327,4,0
week,2023-W08,lowvol,0.0314,0.75,1,1
week,2023-W08,momentum,-0.00174,0.5595,2,0
week,2023-W08,rz_buy,-0.0239,0.5201,3,0
week,2023-W08,reversal,-0.03244,0.4654,4,0
week,2023-W09,momentum,0.07151,0.8339,1,1
week,2023-W09,lowvol,0.0085,0.6973,2,0
week,2023-W09,rz_buy,-0.02836,0.5203,3,0
week,2023-W09,reversal,-0.04336,0.4413,4,0
week,2023-W10,momentum,0.05789,0.6022,1,1
week,2023-W10,reversal,0.00542,0.5993,2,0
week,2023-W10,lowvol,-0.01292,0.5568,3,0
week,2023-W10,rz_buy,-0.02165,0.5096,4,0
week,2023-W11,rz_buy,0.01436,0.587,1,1
week,2023-W11,lowvol,-0.00065,0.5143,2,0
week,2023-W11,momentum,-0.00332,0.485,3,0
week,2023-W11,reversal,-0.02751,0.3624,4,0
week,2023-W12,momentum,0.17639,0.7913,1,1
week,2023-W12,lowvol,0.00251,0.646,2,0
week,2023-W12,rz_buy,-0.02684,0.5167,3,0
week,2023-W12,reversal,-0.0925,0.1816,4,0
week,2023-W13,momentum,0.25879,0.97,1,1
week,2023-W13,lowvol,0.01973,0.7661,2,0
week,2023-W13,rz_buy,-0.01795,0.6544,3,0
week,2023-W13,reversal,-0.10949,0.2474,4,0
week,2023-W14,momentum,0.17285,0.9246,1,1
week,2023-W14,lowvol,0.05911,0.8323,2,0
week,2023-W14,rz_buy,-0.00548,0.6608,3,0
week,2023-W14,reversal,-0.11969,0.2382,4,0
week,2023-W15,lowvol,0.04187,0.7901,1,1
week,2023-W15,rz_buy,-0.00018,0.6516,2,0
week,2023-W15,momentum,-0.01354,0.6038,3,0
week,2023-W15,reversal,-0.0782,0.3722,4,0
week,2023-W16,momentum,0.03693,0.6841,1,1
week,2023-W16,reversal,0.00219,0.5987,2,0
week,2023-W16,lowvol,0.00239,0.5967,3,0
week,2023-W16,rz_buy,-0.01353,0.531,4,0
week,2023-W17,momentum,0.05286,0.6453,1,1
week,2023-W17,reversal,0.02825,0.5587,2,0
week,2023-W17,lowvol,-0.00114,0.4288,3,0
week,2023-W17,rz_buy,-0.0036,0.4155,4,0
week,2023-W18,reversal,0.03548,0.6745,1,1
week,2023-W18,rz_buy,-0.00506,0.46,2,0
week,2023-W18,lowvol,-0.01778,0.395,3,0
week,2023-W18,momentum,-0.03306,0.3403,4,0
week,2023-W19,reversal,0.07362,0.7734,1,1
week,2023-W19,momentum,0.02366,0.6063,2,0
week,2023-W19,rz_buy,-0.01074,0.4519,3,0
week,2023-W19,lowvol,-0.02815,0.3511,4,0
week,2023-W20,reversal,0.13299,0.8907,1,1
week,2023-W20,momentum,0.10596,0.8151,2,0
week,2023-W20,rz_buy,-0.01431,0.4136,3,0
week,2023-W20,lowvol,-0.03033,0.3232,4,0
week,2023-W21,reversal,0.07186,0.8067,1,1
week,2023-W21,momentum,0.0304,0.6356,2,0
week,2023-W21,rz_buy,-0.02608,0.4156,3,0
week,2023-W21,lowvol,-0.03142,0.379,4,0
week,2023-W22,reversal,0.14571,0.9161,1,1
week,2023-W22,rz_buy,-0.00157,0.4571,2,0
week,2023-W22,lowvol,-0.00591,0.4255,3,0
week,2023-W22,momentum,-0.05827,0.1652,4,0
week,2023-W23,reversal,0.05851,0.6897,1,1
week,2023-W23,rz_buy,0.02838,0.5433,2,0
week,2023-W23,lowvol,-0.00467,0.3631,3,0
week,2023-W23,momentum,-0.06838,0.1371,4,0
week,2023-W24,rz_buy,0.03343,0.6066,1,1
week,2023-W24,lowvol,0.00927,0.4738,2,0
week,2023-W24,reversal,-0.00123,0.4139,3,0
week,2023-W24,momentum,-0.12022,0.0813,4,0
week,2023-W25,rz_buy,0.0481,0.7079,1,1
week,2023-W25,lowvol,0.01745,0.5414,2,0
week,2023-W25,reversal,0.01348,0.5186,3,0
week,2023-W25,momentum,-0.24013,0.0149,4,0
week,2023-W26,rz_buy,0.05959,0.6947,1,1
week,2023-W26,lowvol,0.05669,0.6782,2,0
week,2023-W26,reversal,-0.01044,0.4216,3,0
week,2023-W26,momentum,-0.17882,0.0214,4,0
week,2023-W27,rz_buy,0.14095,0.93,1,1
week,2023-W27,lowvol,0.10497,0.8849,2,0
week,2023-W27,reversal,-0.06404,0.2375,3,0
week,2023-W27,momentum,-0.18358,0.033,4,0
week,2023-W28,rz_buy,0.0516,0.8157,1,1
week,2023-W28,lowvol,0.03773,0.776,2,0
week,2023-W28,reversal,0.00666,0.6261,3,0
week,2023-W28,momentum,-0.07786,0.2389,4,0
week,2023-W29,lowvol,0.02443,0.7945,1,1
week,2023-W29,rz_buy,0.02484,0.7767,2,0
week,2023-W29,reversal,0.00658,0.7152,3,0
week,2023-W29,momentum,-0.11279,0.1998,4,0
week,2023-W30,lowvol,-0.02639,0.7202,1,1
week,2023-W30,reversal,-0.02649,0.7026,2,0
week,2023-W30,rz_buy,-0.03678,0.6566,3,0
week,2023-W30,momentum,-0.067,0.4624,4,0
week,2023-W31,reversal,-0.01162,0.6922,1,1
week,2023-W31,rz_buy,-0.02442,0.6631,2,0
week,2023-W31,lowvol,-0.03469,0.6013,3,0
week,2023-W31,momentum,-0.1111,0.1688,4,0
week,2023-W32,reversal,0.00499,0.6377,1,1
week,2023-W32,rz_buy,-0.00934,0.5638,2,0
week,2023-W32,lowvol,-0.0135,0.5415,3,0
week,2023-W32,momentum,-0.0868,0.1949,4,0
week,2023-W33,reversal,0.05289,0.7497,1,1
week,2023-W33,rz_buy,-0.00634,0.5239,2,0
week,2023-W33,lowvol,-0.02015,0.4332,3,0
week,2023-W33,momentum,-0.16818,0.0201,4,0
week,2023-W34,rz_buy,-0.00216,0.4538,1,1
week,2023-W34,lowvol,-0.00392,0.4396,2,0
week,2023-W34,reversal,-0.01413,0.3702,3,0
week,2023-W34,momentum,-0.21946,0.0063,4,0
week,2023-W35,rz_buy,0.01617,0.6661,1,1
week,2023-W35,lowvol,-0.00024,0.5711,2,0
week,2023-W35,reversal,-0.03617,0.3108,3,0
week,2023-W35,momentum,-0.15122,0.0423,4,0
week,2023-W36,momentum,0.14174,0.9354,1,1
week,2023-W36,lowvol,-0.01651,0.5827,2,0
week,2023-W36,reversal,-0.00163,0.5826,3,0
week,2023-W36,rz_buy,-0.02985,0.4837,4,0
week,2023-W37,momentum,0.04292,0.7969,1,1
week,2023-W37,lowvol,-0.02742,0.6736,2,0
week,2023-W37,reversal,-0.03779,0.5955,3,0
week,2023-W37,rz_buy,-0.0586,0.4678,4,0
week,2023-W38,momentum,0.09296,0.9046,1,1
week,2023-W38,rz_buy,-0.0343,0.4742,2,0
week,2023-W38,lowvol,-0.03997,0.4371,3,0
week,2023-W38,reversal,-0.06932,0.2558,4,0
week,2023-W39,rz_buy,-0.01066,0.505,1,1
week,2023-W39,lowvol,-0.01856,0.458,2,0
week,2023-W39,momentum,-0.04301,0.3862,3,0
week,2023-W39,reversal,-0.07508,0.1831,4,0
week,2023-W41,lowvol,0.02578,0.5928,1,1
week,2023-W41,rz_buy,0.00496,0.4578,2,0
week,2023-W41,reversal,-0.00682,0.3845,3,0
week,2023-W41,momentum,-0.09144,0.0835,4,0
week,2023-W42,reversal,0.06436,0.5686,1,1
week,2023-W42,rz_buy,0.03912,0.419,2,0
week,2023-W42,lowvol,0.03909,0.4179,3,0
week,2023-W42,momentum,-0.0228,0.1647,4,0
week,2023-W43,reversal,0.10238,0.6632,1,1
week,2023-W43,rz_buy,0.06227,0.4518,2,0
week,2023-W43,momentum,0.05264,0.4048,3,0
week,2023-W43,lowvol,0.01969,0.2454,4,0
week,2023-W44,reversal,0.10463,0.8589,1,1
week,2023-W44,momentum,0.04581,0.5504,2,0
week,2023-W44,rz_buy,0.02468,0.4727,3,0
week,2023-W44,lowvol,0.01082,0.3637,4,0
week,2023-W45,rz_buy,0.04264,0.7946,1,1
week,2023-W45,lowvol,0.01503,0.6683,2,0
week,2023-W45,momentum,0.01351,0.6225,3,0
week,2023-W45,reversal,0.0096,0.6086,4,0
week,2023-W46,lowvol,0.00995,0.7171,1,1
week,2023-W46,rz_buy,-0.00754,0.626,2,0
week,2023-W46,reversal,-0.03548,0.4538,3,0
week,2023-W46,momentum,-0.04445,0.3887,4,0
week,2023-W47,lowvol,-0.01557,0.7381,1,1
week,2023-W47,rz_buy,-0.02668,0.6628,2,0
week,2023-W47,reversal,-0.08825,0.2868,3,0
week,2023-W47,momentum,-0.11012,0.1961,4,0
week,2023-W48,lowvol,-0.02193,0.7187,1,1
week,2023-W48,rz_buy,-0.03898,0.633,2,0
week,2023-W48,reversal,-0.04119,0.5948,3,0
week,2023-W48,momentum,-0.0662,0.4751,4,0
week,2023-W49,lowvol,-0.00355,0.6547,1,1
week,2023-W49,rz_buy,-0.01538,0.5904,2,0
week,2023-W49,reversal,-0.03701,0.4589,3,0
week,2023-W49,momentum,-0.14476,0.0518,4,0
week,2023-W50,lowvol,-0.0051,0.7175,1,1
week,2023-W50,rz_buy,-0.03243,0.5763,2,0
week,2023-W50,reversal,-0.05998,0.4312,3,0
week,2023-W50,momentum,-0.24594,0.0151,4,0
week,2023-W51,lowvol,-0.00869,0.7957,1,1
week,2023-W51,rz_buy,-0.05802,0.5868,2,0
week,2023-W51,reversal,-0.06632,0.539,3,0
week,2023-W51,momentum,-0.22704,0.0397,4,0
week,2023-W52,lowvol,0.01215,0.8766,1,1
week,2023-W52,rz_buy,-0.06873,0.6515,2,0
week,2023-W52,reversal,-0.12057,0.3707,3,0
week,2023-W52,momentum,-0.20785,0.0815,4,0
week,2024-W01,lowvol,-0.02119,0.9213,1,1
week,2024-W01,rz_buy,-0.14088,0.7071,2,0
week,2024-W01,reversal,-0.2221,0.4151,3,0
week,2024-W01,momentum,-0.25749,0.2567,4,0
week,2024-W02,lowvol,-0.00972,0.8927,1,1
week,2024-W02,rz_buy,-0.17487,0.6467,2,0
week,2024-W02,reversal,-0.29386,0.3723,3,0
week,2024-W02,momentum,-0.3247,0.307,4,0
week,2024-W03,lowvol,0.03714,0.872,1,1
week,2024-W03,rz_buy,-0.07086,0.6455,2,0
week,2024-W03,reversal,-0.09966,0.5793,3,0
week,2024-W03,momentum,-0.22294,0.2156,4,0
week,2024-W04,lowvol,0.04448,0.7323,1,1
week,2024-W04,reversal,0.03308,0.687,2,0
week,2024-W04,rz_buy,-0.00913,0.5614,3,0
week,2024-W04,momentum,-0.19905,0.0593,4,0
week,2024-W05,reversal,0.11665,0.7197,1,1
week,2024-W05,lowvol,0.04747,0.4859,2,0
week,2024-W05,rz_buy,0.02755,0.418,3,0
week,2024-W05,momentum,-0.10847,0.0722,4,0
week,2024-W06,reversal,0.51091,0.9194,1,1
week,2024-W06,rz_buy,0.16212,0.3476,2,0
week,2024-W06,momentum,0.12227,0.2918,3,0
week,2024-W06,lowvol,0.02197,0.0684,4,0
week,2024-W08,reversal,0.30868,0.8868,1,1
week,2024-W08,rz_buy,0.13757,0.5129,2,0
week,2024-W08,momentum,0.09322,0.3764,3,0
week,2024-W08,lowvol,-0.00605,0.0842,4,0
week,2024-W09,reversal,0.14153,0.8564,1,1
week,2024-W09,rz_buy,0.01871,0.5063,2,0
week,2024-W09,lowvol,-0.00153,0.4003,3,0
week,2024-W09,momentum,-0.08762,0.132,4,0
week,2024-W10,reversal,0.12437,0.7845,1,1
week,2024-W10,rz_buy,0.06172,0.5913,2,0
week,2024-W10,lowvol,-0.00392,0.3305,3,0
week,2024-W10,momentum,-0.11979,0.0936,4,0
week,2024-W11,lowvol,0.00255,0.647,1,1
week,2024-W11,reversal,-0.01737,0.6218,2,0
week,2024-W11,rz_buy,-0.01629,0.6177,3,0
week,2024-W11,momentum,-0.16702,0.1237,4,0
week,2024-W12,lowvol,0.01873,0.8243,1,1
week,2024-W12,reversal,-0.04061,0.6862,2,0
week,2024-W12,rz_buy,-0.06201,0.6313,3,0
week,2024-W12,momentum,-0.16267,0.3067,4,0
week,2024-W13,lowvol,0.02434,0.7081,1,1
week,2024-W13,rz_buy,-0.01869,0.5221,2,0
week,2024-W13,reversal,-0.04796,0.4149,3,0
week,2024-W13,momentum,-0.0815,0.2968,4,0
week,2024-W14,lowvol,0.01801,0.6577,1,1
week,2024-W14,reversal,-0.00625,0.5517,2,0
week,2024-W14,rz_buy,-0.00996,0.5352,3,0
week,2024-W14,momentum,-0.0112,0.5205,4,0
week,2024-W15,lowvol,0.03791,0.6361,1,1
week,2024-W15,reversal,0.00731,0.4928,2,0
week,2024-W15,momentum,-0.00828,0.4119,3,0
week,2024-W15,rz_buy,-0.01644,0.4025,4,0
week,2024-W16,momentum,0.18572,0.7735,1,1
week,2024-W16,reversal,0.18127,0.6884,2,0
week,2024-W16,rz_buy,0.0677,0.4687,3,0
week,2024-W16,lowvol,0.046,0.3801,4,0
week,2024-W17,rz_buy,0.07172,0.6556,1,1
week,2024-W17,lowvol,0.05253,0.6143,2,0
week,2024-W17,momentum,0.04875,0.5994,3,0
week,2024-W17,reversal,0.0264,0.4763,4,0
week,2024-W18,lowvol,0.02251,0.7112,1,1
week,2024-W18,reversal,0.0144,0.7052,2,0
week,2024-W18,momentum,-0.02888,0.4762,3,0
week,2024-W18,rz_buy,-0.0279,0.4682,4,0
week,2024-W19,lowvol,-0.00874,0.7987,1,1
week,2024-W19,reversal,-0.03491,0.7126,2,0
week,2024-W19,rz_buy,-0.1174,0.3063,3,0
week,2024-W19,momentum,-0.15814,0.1933,4,0
week,2024-W20,lowvol,-0.00945,0.7906,1,1
week,2024-W20,rz_buy,-0.1002,0.3636,2,0
week,2024-W20,momentum,-0.14638,0.1957,3,0
week,2024-W20,reversal,-0.16783,0.1715,4,0
week,2024-W21,lowvol,-0.008,0.8177,1,1
week,2024-W21,rz_buy,-0.12489,0.3189,2,0
week,2024-W21,momentum,-0.19395,0.0774,3,0
week,2024-W21,reversal,-0.1992,0.0675,4,0
week,2024-W22,lowvol,-0.00107,0.8492,1,1
week,2024-W22,rz_buy,-0.11232,0.3665,2,0
week,2024-W22,reversal,-0.15754,0.1933,3,0
week,2024-W22,momentum,-0.17506,0.1066,4,0
week,2024-W23,reversal,0.01429,0.8231,1,1
week,2024-W23,lowvol,-0.01951,0.7389,2,0
week,2024-W23,rz_buy,-0.06181,0.4945,3,0
week,2024-W23,momentum,-0.09291,0.3361,4,0
week,2024-W24,reversal,0.01981,0.8378,1,1
week,2024-W24,lowvol,-0.01837,0.727,2,0
week,2024-W24,rz_buy,-0.07453,0.4159,3,0
week,2024-W24,momentum,-0.11173,0.2327,4,0
week,2024-W25,lowvol,0.02171,0.8616,1,1
week,2024-W25,reversal,-0.02103,0.7178,2,0
week,2024-W25,rz_buy,-0.0303,0.6716,3,0
week,2024-W25,momentum,-0.20674,0.0429,4,0
week,2024-W26,reversal,0.19664,0.9754,1,1
week,2024-W26,lowvol,0.03278,0.8379,2,0
week,2024-W26,rz_buy,0.00647,0.7435,3,0
week,2024-W26,momentum,-0.15946,0.0789,4,0
week,2024-W27,reversal,0.20407,0.9682,1,1
week,2024-W27,lowvol,0.03285,0.7413,2,0
week,2024-W27,rz_buy,0.03681,0.7316,3,0
week,2024-W27,momentum,-0.12215,0.0978,4,0
week,2024-W28,rz_buy,0.02281,0.6146,1,1
week,2024-W28,reversal,0.02655,0.6102,2,0
week,2024-W28,lowvol,0.01683,0.6001,3,0
week,2024-W28,momentum,-0.11298,0.1781,4,0
week,2024-W29,rz_buy,0.04077,0.7376,1,1
week,2024-W29,lowvol,0.00771,0.5664,2,0
week,2024-W29,reversal,-0.00546,0.4913,3,0
week,2024-W29,momentum,-0.04196,0.3287,4,0
week,2024-W30,rz_buy,0.03305,0.7757,1,1
week,2024-W30,momentum,0.02493,0.7074,2,0
week,2024-W30,lowvol,0.01637,0.697,3,0
week,2024-W30,reversal,-0.00103,0.58,4,0
week,2024-W31,lowvol,0.05886,0.8852,1,1
week,2024-W31,rz_buy,-0.02148,0.6649,2,0
week,2024-W31,reversal,-0.0532,0.4659,3,0
week,2024-W31,momentum,-0.07904,0.3238,4,0
week,2024-W32,lowvol,0.03016,0.7879,1,1
week,2024-W32,rz_buy,0.01576,0.7501,2,0
week,2024-W32,reversal,-0.02571,0.551,3,0
week,2024-W32,momentum,-0.09098,0.2377,4,0
week,2024-W33,rz_buy,-0.0129,0.6707,1,1
week,2024-W33,reversal,-0.03679,0.5449,2,0
week,2024-W33,lowvol,-0.04753,0.48,3,0
week,2024-W33,momentum,-0.09904,0.3045,4,0
week,2024-W34,rz_buy,0.05932,0.7704,1,1
week,2024-W34,momentum,-0.0141,0.5148,2,0
week,2024-W34,reversal,-0.02045,0.4609,3,0
week,2024-W34,lowvol,-0.02737,0.4223,4,0
week,2024-W35,reversal,0.23807,0.7118,1,1
week,2024-W35,rz_buy,0.20875,0.7078,2,0
week,2024-W35,lowvol,0.1228,0.3429,3,0
week,2024-W35,momentum,0.01672,0.0664,4,0
week,2024-W36,reversal,0.21991,0.6569,1,1
week,2024-W36,rz_buy,0.18423,0.5127,2,0
week,2024-W36,lowvol,0.12515,0.2713,3,0
week,2024-W36,momentum,0.00676,0.0287,4,0
week,2024-W37,reversal,0.36602,0.8054,1,1
week,2024-W37,rz_buy,0.2375,0.5695,2,0
week,2024-W37,momentum,0.18156,0.3786,3,0
week,2024-W37,lowvol,0.12336,0.1805,4,0
week,2024-W38,momentum,0.58747,0.9201,1,1
week,2024-W38,reversal,0.48312,0.8675,2,0
week,2024-W38,rz_buy,0.33408,0.6788,3,0
week,2024-W38,lowvol,0.15435,0.1409,4,0
week,2024-W39,momentum,0.70946,0.9605,1,1
week,2024-W39,reversal,0.35234,0.7635,2,0
week,2024-W39,rz_buy,0.33897,0.6656,3,0
week,2024-W39,lowvol,0.11549,0.207,4,0
week,2024-W40,momentum,0.20516,0.8975,1,1
week,2024-W40,reversal,0.15964,0.8578,2,0
week,2024-W40,rz_buy,0.1287,0.8214,3,0
week,2024-W40,lowvol,-0.01489,0.3501,4,0
week,2024-W41,momentum,0.29755,0.8691,1,1
week,2024-W41,reversal,0.20706,0.8203,2,0
week,2024-W41,rz_buy,0.16236,0.6529,3,0
week,2024-W41,lowvol,0.07135,0.5189,4,0
week,2024-W42,reversal,0.24948,0.8268,1,1
week,2024-W42,momentum,0.20589,0.7228,2,0
week,2024-W42,rz_buy,0.15912,0.6054,3,0
week,2024-W42,lowvol,0.09746,0.4221,4,0
week,2024-W43,rz_buy,0.16146,0.807,1,1
week,2024-W43,reversal,0.13123,0.7717,2,0
week,2024-W43,lowvol,0.06315,0.6202,3,0
week,2024-W43,momentum,-0.04695,0.1646,4,0
week,2024-W44,rz_buy,0.08639,0.6818,1,1
week,2024-W44,lowvol,0.03791,0.5839,2,0
week,2024-W44,reversal,0.00238,0.4132,3,0
week,2024-W44,momentum,-0.24142,0.0074,4,0
week,2024-W45,rz_buy,0.02365,0.5167,1,1
week,2024-W45,lowvol,0.01884,0.4966,2,0
week,2024-W45,reversal,0.00603,0.4328,3,0
week,2024-W45,momentum,-0.10436,0.0776,4,0
week,2024-W46,lowvol,0.03518,0.5777,1,1
week,2024-W46,rz_buy,0.02255,0.5166,2,0
week,2024-W46,reversal,-0.01427,0.3457,3,0
week,2024-W46,momentum,-0.07221,0.1977,4,0
week,2024-W47,lowvol,0.03578,0.586,1,1
week,2024-W47,reversal,0.00313,0.3968,2,0
week,2024-W47,rz_buy,-0.00334,0.3829,3,0
week,2024-W47,momentum,-0.09922,0.1304,4,0
week,2024-W48,lowvol,0.05168,0.7715,1,1
week,2024-W48,rz_buy,-0.02421,0.456,2,0
week,2024-W48,reversal,-0.07588,0.1987,3,0
week,2024-W48,momentum,-0.24367,0.0064,4,0
week,2024-W49,lowvol,0.01517,0.8611,1,1
week,2024-W49,rz_buy,-0.07202,0.6063,2,0
week,2024-W49,reversal,-0.17556,0.1645,3,0
week,2024-W49,momentum,-0.27848,0.0302,4,0
week,2024-W50,lowvol,-0.03204,0.8647,1,1
week,2024-W50,rz_buy,-0.12285,0.5738,2,0
week,2024-W50,reversal,-0.18284,0.2915,3,0
week,2024-W50,momentum,-0.2485,0.1098,4,0
week,2024-W51,lowvol,-0.03764,0.7323,1,1
week,2024-W51,momentum,-0.07763,0.5258,2,0
week,2024-W51,rz_buy,-0.0822,0.5083,3,0
week,2024-W51,reversal,-0.09227,0.4463,4,0
week,2024-W52,momentum,-0.00307,0.7352,1,1
week,2024-W52,lowvol,-0.03727,0.5783,2,0
week,2024-W52,reversal,-0.04896,0.5019,3,0
week,2024-W52,rz_buy,-0.05133,0.4946,4,0
week,2025-W01,reversal,0.08968,0.7665,1,1
week,2025-W01,rz_buy,3e-05,0.3978,2,0
week,2025-W01,lowvol,-0.01498,0.3299,3,0
week,2025-W01,momentum,-0.03786,0.2357,4,0
week,2025-W02,reversal,0.17414,0.7902,1,1
week,2025-W02,rz_buy,0.06454,0.4309,2,0
week,2025-W02,momentum,0.05766,0.4063,3,0
week,2025-W02,lowvol,0.02035,0.224,4,0
week,2025-W03,momentum,0.154,0.7669,1,1
week,2025-W03,reversal,0.08066,0.5398,2,0
week,2025-W03,rz_buy,0.05472,0.43,3,0
week,2025-W03,lowvol,0.00843,0.2295,4,0
week,2025-W04,reversal,0.16825,0.8118,1,1
week,2025-W04,rz_buy,0.054,0.4885,2,0
week,2025-W04,momentum,0.03665,0.3734,3,0
week,2025-W04,lowvol,0.00022,0.2284,4,0
week,2025-W05,reversal,0.17669,0.8282,1,1
week,2025-W05,rz_buy,0.13196,0.729,2,0
week,2025-W05,momentum,0.06688,0.5087,3,0
week,2025-W05,lowvol,-0.01269,0.1679,4,0
week,2025-W06,momentum,0.20183,0.8625,1,1
week,2025-W06,reversal,0.10359,0.7081,2,0
week,2025-W06,rz_buy,0.08916,0.6339,3,0
week,2025-W06,lowvol,-0.01104,0.2024,4,0
week,2025-W07,rz_buy,0.038,0.5445,1,1
week,2025-W07,reversal,0.02182,0.4615,2,0
week,2025-W07,lowvol,0.00361,0.3616,3,0
week,2025-W07,momentum,-0.02654,0.2211,4,0
week,2025-W08,rz_buy,0.04049,0.5181,1,1
week,2025-W08,lowvol,0.0209,0.4052,2,0
week,2025-W08,reversal,0.00363,0.3224,3,0
week,2025-W08,momentum,-0.13977,0.0144,4,0
week,2025-W09,lowvol,0.02439,0.6347,1,1
week,2025-W09,reversal,0.00386,0.5413,2,0
week,2025-W09,rz_buy,-0.00767,0.4721,3,0
week,2025-W09,momentum,-0.19572,0.0241,4,0
week,2025-W10,lowvol,0.01213,0.7297,1,1
week,2025-W10,reversal,-0.0221,0.592,2,0
week,2025-W10,rz_buy,-0.02608,0.5396,3,0
week,2025-W10,momentum,-0.13319,0.1529,4,0
week,2025-W11,lowvol,-0.00086,0.8408,1,1
week,2025-W11,rz_buy,-0.07617,0.6548,2,0
week,2025-W11,momentum,-0.20108,0.1995,3,0
week,2025-W11,reversal,-0.22752,0.1213,4,0
week,2025-W12,lowvol,-0.01845,0.7849,1,1
week,2025-W12,rz_buy,-0.0366,0.7398,2,0
week,2025-W12,reversal,-0.17511,0.2152,3,0
week,2025-W12,momentum,-0.24708,0.0621,4,0
week,2025-W13,lowvol,-0.00395,0.7376,1,1
week,2025-W13,rz_buy,-0.03031,0.6276,2,0
week,2025-W13,reversal,-0.06204,0.4879,3,0
week,2025-W13,momentum,-0.1905,0.0536,4,0
week,2025-W14,lowvol,-0.00548,0.616,1,1
week,2025-W14,momentum,-0.02366,0.5296,2,0
week,2025-W14,reversal,-0.06065,0.3262,3,0
week,2025-W14,rz_buy,-0.0705,0.3015,4,0
week,2025-W15,reversal,0.1584,0.6756,1,1
week,2025-W15,rz_buy,0.08018,0.3914,2,0
week,2025-W15,lowvol,0.033,0.2081,3,0
week,2025-W15,momentum,-0.07953,0.1392,4,0
week,2025-W16,momentum,0.19503,0.8716,1,1
week,2025-W16,reversal,0.12714,0.7182,2,0
week,2025-W16,rz_buy,0.06607,0.5178,3,0
week,2025-W16,lowvol,0.01082,0.2676,4,0
week,2025-W17,reversal,0.08657,0.729,1,1
week,2025-W17,momentum,0.07101,0.6392,2,0
week,2025-W17,rz_buy,0.06306,0.6142,3,0
week,2025-W17,lowvol,0.0084,0.3658,4,0
week,2025-W18,reversal,0.20343,0.9151,1,1
week,2025-W18,momentum,0.0866,0.6689,2,0
week,2025-W18,rz_buy,0.07264,0.595,3,0
week,2025-W18,lowvol,0.01031,0.3105,4,0
week,2025-W19,reversal,0.12188,0.8648,1,1
week,2025-W19,momentum,0.11554,0.8375,2,0
week,2025-W19,lowvol,0.02345,0.516,3,0
week,2025-W19,rz_buy,0.01014,0.4268,4,0
week,2025-W20,reversal,0.04201,0.6038,1,1
week,2025-W20,lowvol,0.01576,0.5117,2,0
week,2025-W20,momentum,0.00829,0.4438,3,0
week,2025-W20,rz_buy,-0.00508,0.3875,4,0
week,2025-W21,reversal,0.00479,0.523,1,1
week,2025-W21,lowvol,-0.00483,0.5103,2,0
week,2025-W21,rz_buy,-0.0337,0.3131,3,0
week,2025-W21,momentum,-0.11683,0.0678,4,0
week,2025-W22,reversal,0.05801,0.5647,1,1
week,2025-W22,lowvol,0.0098,0.3822,2,0
week,2025-W22,rz_buy,-0.00122,0.3136,3,0
week,2025-W22,momentum,-0.11247,0.0308,4,0
week,2025-W23,rz_buy,0.03442,0.5427,1,1
week,2025-W23,lowvol,-0.00087,0.2965,2,0
week,2025-W23,reversal,-0.00644,0.2951,3,0
week,2025-W23,momentum,-0.02811,0.1769,4,0
week,2025-W24,rz_buy,0.05895,0.6033,1,1
week,2025-W24,lowvol,0.02723,0.4654,2,0
week,2025-W24,reversal,0.00949,0.3482,3,0
week,2025-W24,momentum,-0.07581,0.0657,4,0
week,2025-W25,rz_buy,0.05333,0.4533,1,1
week,2025-W25,reversal,0.03031,0.3039,2,0
week,2025-W25,lowvol,0.02934,0.303,3,0
week,2025-W25,momentum,0.01041,0.218,4,0
week,2025-W26,rz_buy,0.07965,0.6108,1,1
week,2025-W26,lowvol,0.07012,0.5551,2,0
week,2025-W26,reversal,0.04476,0.3805,3,0
week,2025-W26,momentum,0.02838,0.3193,4,0
week,2025-W27,rz_buy,0.07519,0.6947,1,1
week,2025-W27,lowvol,0.0338,0.4559,2,0
week,2025-W27,reversal,0.02438,0.3823,3,0
week,2025-W27,momentum,-0.01081,0.2284,4,0
week,2025-W28,momentum,0.23884,0.8014,1,1
week,2025-W28,rz_buy,0.18585,0.6251,2,0
week,2025-W28,lowvol,0.01974,0.3486,3,0
week,2025-W28,reversal,0.00964,0.2968,4,0
week,2025-W29,momentum,0.45423,0.9651,1,1
week,2025-W29,rz_buy,0.23396,0.7413,2,0
week,2025-W29,reversal,0.06377,0.5522,3,0
week,2025-W29,lowvol,0.01784,0.3075,4,0
week,2025-W30,momentum,0.136,0.7101,1,1
week,2025-W30,reversal,0.08861,0.6269,2,0
week,2025-W30,rz_buy,0.01409,0.3096,3,0
week,2025-W30,lowvol,0.00929,0.2652,4,0
week,2025-W31,reversal,0.08859,0.6501,1,1
week,2025-W31,rz_buy,0.06846,0.5761,2,0
week,2025-W31,momentum,0.0281,0.3855,3,0
week,2025-W31,lowvol,0.01059,0.2779,4,0
week,2025-W32,rz_buy,0.047,0.6458,1,1
week,2025-W32,reversal,0.03626,0.6073,2,0
week,2025-W32,lowvol,0.00952,0.4982,3,0
week,2025-W32,momentum,0.00665,0.465,4,0
week,2025-W33,rz_buy,0.05971,0.6899,1,1
week,2025-W33,lowvol,0.01321,0.5273,2,0
week,2025-W33,reversal,0.01145,0.5128,3,0
week,2025-W33,momentum,0.00538,0.4805,4,0
week,2025-W34,rz_buy,0.03893,0.6958,1,1
week,2025-W34,momentum,0.03877,0.6577,2,0
week,2025-W34,lowvol,-0.01061,0.5132,3,0
week,2025-W34,reversal,-0.03245,0.3978,4,0
week,2025-W35,rz_buy,0.07192,0.7611,1,1
week,2025-W35,reversal,0.00299,0.6251,2,0
week,2025-W35,lowvol,-0.0299,0.5179,3,0
week,2025-W35,momentum,-0.05162,0.3836,4,0
week,2025-W36,reversal,0.04879,0.6965,1,1
week,2025-W36,rz_buy,0.02804,0.6041,2,0
week,2025-W36,momentum,0.00327,0.4971,3,0
week,2025-W36,lowvol,-0.00686,0.4665,4,0
week,2025-W37,momentum,0.05984,0.8043,1,1
week,2025-W37,lowvol,0.01038,0.6706,2,0
week,2025-W37,reversal,0.00656,0.6327,3,0
week,2025-W37,rz_buy,-0.00026,0.5997,4,0
week,2025-W38,lowvol,0.03226,0.7253,1,1
week,2025-W38,momentum,0.00416,0.5874,2,0
week,2025-W38,rz_buy,0.0001,0.5737,3,0
week,2025-W38,reversal,-0.01827,0.4689,4,0
week,2025-W39,reversal,0.03689,0.5983,1,1
week,2025-W39,momentum,0.03464,0.5615,2,0
week,2025-W39,lowvol,0.01858,0.5358,3,0
week,2025-W39,rz_buy,0.01632,0.5244,4,0
week,2025-W40,reversal,0.11701,0.8553,1,1
week,2025-W40,rz_buy,0.05371,0.6969,2,0
week,2025-W40,lowvol,0.03026,0.5869,3,0
week,2025-W40,momentum,0.02514,0.5601,4,0
week,2025-W41,momentum,0.17731,0.9327,1,1
week,2025-W41,reversal,0.0585,0.715,2,0
week,2025-W41,rz_buy,0.02873,0.5937,3,0
week,2025-W41,lowvol,0.01532,0.5258,4,0
week,2025-W42,rz_buy,0.07501,0.6885,1,1
week,2025-W42,momentum,0.0927,0.6743,2,0
week,2025-W42,reversal,0.03786,0.5237,3,0
week,2025-W42,lowvol,0.02469,0.4636,4,0
week,2025-W43,rz_buy,0.03616,0.6743,1,1
week,2025-W43,lowvol,0.00561,0.5389,2,0
week,2025-W43,reversal,0.00535,0.5177,3,0
week,2025-W43,momentum,-0.00075,0.5082,4,0
week,2025-W44,momentum,0.14094,0.8389,1,1
week,2025-W44,rz_buy,0.02818,0.7393,2,0
week,2025-W44,lowvol,-0.01619,0.5877,3,0
week,2025-W44,reversal,-0.03432,0.4878,4,0
week,2025-W45,momentum,0.11617,0.9166,1,1
week,2025-W45,rz_buy,0.00139,0.6817,2,0
week,2025-W45,lowvol,-0.01617,0.5992,3,0
week,2025-W45,reversal,-0.03883,0.456,4,0
week,2025-W46,momentum,0.02859,0.7113,1,1
week,2025-W46,lowvol,-0.0351,0.569,2,0
week,2025-W46,rz_buy,-0.0334,0.5638,3,0
week,2025-W46,reversal,-0.04377,0.512,4,0
week,2025-W47,lowvol,-0.03745,0.487,1,1
week,2025-W47,rz_buy,-0.04277,0.452,2,0
week,2025-W47,reversal,-0.04685,0.435,3,0
week,2025-W47,momentum,-0.1289,0.1214,4,0
week,2025-W48,momentum,0.06341,0.7222,1,1
week,2025-W48,reversal,0.03585,0.6459,2,0
week,2025-W48,rz_buy,0.02389,0.5777,3,0
week,2025-W48,lowvol,-0.01235,0.4051,4,0
week,2025-W49,momentum,0.1022,0.7765,1,1
week,2025-W49,reversal,0.03322,0.6038,2,0
week,2025-W49,rz_buy,0.01998,0.5592,3,0
week,2025-W49,lowvol,-0.02459,0.3144,4,0
week,2025-W50,momentum,0.29539,0.9192,1,1
week,2025-W50,reversal,0.05262,0.5254,2,0
week,2025-W50,rz_buy,0.05096,0.5176,3,0
week,2025-W50,lowvol,0.00893,0.2932,4,0
week,2025-W51,momentum,0.19853,0.6224,1,1
week,2025-W51,reversal,0.10044,0.5703,2,0
week,2025-W51,rz_buy,0.06559,0.4241,3,0
week,2025-W51,lowvol,-0.00628,0.1287,4,0
week,2025-W52,momentum,0.18921,0.7273,1,1
week,2025-W52,reversal,0.1567,0.7186,2,0
week,2025-W52,lowvol,0.03041,0.2852,3,0
week,2025-W52,rz_buy,0.01444,0.2185,4,0
week,2026-W01,momentum,0.17244,0.8195,1,1
week,2026-W01,lowvol,0.06821,0.5562,2,0
week,2026-W01,rz_buy,0.06081,0.5214,3,0
week,2026-W01,reversal,0.06167,0.509,4,0
week,2026-W02,momentum,0.08586,0.6764,1,1
week,2026-W02,lowvol,0.04684,0.6443,2,0
week,2026-W02,reversal,0.03279,0.5793,3,0
week,2026-W02,rz_buy,0.01293,0.4874,4,0
week,2026-W03,lowvol,0.02788,0.6184,1,1
week,2026-W03,rz_buy,-0.00048,0.4911,2,0
week,2026-W03,reversal,-0.00942,0.4437,3,0
week,2026-W03,momentum,-0.02738,0.3861,4,0
week,2026-W04,rz_buy,0.02883,0.6197,1,1
week,2026-W04,lowvol,0.00595,0.5403,2,0
week,2026-W04,reversal,-0.0069,0.4776,3,0
week,2026-W04,momentum,-0.00816,0.475,4,0
week,2026-W05,rz_buy,0.03601,0.7373,1,1
week,2026-W05,lowvol,0.00607,0.6619,2,0
week,2026-W05,reversal,-0.01952,0.5536,3,0
week,2026-W05,momentum,-0.16422,0.0679,4,0
week,2026-W06,lowvol,0.0331,0.645,1,1
week,2026-W06,rz_buy,0.02764,0.6044,2,0
week,2026-W06,reversal,-0.04167,0.3178,3,0
week,2026-W06,momentum,-0.08498,0.1673,4,0
week,2026-W07,lowvol,0.00141,0.7577,1,1
week,2026-W07,reversal,-0.04373,0.5971,2,0
week,2026-W07,rz_buy,-0.04807,0.5754,3,0
week,2026-W07,momentum,-0.10009,0.3397,4,0
week,2026-W09,lowvol,-0.00123,0.8255,1,1
week,2026-W09,rz_buy,-0.08232,0.6016,2,0
week,2026-W09,momentum,-0.0967,0.5016,3,0
week,2026-W09,reversal,-0.12285,0.4091,4,0
week,2026-W10,lowvol,-0.01122,0.7554,1,1
week,2026-W10,rz_buy,-0.01442,0.7274,2,0
week,2026-W10,reversal,-0.05359,0.5926,3,0
week,2026-W10,momentum,-0.05488,0.5728,4,0
week,2026-W11,reversal,-0.00651,0.7724,1,1
week,2026-W11,rz_buy,-0.02484,0.7153,2,0
week,2026-W11,lowvol,-0.03298,0.686,3,0
week,2026-W11,momentum,-0.08151,0.4129,4,0
week,2026-W12,reversal,0.03145,0.6922,1,1
week,2026-W12,rz_buy,-0.00081,0.582,2,0
week,2026-W12,lowvol,-0.02095,0.4882,3,0
week,2026-W12,momentum,-0.02131,0.4504,4,0
week,2026-W13,reversal,0.13427,0.7785,1,1
week,2026-W13,rz_buy,0.06528,0.5843,2,0
week,2026-W13,momentum,0.06818,0.5775,3,0
week,2026-W13,lowvol,0.01123,0.3587,4,0
week,2026-W14,momentum,0.23295,0.8779,1,1
week,2026-W14,reversal,0.16966,0.8081,2,0
week,2026-W14,rz_buy,0.03426,0.4683,3,0
week,2026-W14,lowvol,-0.0055,0.3205,4,0
week,2026-W15,momentum,0.31105,0.8843,1,1
week,2026-W15,reversal,0.17642,0.7568,2,0
week,2026-W15,rz_buy,0.04539,0.4523,3,0
week,2026-W15,lowvol,0.0121,0.3354,4,0
week,2026-W16,momentum,0.2542,0.8646,1,1
week,2026-W16,reversal,0.04185,0.5644,2,0
week,2026-W16,lowvol,-0.00551,0.4268,3,0
week,2026-W16,rz_buy,-0.02338,0.3653,4,0
week,2026-W17,momentum,0.12246,0.7941,1,1
week,2026-W17,lowvol,-0.02184,0.5133,2,0
week,2026-W17,rz_buy,-0.04399,0.4344,3,0
week,2026-W17,reversal,-0.05722,0.3913,4,0
week,2026-W18,momentum,0.05414,0.7596,1,1
week,2026-W18,lowvol,-0.01588,0.6301,2,0
week,2026-W18,rz_buy,-0.0405,0.5222,3,0
week,2026-W18,reversal,-0.0917,0.3492,4,0
week,2026-W19,momentum,0.20258,0.9298,1,1
week,2026-W19,lowvol,-0.03997,0.6972,2,0
week,2026-W19,rz_buy,-0.08334,0.5744,3,0
week,2026-W19,reversal,-0.18345,0.1562,4,0
week,2026-W20,momentum,0.03611,0.8345,1,1
week,2026-W20,lowvol,-0.04418,0.7632,2,0
week,2026-W20,rz_buy,-0.09695,0.618,3,0
week,2026-W20,reversal,-0.13978,0.4635,4,0
week,2026-W21,momentum,0.09395,0.8581,1,1
week,2026-W21,lowvol,-0.01285,0.7538,2,0
week,2026-W21,reversal,-0.065,0.5937,3,0
week,2026-W21,rz_buy,-0.1074,0.4669,4,0
week,2026-W22,momentum,0.09481,0.8192,1,1
week,2026-W22,lowvol,-0.03373,0.7021,2,0
week,2026-W22,reversal,-0.04645,0.6573,3,0
week,2026-W22,rz_buy,-0.06775,0.6128,4,0
week,2026-W23,momentum,0.04712,0.7362,1,1
week,2026-W23,reversal,-0.02603,0.629,2,0
week,2026-W23,lowvol,-0.04202,0.6037,3,0
week,2026-W23,rz_buy,-0.07934,0.4756,4,0
week,2026-W24,lowvol,-0.01344,0.6784,1,1
week,2026-W24,rz_buy,-0.03015,0.6164,2,0
week,2026-W24,reversal,-0.05864,0.5248,3,0
week,2026-W24,momentum,-0.07395,0.4681,4,0
week,2026-W25,lowvol,0.00824,0.7847,1,1
week,2026-W25,rz_buy,-0.04277,0.636,2,0
week,2026-W25,reversal,-0.06379,0.5505,3,0
week,2026-W25,momentum,-0.23878,0.187,4,0
week,2026-W26,lowvol,0.0509,0.8749,1,1
week,2026-W26,rz_buy,-0.00491,0.7481,2,0
week,2026-W26,reversal,-0.0721,0.5902,3,0
week,2026-W26,momentum,-0.37934,0.0747,4,0
week,2026-W27,lowvol,0.05643,0.8306,1,1
week,2026-W27,rz_buy,0.02733,0.7416,2,0
week,2026-W27,reversal,-0.08736,0.4028,3,0
week,2026-W27,momentum,-0.33563,0.0756,4,0
month,2015-01,reversal,0.0816,0.5963,1,1
month,2015-01,lowvol,0.08241,0.5953,2,0
month,2015-01,momentum,0.06623,0.4889,3,0
month,2015-02,momentum,0.30387,0.7859,1,1
month,2015-02,reversal,0.20037,0.5882,2,0
month,2015-02,lowvol,0.17692,0.5281,3,0
month,2015-03,lowvol,0.20129,0.5383,1,1
month,2015-03,momentum,0.21853,0.5254,2,0
month,2015-03,reversal,0.21808,0.5241,3,0
month,2015-04,momentum,0.31164,0.7627,1,1
month,2015-04,reversal,0.23472,0.6883,2,0
month,2015-04,lowvol,0.09831,0.4501,3,0
month,2015-05,reversal,0.19889,0.5386,1,1
month,2015-05,momentum,0.06877,0.304,2,0
month,2015-05,lowvol,0.01625,0.2247,3,0
month,2015-06,lowvol,-0.13091,0.8706,1,1
month,2015-06,reversal,-0.25317,0.6749,2,0
month,2015-06,momentum,-0.32399,0.4726,3,0
month,2015-07,reversal,0.14982,0.7275,1,1
month,2015-07,momentum,0.06959,0.5315,2,0
month,2015-07,lowvol,0.01591,0.5229,3,0
month,2015-08,lowvol,-0.04153,0.7921,1,1
month,2015-08,reversal,-0.20313,0.4471,2,0
month,2015-08,momentum,-0.28809,0.1869,3,0
month,2015-09,reversal,0.28849,0.69,1,1
month,2015-09,lowvol,0.1146,0.2877,2,0
month,2015-09,momentum,0.08165,0.2353,3,0
month,2015-10,reversal,0.23237,0.7177,1,1
month,2015-10,momentum,0.12522,0.4219,2,0
month,2015-10,lowvol,0.06491,0.2372,3,0
month,2015-11,reversal,0.08928,0.7095,1,1
month,2015-11,lowvol,0.02174,0.5296,2,0
month,2015-11,momentum,0.01527,0.4884,3,0
month,2015-12,lowvol,-0.10002,0.7715,1,1
month,2015-12,reversal,-0.19134,0.4768,2,0
month,2015-12,momentum,-0.22012,0.3566,3,0
month,2016-01,reversal,-0.01294,0.6399,1,1
month,2016-01,lowvol,-0.05255,0.4799,2,0
month,2016-01,momentum,-0.10684,0.3056,3,0
month,2016-02,lowvol,0.05946,0.6791,1,1
month,2016-02,reversal,0.04375,0.6413,2,0
month,2016-02,momentum,-0.02629,0.3383,3,0
month,2016-03,reversal,0.11257,0.607,1,1
month,2016-03,momentum,0.01945,0.2426,2,0
month,2016-03,lowvol,0.00416,0.2424,3,0
month,2016-04,lowvol,-0.01739,0.7161,1,1
month,2016-04,momentum,-0.0716,0.4762,2,0
month,2016-04,reversal,-0.1115,0.2837,3,0
month,2016-05,momentum,0.22744,0.9064,1,1
month,2016-05,reversal,0.03508,0.4585,2,0
month,2016-05,lowvol,0.01897,0.4246,3,0
month,2016-06,reversal,0.0609,0.4829,1,1
month,2016-06,momentum,0.09451,0.4756,2,0
month,2016-06,lowvol,0.02443,0.3036,3,0
month,2016-07,lowvol,0.02052,0.7085,1,1
month,2016-07,reversal,-0.00331,0.579,2,0
month,2016-07,momentum,-0.11476,0.1728,3,0
month,2016-08,lowvol,0.02295,0.6314,1,1
month,2016-08,reversal,-0.01062,0.4183,2,0
month,2016-08,momentum,-0.03748,0.3474,3,0
month,2016-09,momentum,0.07596,0.703,1,1
month,2016-09,reversal,0.03905,0.5396,2,0
month,2016-09,lowvol,0.01007,0.3962,3,0
month,2016-10,momentum,0.11123,0.798,1,1
month,2016-10,reversal,0.06817,0.6028,2,0
month,2016-10,lowvol,0.02125,0.4645,3,0
month,2016-11,lowvol,0.00293,0.7487,1,1
month,2016-11,reversal,-0.07552,0.3394,2,0
month,2016-11,momentum,-0.15397,0.0884,3,0
month,2016-12,lowvol,-0.01016,0.6127,1,1
month,2016-12,reversal,-0.06434,0.3735,2,0
month,2016-12,momentum,-0.12575,0.2292,3,0
month,2017-01,momentum,0.03059,0.5723,1,1
month,2017-01,lowvol,0.02498,0.5104,2,0
month,2017-01,reversal,0.01001,0.4632,3,0
month,2017-02,momentum,0.16641,0.9159,1,1
month,2017-02,reversal,0.04328,0.6276,2,0
month,2017-02,lowvol,0.01565,0.4579,3,0
month,2017-03,lowvol,-0.00835,0.7115,1,1
month,2017-03,reversal,-0.11579,0.247,2,0
month,2017-03,momentum,-0.18636,0.1841,3,0
month,2017-04,lowvol,-0.01167,0.8038,1,1
month,2017-04,momentum,-0.09454,0.4728,2,0
month,2017-04,reversal,-0.11546,0.3937,3,0
month,2017-05,lowvol,0.00736,0.5849,1,1
month,2017-05,reversal,-0.02526,0.4821,2,0
month,2017-05,momentum,-0.14887,0.0638,3,0
month,2017-06,lowvol,0.00938,0.5257,1,1
month,2017-06,reversal,-0.02021,0.4294,2,0
month,2017-06,momentum,-0.06483,0.2089,3,0
month,2017-07,lowvol,0.01374,0.5101,1,1
month,2017-07,reversal,-0.01622,0.4499,2,0
month,2017-07,momentum,-0.01421,0.4245,3,0
month,2017-08,momentum,0.11,0.71,1,1
month,2017-08,reversal,0.08913,0.7056,2,0
month,2017-08,lowvol,0.02544,0.4508,3,0
month,2017-09,lowvol,-0.00261,0.5884,1,1
month,2017-09,reversal,-0.04434,0.3554,2,0
month,2017-09,momentum,-0.07326,0.2218,3,0
month,2017-10,lowvol,-0.00585,0.7257,1,1
month,2017-10,momentum,-0.06962,0.4397,2,0
month,2017-10,reversal,-0.09533,0.3292,3,0
month,2017-11,lowvol,-0.03259,0.6427,1,1
month,2017-11,reversal,-0.0643,0.4835,2,0
month,2017-11,momentum,-0.13503,0.2808,3,0
month,2017-12,momentum,0.10624,0.78,1,1
month,2017-12,reversal,0.06804,0.7481,2,0
month,2017-12,lowvol,-0.02252,0.3405,3,0
month,2018-01,lowvol,-0.06306,0.6121,1,1
month,2018-01,reversal,-0.11383,0.4379,2,0
month,2018-01,momentum,-0.14847,0.3499,3,0
month,2018-02,reversal,0.11605,0.6936,1,1
month,2018-02,momentum,0.07904,0.4923,2,0
month,2018-02,lowvol,-0.01585,0.214,3,0
month,2018-03,lowvol,-0.05293,0.3323,1,1
month,2018-03,momentum,-0.07387,0.2372,2,0
month,2018-03,reversal,-0.09391,0.1925,3,0
month,2018-04,lowvol,-0.03661,0.3045,1,1
month,2018-04,reversal,-0.07937,0.2254,2,0
month,2018-04,momentum,-0.07265,0.2064,3,0
month,2018-05,lowvol,-0.04903,0.7003,1,1
month,2018-05,momentum,-0.11992,0.3715,2,0
month,2018-05,reversal,-0.17535,0.183,3,0
month,2018-06,reversal,-0.06325,0.4372,1,1
month,2018-06,momentum,-0.09136,0.3353,2,0
month,2018-06,lowvol,-0.12404,0.1759,3,0
month,2018-07,lowvol,-0.04063,0.4993,1,1
month,2018-07,reversal,-0.15137,0.1267,2,0
month,2018-07,momentum,-0.21251,0.052,3,0
month,2018-08,reversal,-0.01173,0.6118,1,1
month,2018-08,lowvol,-0.04043,0.4618,2,0
month,2018-08,momentum,-0.09511,0.2402,3,0
month,2018-09,lowvol,-0.06561,0.6671,1,1
month,2018-09,momentum,-0.13141,0.3711,2,0
month,2018-09,reversal,-0.16166,0.238,3,0
month,2018-10,reversal,0.14218,0.7383,1,1
month,2018-10,lowvol,-0.02624,0.1626,2,0
month,2018-10,momentum,-0.04448,0.1552,3,0
month,2018-11,lowvol,-0.00462,0.597,1,1
month,2018-11,reversal,-0.0576,0.2611,2,0
month,2018-11,momentum,-0.15093,0.0531,3,0
month,2018-12,momentum,0.07271,0.7535,1,1
month,2018-12,lowvol,-0.00017,0.5466,2,0
month,2018-12,reversal,-0.06966,0.1964,3,0
month,2019-01,reversal,0.1319,0.6121,1,1
month,2019-01,momentum,0.08829,0.472,2,0
month,2019-01,lowvol,0.00845,0.1871,3,0
month,2019-02,momentum,0.19726,0.6464,1,1
month,2019-02,reversal,0.20234,0.607,2,0
month,2019-02,lowvol,0.07414,0.1944,3,0
month,2019-03,lowvol,0.03075,0.4529,1,1
month,2019-03,reversal,0.02747,0.4398,2,0
month,2019-03,momentum,-0.06019,0.1327,3,0
month,2019-04,lowvol,-0.04477,0.8191,1,1
month,2019-04,reversal,-0.1564,0.3493,2,0
month,2019-04,momentum,-0.18675,0.22,3,0
month,2019-05,lowvol,0.0247,0.6757,1,1
month,2019-05,momentum,-0.1207,0.1099,2,0
month,2019-05,reversal,-0.18714,0.0277,3,0
month,2019-06,reversal,0.02659,0.6302,1,1
month,2019-06,lowvol,0.00148,0.5001,2,0
month,2019-06,momentum,-0.17305,0.0199,3,0
month,2019-07,momentum,0.00114,0.5718,1,1
month,2019-07,lowvol,-0.03349,0.5684,2,0
month,2019-07,reversal,-0.03314,0.5595,3,0
month,2019-08,reversal,0.07126,0.5904,1,1
month,2019-08,momentum,0.08616,0.5745,2,0
month,2019-08,lowvol,0.05204,0.4884,3,0
month,2019-09,lowvol,0.01626,0.744,1,1
month,2019-09,momentum,-0.10646,0.1347,2,0
month,2019-09,reversal,-0.11884,0.1343,3,0
month,2019-10,lowvol,-0.0196,0.6352,1,1
month,2019-10,momentum,-0.04647,0.4702,2,0
month,2019-10,reversal,-0.09682,0.2691,3,0
month,2019-11,reversal,0.04338,0.5881,1,1
month,2019-11,momentum,0.04818,0.574,2,0
month,2019-11,lowvol,0.0089,0.4311,3,0
month,2019-12,momentum,0.03798,0.472,1,1
month,2019-12,reversal,0.01257,0.4199,2,0
month,2019-12,lowvol,0.0116,0.3678,3,0
month,2020-01,momentum,0.01885,0.6866,1,1
month,2020-01,lowvol,-0.04558,0.5212,2,0
month,2020-01,reversal,-0.06928,0.411,3,0
month,2020-02,reversal,0.00028,0.4689,1,1
month,2020-02,lowvol,-0.02476,0.3964,2,0
month,2020-02,momentum,-0.1048,0.1822,3,0
month,2020-03,lowvol,-0.01583,0.5942,1,1
month,2020-03,reversal,-0.04678,0.4428,2,0
month,2020-03,momentum,-0.15742,0.1046,3,0
month,2020-04,lowvol,-0.00409,0.4616,1,1
month,2020-04,reversal,-0.04298,0.2871,2,0
month,2020-04,momentum,-0.06848,0.2491,3,0
month,2020-05,reversal,0.11745,0.7956,1,1
month,2020-05,momentum,0.03228,0.4816,2,0
month,2020-05,lowvol,0.00467,0.3577,3,0
month,2020-06,momentum,0.19982,0.7655,1,1
month,2020-06,reversal,0.09821,0.4911,2,0
month,2020-06,lowvol,0.09536,0.4829,3,0
month,2020-07,lowvol,0.04574,0.5673,1,1
month,2020-07,momentum,0.02454,0.475,2,0
month,2020-07,reversal,0.0108,0.4295,3,0
month,2020-08,lowvol,-0.01545,0.5974,1,1
month,2020-08,reversal,-0.03297,0.5285,2,0
month,2020-08,momentum,-0.14449,0.2125,3,0
month,2020-09,reversal,0.0482,0.7128,1,1
month,2020-09,lowvol,-0.01101,0.568,2,0
month,2020-09,momentum,-0.03509,0.3994,3,0
month,2020-10,lowvol,0.02381,0.6533,1,1
month,2020-10,reversal,0.00963,0.5912,2,0
month,2020-10,momentum,-0.0719,0.2579,3,0
month,2020-11,momentum,0.04652,0.7323,1,1
month,2020-11,lowvol,-0.00509,0.6308,2,0
month,2020-11,reversal,-0.03779,0.4627,3,0
month,2020-12,momentum,0.02191,0.6487,1,1
month,2020-12,lowvol,-0.051,0.5429,2,0
month,2020-12,reversal,-0.13599,0.2309,3,0
month,2021-01,reversal,0.01273,0.6432,1,1
month,2021-01,lowvol,0.00607,0.6334,2,0
month,2021-01,momentum,-0.16092,0.116,3,0
month,2021-02,reversal,0.15794,0.8183,1,1
month,2021-02,lowvol,0.05369,0.6071,2,0
month,2021-02,momentum,-0.08358,0.2242,3,0
month,2021-03,reversal,0.05756,0.6851,1,1
month,2021-03,lowvol,0.02858,0.6032,2,0
month,2021-03,momentum,-0.05312,0.2902,3,0
month,2021-04,momentum,0.09065,0.6265,1,1
month,2021-04,lowvol,0.02495,0.6023,2,0
month,2021-04,reversal,0.00935,0.5356,3,0
month,2021-05,reversal,0.12297,0.7662,1,1
month,2021-05,lowvol,0.00205,0.393,2,0
month,2021-05,momentum,-0.02743,0.2795,3,0
month,2021-06,momentum,0.0311,0.6297,1,1
month,2021-06,lowvol,-0.01753,0.4636,2,0
month,2021-06,reversal,-0.02116,0.4406,3,0
month,2021-07,momentum,0.0701,0.6084,1,1
month,2021-07,lowvol,-0.01872,0.4093,2,0
month,2021-07,reversal,-0.03696,0.3373,3,0
month,2021-08,lowvol,0.05551,0.6245,1,1
month,2021-08,reversal,-0.00366,0.4338,2,0
month,2021-08,momentum,-0.08672,0.2264,3,0
month,2021-09,reversal,0.01704,0.7426,1,1
month,2021-09,lowvol,-0.01282,0.6755,2,0
month,2021-09,momentum,-0.0298,0.4978,3,0
month,2021-10,momentum,0.25097,0.7976,1,1
month,2021-10,reversal,0.0015,0.4118,2,0
month,2021-10,lowvol,-0.01317,0.3579,3,0
month,2021-11,reversal,0.04355,0.5554,1,1
month,2021-11,lowvol,0.00867,0.3763,2,0
month,2021-11,momentum,0.00205,0.356,3,0
month,2021-12,lowvol,0.01693,0.619,1,1
month,2021-12,momentum,0.01912,0.544,2,0
month,2021-12,reversal,-0.06818,0.2958,3,0
month,2022-01,lowvol,0.01006,0.6804,1,1
month,2022-01,reversal,-0.02921,0.5437,2,0
month,2022-01,momentum,-0.09412,0.3092,3,0
month,2022-02,reversal,0.03911,0.7835,1,1
month,2022-02,momentum,0.0017,0.6929,2,0
month,2022-02,lowvol,-0.04763,0.5869,3,0
month,2022-03,lowvol,0.00732,0.7851,1,1
month,2022-03,reversal,-0.1051,0.4559,2,0
month,2022-03,momentum,-0.19123,0.2345,3,0
month,2022-04,reversal,0.04267,0.6978,1,1
month,2022-04,lowvol,-0.01547,0.5209,2,0
month,2022-04,momentum,-0.04318,0.3985,3,0
month,2022-05,momentum,0.03546,0.3717,1,1
month,2022-05,reversal,0.01189,0.2444,2,0
month,2022-05,lowvol,0.0113,0.2205,3,0
month,2022-06,reversal,0.05553,0.6224,1,1
month,2022-06,lowvol,0.0044,0.4352,2,0
month,2022-06,momentum,-0.07273,0.1305,3,0
month,2022-07,reversal,0.02701,0.5576,1,1
month,2022-07,momentum,0.00904,0.4683,2,0
month,2022-07,lowvol,-0.00547,0.4278,3,0
month,2022-08,lowvol,0.01404,0.7576,1,1
month,2022-08,reversal,-0.0421,0.5624,2,0
month,2022-08,momentum,-0.18716,0.0966,3,0
month,2022-09,lowvol,-0.02017,0.5767,1,1
month,2022-09,reversal,-0.03944,0.4607,2,0
month,2022-09,momentum,-0.14076,0.1355,3,0
month,2022-10,reversal,0.09772,0.6856,1,1
month,2022-10,lowvol,0.00884,0.3024,2,0
month,2022-10,momentum,-0.03663,0.1775,3,0
month,2022-11,lowvol,0.09612,0.8452,1,1
month,2022-11,reversal,0.02576,0.6527,2,0
month,2022-11,momentum,-0.07027,0.2598,3,0
month,2022-12,reversal,0.0324,0.5943,1,1
month,2022-12,lowvol,0.00233,0.4661,2,0
month,2022-12,momentum,-0.11708,0.1683,3,0
month,2023-01,rz_buy,0.07606,0.5811,1,1
month,2023-01,reversal,0.06378,0.5184,2,0
month,2023-01,lowvol,0.02779,0.314,3,0
month,2023-01,momentum,-0.04702,0.0982,4,0
month,2023-02,lowvol,0.02862,0.7322,1,1
month,2023-02,rz_buy,-0.00239,0.5874,2,0
month,2023-02,reversal,-0.00847,0.5574,3,0
month,2023-02,momentum,-0.01933,0.4569,4,0
month,2023-03,momentum,0.11892,0.7377,1,1
month,2023-03,lowvol,0.00223,0.6315,2,0
month,2023-03,rz_buy,-0.01585,0.5606,3,0
month,2023-03,reversal,-0.05448,0.3635,4,0
month,2023-04,momentum,0.05646,0.7034,1,1
month,2023-04,lowvol,0.02379,0.653,2,0
month,2023-04,rz_buy,-0.00571,0.5597,3,0
month,2023-04,reversal,-0.03776,0.4527,4,0
month,2023-05,reversal,0.09058,0.8191,1,1
month,2023-05,momentum,0.0271,0.573,2,0
month,2023-05,rz_buy,-0.01503,0.4303,3,0
month,2023-05,lowvol,-0.02612,0.3654,4,0
month,2023-06,rz_buy,0.03892,0.6176,1,1
month,2023-06,reversal,0.03275,0.5542,2,0
month,2023-06,lowvol,0.01833,0.5038,3,0
month,2023-06,momentum,-0.13285,0.0787,4,0
month,2023-07,rz_buy,0.04085,0.7919,1,1
month,2023-07,lowvol,0.03134,0.7911,2,0
month,2023-07,reversal,-0.02214,0.5681,3,0
month,2023-07,momentum,-0.11087,0.2335,4,0
month,2023-08,reversal,0.00556,0.5702,1,1
month,2023-08,rz_buy,-0.00379,0.5645,2,0
month,2023-08,lowvol,-0.01318,0.5079,3,0
month,2023-08,momentum,-0.15125,0.0785,4,0
month,2023-09,momentum,0.05666,0.7427,1,1
month,2023-09,lowvol,-0.02538,0.5409,2,0
month,2023-09,rz_buy,-0.03272,0.4892,3,0
month,2023-09,reversal,-0.04569,0.4033,4,0
month,2023-10,reversal,0.05724,0.5727,1,1
month,2023-10,rz_buy,0.03623,0.4609,2,0
month,2023-10,lowvol,0.02684,0.4167,3,0
month,2023-10,momentum,-0.01736,0.2307,4,0
month,2023-11,lowvol,-0.00086,0.6657,1,1
month,2023-11,rz_buy,-0.00438,0.6421,2,0
month,2023-11,reversal,-0.01836,0.5353,3,0
month,2023-11,momentum,-0.03144,0.4755,4,0
month,2023-12,lowvol,-0.00233,0.7526,1,1
month,2023-12,rz_buy,-0.04237,0.6025,2,0
month,2023-12,reversal,-0.06869,0.4563,3,0
month,2023-12,momentum,-0.20268,0.047,4,0
month,2024-01,lowvol,0.01862,0.8178,1,1
month,2024-01,rz_buy,-0.08378,0.611,2,0
month,2024-01,reversal,-0.11269,0.5429,3,0
month,2024-01,momentum,-0.23618,0.1903,4,0
month,2024-02,reversal,0.30028,0.8663,1,1
month,2024-02,rz_buy,0.10505,0.4557,2,0
month,2024-02,momentum,0.0265,0.2244,3,0
month,2024-02,lowvol,0.01146,0.1991,4,0
month,2024-03,reversal,0.01211,0.6401,1,1
month,2024-03,lowvol,0.00901,0.6127,2,0
month,2024-03,rz_buy,-0.00853,0.5813,3,0
month,2024-03,momentum,-0.12596,0.2171,4,0
month,2024-04,lowvol,0.03906,0.5774,1,1
month,2024-04,momentum,0.05198,0.5719,2,0
month,2024-04,reversal,0.05425,0.5677,3,0
month,2024-04,rz_buy,0.02646,0.5088,4,0
month,2024-05,lowvol,-0.00682,0.8141,1,1
month,2024-05,rz_buy,-0.1137,0.3388,2,0
month,2024-05,reversal,-0.13987,0.2862,3,0
month,2024-05,momentum,-0.16838,0.1432,4,0
month,2024-06,reversal,0.05415,0.8386,1,1
month,2024-06,lowvol,0.00533,0.7947,2,0
month,2024-06,rz_buy,-0.03823,0.5901,3,0
month,2024-06,momentum,-0.14434,0.1695,4,0
month,2024-07,rz_buy,0.02512,0.7033,1,1
month,2024-07,lowvol,0.0234,0.6785,2,0
month,2024-07,reversal,0.04244,0.6425,3,0
month,2024-07,momentum,-0.06503,0.3301,4,0
month,2024-08,rz_buy,0.06076,0.7246,1,1
month,2024-08,reversal,0.02973,0.552,2,0
month,2024-08,lowvol,0.02342,0.5459,3,0
month,2024-08,momentum,-0.04987,0.282,4,0
month,2024-09,reversal,0.3316,0.7678,1,1
month,2024-09,rz_buy,0.25971,0.6104,2,0
month,2024-09,momentum,0.33981,0.5525,3,0
month,2024-09,lowvol,0.11938,0.214,4,0
month,2024-10,reversal,0.14989,0.716,1,1
month,2024-10,rz_buy,0.13851,0.6782,2,0
month,2024-10,lowvol,0.07064,0.5519,3,0
month,2024-10,momentum,0.05416,0.4413,4,0
month,2024-11,lowvol,0.034,0.592,1,1
month,2024-11,rz_buy,0.01354,0.4875,2,0
month,2024-11,reversal,-0.01711,0.3486,3,0
month,2024-11,momentum,-0.13307,0.0984,4,0
month,2024-12,lowvol,-0.02311,0.7329,1,1
month,2024-12,rz_buy,-0.07556,0.5455,2,0
month,2024-12,reversal,-0.11152,0.3843,3,0
month,2024-12,momentum,-0.14423,0.3386,4,0
month,2025-01,reversal,0.14477,0.7316,1,1
month,2025-01,momentum,0.07176,0.4856,2,0
month,2025-01,rz_buy,0.05659,0.4434,3,0
month,2025-01,lowvol,0.00678,0.2198,4,0
month,2025-02,rz_buy,0.03453,0.5319,1,1
month,2025-02,reversal,0.02541,0.4861,2,0
month,2025-02,lowvol,0.01175,0.423,3,0
month,2025-02,momentum,-0.06693,0.2159,4,0
month,2025-03,lowvol,-0.00258,0.7695,1,1
month,2025-03,rz_buy,-0.04706,0.614,2,0
month,2025-03,reversal,-0.12074,0.3465,3,0
month,2025-03,momentum,-0.18692,0.1288,4,0
month,2025-04,reversal,0.11095,0.689,1,1
month,2025-04,momentum,0.05542,0.572,2,0
month,2025-04,rz_buy,0.05357,0.5011,3,0
month,2025-04,lowvol,0.0128,0.329,4,0
month,2025-05,reversal,0.05324,0.6272,1,1
month,2025-05,lowvol,0.01039,0.4782,2,0
month,2025-05,rz_buy,-0.00839,0.3567,3,0
month,2025-05,momentum,-0.03384,0.319,4,0
month,2025-06,rz_buy,0.05866,0.5592,1,1
month,2025-06,lowvol,0.03391,0.4151,2,0
month,2025-06,reversal,0.02167,0.3375,3,0
month,2025-06,momentum,-0.01676,0.1902,4,0
month,2025-07,momentum,0.18886,0.6664,1,1
month,2025-07,rz_buy,0.11896,0.5849,2,0
month,2025-07,reversal,0.05517,0.5023,3,0
month,2025-07,lowvol,0.01759,0.3254,4,0
month,2025-08,rz_buy,0.0554,0.6937,1,1
month,2025-08,reversal,0.00766,0.538,2,0
month,2025-08,lowvol,-0.00407,0.5036,3,0
month,2025-08,momentum,-0.00374,0.4752,4,0
month,2025-09,reversal,0.02745,0.6224,1,1
month,2025-09,momentum,0.02545,0.6078,2,0
month,2025-09,lowvol,0.0151,0.5984,3,0
month,2025-09,rz_buy,0.01493,0.5865,4,0
month,2025-10,momentum,0.08936,0.7043,1,1
month,2025-10,rz_buy,0.04436,0.6881,2,0
month,2025-10,reversal,0.0095,0.5339,3,0
month,2025-10,lowvol,0.00595,0.5296,4,0
month,2025-11,momentum,0.01982,0.6179,1,1
month,2025-11,rz_buy,-0.01272,0.5688,2,0
month,2025-11,lowvol,-0.02527,0.5151,3,0
month,2025-11,reversal,-0.0234,0.5122,4,0
month,2025-12,momentum,0.19322,0.7689,1,1
month,2025-12,reversal,0.0826,0.5921,2,0
month,2025-12,rz_buy,0.04075,0.4418,3,0
month,2025-12,lowvol,0.01074,0.2946,4,0
month,2026-01,lowvol,0.02168,0.6162,1,1
month,2026-01,rz_buy,0.01932,0.5839,2,0
month,2026-01,reversal,-0.00076,0.5136,3,0
month,2026-01,momentum,-0.02847,0.4013,4,0
month,2026-02,lowvol,0.01197,0.7368,1,1
month,2026-02,rz_buy,-0.03082,0.5932,2,0
month,2026-02,reversal,-0.0656,0.4436,3,0
month,2026-02,momentum,-0.09373,0.3244,4,0
month,2026-03,reversal,0.03455,0.7157,1,1
month,2026-03,rz_buy,0.00872,0.641,2,0
month,2026-03,lowvol,-0.01246,0.5555,3,0
month,2026-03,momentum,-0.00299,0.5372,4,0
month,2026-04,momentum,0.19652,0.8337,1,1
month,2026-04,reversal,0.04183,0.556,2,0
month,2026-04,lowvol,-0.00833,0.447,3,0
month,2026-04,rz_buy,-0.01009,0.4372,4,0
month,2026-05,momentum,0.09623,0.8527,1,1
month,2026-05,lowvol,-0.03187,0.7326,2,0
month,2026-05,rz_buy,-0.08947,0.5673,3,0
month,2026-05,reversal,-0.10036,0.5023,4,0
month,2026-06,lowvol,0.00333,0.7377,1,1
month,2026-06,rz_buy,-0.03579,0.6243,2,0
month,2026-06,reversal,-0.05632,0.5662,3,0
month,2026-06,momentum,-0.16608,0.3609,4,0
quarter,2015-Q1,momentum,0.18755,0.5811,1,1
quarter,2015-Q1,reversal,0.16553,0.5663,2,0
quarter,2015-Q1,lowvol,0.15316,0.5556,3,0
quarter,2015-Q2,reversal,0.05791,0.6355,1,1
quarter,2015-Q2,lowvol,-0.0058,0.5198,2,0
quarter,2015-Q2,momentum,0.018,0.5165,3,0
quarter,2015-Q3,reversal,0.07734,0.6238,1,1
quarter,2015-Q3,lowvol,0.0279,0.5377,2,0
quarter,2015-Q3,momentum,-0.04401,0.3259,3,0
quarter,2015-Q4,reversal,0.02335,0.6241,1,1
quarter,2015-Q4,lowvol,-0.01214,0.5393,2,0
quarter,2015-Q4,momentum,-0.04284,0.4202,3,0
quarter,2016-Q1,reversal,0.05136,0.6275,1,1
quarter,2016-Q1,lowvol,-7e-05,0.4413,2,0
quarter,2016-Q1,momentum,-0.03576,0.2899,3,0
quarter,2016-Q2,momentum,0.08581,0.6241,1,1
quarter,2016-Q2,lowvol,0.00884,0.4805,2,0
quarter,2016-Q2,reversal,-0.00452,0.4092,3,0
quarter,2016-Q3,lowvol,0.01813,0.5832,1,1
quarter,2016-Q3,reversal,0.0073,0.5089,2,0
quarter,2016-Q3,momentum,-0.02739,0.4012,3,0
quarter,2016-Q4,lowvol,0.00302,0.6231,1,1
quarter,2016-Q4,reversal,-0.03311,0.4221,2,0
quarter,2016-Q4,momentum,-0.0729,0.3293,3,0
quarter,2017-Q1,lowvol,0.00914,0.5728,1,1
quarter,2017-Q1,momentum,-0.01255,0.5258,2,0
quarter,2017-Q1,reversal,-0.02888,0.4291,3,0
quarter,2017-Q2,lowvol,0.00239,0.6289,1,1
quarter,2017-Q2,reversal,-0.05047,0.4363,2,0
quarter,2017-Q2,momentum,-0.10176,0.2397,3,0
quarter,2017-Q3,lowvol,0.0126,0.5144,1,1
quarter,2017-Q3,reversal,0.01197,0.5098,2,0
quarter,2017-Q3,momentum,0.01066,0.46,3,0
quarter,2017-Q4,lowvol,-0.02149,0.5604,1,1
quarter,2017-Q4,reversal,-0.02677,0.5324,2,0
quarter,2017-Q4,momentum,-0.03206,0.5006,3,0
quarter,2018-Q1,reversal,-0.04796,0.4114,1,1
quarter,2018-Q1,lowvol,-0.04728,0.4066,2,0
quarter,2018-Q1,momentum,-0.06281,0.3441,3,0
quarter,2018-Q2,lowvol,-0.07031,0.4068,1,1
quarter,2018-Q2,momentum,-0.09622,0.3099,2,0
quarter,2018-Q2,reversal,-0.10919,0.2805,3,0
quarter,2018-Q3,lowvol,-0.04797,0.5357,1,1
quarter,2018-Q3,reversal,-0.10424,0.3341,2,0
quarter,2018-Q3,momentum,-0.14624,0.2144,3,0
quarter,2018-Q4,lowvol,-0.00962,0.4499,1,1
quarter,2018-Q4,reversal,-0.00169,0.3827,2,0
quarter,2018-Q4,momentum,-0.04445,0.3172,3,0
quarter,2019-Q1,reversal,0.11231,0.5484,1,1
quarter,2019-Q1,momentum,0.06271,0.3942,2,0
quarter,2019-Q1,lowvol,0.03351,0.2852,3,0
quarter,2019-Q2,lowvol,-0.00697,0.6703,1,1
quarter,2019-Q2,reversal,-0.1087,0.331,2,0
quarter,2019-Q2,momentum,-0.1604,0.1199,3,0
quarter,2019-Q3,lowvol,0.01077,0.5953,1,1
quarter,2019-Q3,reversal,-0.02417,0.4392,2,0
quarter,2019-Q3,momentum,-0.00319,0.4382,3,0
quarter,2019-Q4,momentum,0.01657,0.5066,1,1
quarter,2019-Q4,lowvol,0.00146,0.4685,2,0
quarter,2019-Q4,reversal,-0.0091,0.4333,3,0
quarter,2020-Q1,lowvol,-0.02712,0.5058,1,1
quarter,2020-Q1,reversal,-0.03676,0.443,2,0
quarter,2020-Q1,momentum,-0.09065,0.2919,3,0
quarter,2020-Q2,reversal,0.05383,0.5114,1,1
quarter,2020-Q2,momentum,0.05321,0.4951,2,0
quarter,2020-Q2,lowvol,0.03229,0.4371,3,0
quarter,2020-Q3,lowvol,0.00736,0.5771,1,1
quarter,2020-Q3,reversal,0.00934,0.5554,2,0
quarter,2020-Q3,momentum,-0.04912,0.3663,3,0
quarter,2020-Q4,lowvol,-0.01498,0.6031,1,1
quarter,2020-Q4,momentum,0.0055,0.5737,2,0
quarter,2020-Q4,reversal,-0.06279,0.4081,3,0
quarter,2021-Q1,reversal,0.06806,0.7051,1,1
quarter,2021-Q1,lowvol,0.02731,0.6146,2,0
quarter,2021-Q1,momentum,-0.09817,0.2131,3,0
quarter,2021-Q2,reversal,0.03276,0.5715,1,1
quarter,2021-Q2,momentum,0.03438,0.5235,2,0
quarter,2021-Q2,lowvol,0.00321,0.491,3,0
quarter,2021-Q3,lowvol,0.00864,0.5665,1,1
quarter,2021-Q3,reversal,-0.00864,0.4971,2,0
quarter,2021-Q3,momentum,-0.01503,0.4425,3,0
quarter,2021-Q4,momentum,0.07378,0.5427,1,1
quarter,2021-Q4,lowvol,0.00605,0.463,2,0
quarter,2021-Q4,reversal,-0.00961,0.4199,3,0
quarter,2022-Q1,lowvol,-0.00694,0.6961,1,1
quarter,2022-Q1,reversal,-0.04046,0.575,2,0
quarter,2022-Q1,momentum,-0.1062,0.3854,3,0
quarter,2022-Q2,reversal,0.03734,0.5249,1,1
quarter,2022-Q2,lowvol,0.00022,0.3936,2,0
quarter,2022-Q2,momentum,-0.02837,0.2945,3,0
quarter,2022-Q3,lowvol,-0.00331,0.5926,1,1
quarter,2022-Q3,reversal,-0.01892,0.528,2,0
quarter,2022-Q3,momentum,-0.10878,0.2293,3,0
quarter,2022-Q4,reversal,0.04738,0.64,1,1
quarter,2022-Q4,lowvol,0.03845,0.5615,2,0
quarter,2022-Q4,momentum,-0.07846,0.2043,3,0
quarter,2023-Q1,lowvol,0.01811,0.5796,1,1
quarter,2023-Q1,rz_buy,0.01364,0.5753,2,0
quarter,2023-Q1,reversal,-0.00681,0.4712,3,0
quarter,2023-Q1,momentum,0.02706,0.4691,4,0
quarter,2023-Q2,reversal,0.02964,0.6113,1,1
quarter,2023-Q2,rz_buy,0.00626,0.5354,2,0
quarter,2023-Q2,lowvol,0.00502,0.5049,3,0
quarter,2023-Q2,momentum,-0.01766,0.4474,4,0
quarter,2023-Q3,rz_buy,0.00182,0.6156,1,1
quarter,2023-Q3,lowvol,-0.00238,0.6111,2,0
quarter,2023-Q3,reversal,-0.01954,0.5174,3,0
quarter,2023-Q3,momentum,-0.07303,0.3369,4,0
quarter,2023-Q4,lowvol,0.00647,0.6255,1,1
quarter,2023-Q4,rz_buy,-0.00617,0.5769,2,0
quarter,2023-Q4,reversal,-0.01455,0.5182,3,0
quarter,2023-Q4,momentum,-0.08739,0.2562,4,0
quarter,2024-Q1,reversal,0.0393,0.6618,1,1
quarter,2024-Q1,lowvol,0.01329,0.5835,2,0
quarter,2024-Q1,rz_buy,-0.0077,0.5601,3,0
quarter,2024-Q1,momentum,-0.12834,0.2088,4,0
quarter,2024-Q2,lowvol,0.01265,0.7276,1,1
quarter,2024-Q2,reversal,-0.01159,0.5595,2,0
quarter,2024-Q2,rz_buy,-0.04189,0.4774,3,0
quarter,2024-Q2,momentum,-0.08594,0.297,4,0
quarter,2024-Q3,rz_buy,0.10701,0.683,1,1
quarter,2024-Q3,reversal,0.12391,0.6486,2,0
quarter,2024-Q3,lowvol,0.0519,0.495,3,0
quarter,2024-Q3,momentum,0.06037,0.3796,4,0
quarter,2024-Q4,lowvol,0.02421,0.631,1,1
quarter,2024-Q4,rz_buy,0.01828,0.5647,2,0
quarter,2024-Q4,reversal,-0.00188,0.4699,3,0
quarter,2024-Q4,momentum,-0.08185,0.2862,4,0
quarter,2025-Q1,rz_buy,0.01144,0.5342,1,1
quarter,2025-Q1,reversal,0.00926,0.5122,2,0
quarter,2025-Q1,lowvol,0.0049,0.4865,3,0
quarter,2025-Q1,momentum,-0.06734,0.2689,4,0
quarter,2025-Q2,reversal,0.06292,0.5523,1,1
quarter,2025-Q2,rz_buy,0.03564,0.4748,2,0
quarter,2025-Q2,lowvol,0.01907,0.4049,3,0
quarter,2025-Q2,momentum,0.0031,0.3646,4,0
quarter,2025-Q3,rz_buy,0.06406,0.62,1,1
quarter,2025-Q3,momentum,0.07311,0.586,2,0
quarter,2025-Q3,reversal,0.03081,0.5537,3,0
quarter,2025-Q3,lowvol,0.00987,0.4731,4,0
quarter,2025-Q4,momentum,0.10599,0.7003,1,1
quarter,2025-Q4,rz_buy,0.02395,0.5539,2,0
quarter,2025-Q4,reversal,0.02656,0.549,3,0
quarter,2025-Q4,lowvol,-0.00262,0.4347,4,0
quarter,2026-Q1,lowvol,0.00584,0.6225,1,1
quarter,2026-Q1,rz_buy,0.00262,0.6087,2,0
quarter,2026-Q1,reversal,-0.0031,0.5755,3,0
quarter,2026-Q1,momentum,-0.03477,0.4355,4,0
quarter,2026-Q2,momentum,0.04301,0.6792,1,1
quarter,2026-Q2,lowvol,-0.01156,0.6327,2,0
quarter,2026-Q2,reversal,-0.03482,0.5431,3,0
quarter,2026-Q2,rz_buy,-0.04302,0.5403,4,0
half,2015-H1,reversal,0.10946,0.6023,1,1
half,2015-H1,momentum,0.09921,0.5474,2,0
half,2015-H1,lowvol,0.07034,0.537,3,0
half,2015-H2,reversal,0.05099,0.6239,1,1
half,2015-H2,lowvol,0.00836,0.5385,2,0
half,2015-H2,momentum,-0.04344,0.3719,3,0
half,2016-H1,reversal,0.02296,0.5165,1,1
half,2016-H1,lowvol,0.00446,0.4612,2,0
half,2016-H1,momentum,0.02604,0.4598,3,0
half,2016-H2,lowvol,0.01082,0.6025,1,1
half,2016-H2,reversal,-0.01225,0.4669,2,0
half,2016-H2,momentum,-0.04941,0.3664,3,0
half,2017-H1,lowvol,0.00574,0.6011,1,1
half,2017-H1,reversal,-0.03977,0.4327,2,0
half,2017-H1,momentum,-0.05753,0.3815,3,0
half,2017-H2,lowvol,-0.00377,0.5365,1,1
half,2017-H2,reversal,-0.00663,0.5207,2,0
half,2017-H2,momentum,-0.00984,0.4795,3,0
half,2018-H1,lowvol,-0.05889,0.4067,1,1
half,2018-H1,reversal,-0.07883,0.3454,2,0
half,2018-H1,momentum,-0.07965,0.3269,3,0
half,2018-H2,lowvol,-0.02942,0.4942,1,1
half,2018-H2,reversal,-0.05462,0.3576,2,0
half,2018-H2,momentum,-0.09699,0.2641,3,0
half,2019-H1,lowvol,0.01293,0.481,1,1
half,2019-H1,reversal,-7e-05,0.4379,2,0
half,2019-H1,momentum,-0.05073,0.2548,3,0
half,2019-H2,lowvol,0.00626,0.5339,1,1
half,2019-H2,momentum,0.00637,0.4713,2,0
half,2019-H2,reversal,-0.01688,0.4363,3,0
half,2020-H1,reversal,0.00892,0.4775,1,1
half,2020-H1,lowvol,0.00284,0.4712,2,0
half,2020-H1,momentum,-0.01811,0.3944,3,0
half,2020-H2,lowvol,-0.00328,0.5895,1,1
half,2020-H2,reversal,-0.02501,0.4853,2,0
half,2020-H2,momentum,-0.02311,0.4651,3,0
half,2021-H1,reversal,0.05011,0.6372,1,1
half,2021-H1,lowvol,0.01506,0.5518,2,0
half,2021-H1,momentum,-0.03077,0.3709,3,0
half,2021-H2,lowvol,0.00738,0.516,1,1
half,2021-H2,momentum,0.02831,0.4914,2,0
half,2021-H2,reversal,-0.00911,0.4594,3,0
half,2022-H1,reversal,-0.00123,0.5498,1,1
half,2022-H1,lowvol,-0.00333,0.5436,2,0
half,2022-H1,momentum,-0.06695,0.3396,3,0
half,2022-H2,reversal,0.01291,0.5818,1,1
half,2022-H2,lowvol,0.01673,0.5777,2,0
half,2022-H2,momentum,-0.09423,0.2173,3,0
half,2023-H1,rz_buy,0.00995,0.5553,1,1
half,2023-H1,lowvol,0.01156,0.5422,2,0
half,2023-H1,reversal,0.01141,0.5412,3,0
half,2023-H1,momentum,0.0047,0.4583,4,0
half,2023-H2,lowvol,0.0019,0.6181,1,1
half,2023-H2,rz_buy,-0.00205,0.5969,2,0
half,2023-H2,reversal,-0.01713,0.5178,3,0
half,2023-H2,momentum,-0.07998,0.2978,4,0
half,2024-H1,lowvol,0.01297,0.6562,1,1
half,2024-H1,reversal,0.01364,0.6102,2,0
half,2024-H1,rz_buy,-0.02494,0.5184,3,0
half,2024-H1,momentum,-0.10696,0.2533,4,0
half,2024-H2,rz_buy,0.06371,0.6253,1,1
half,2024-H2,lowvol,0.03839,0.5614,2,0
half,2024-H2,reversal,0.06253,0.5614,3,0
half,2024-H2,momentum,-0.00903,0.334,4,0
half,2025-H1,reversal,0.03677,0.5327,1,1
half,2025-H1,rz_buy,0.02385,0.5037,2,0
half,2025-H1,lowvol,0.01217,0.4447,3,0
half,2025-H1,momentum,-0.03122,0.318,4,0
half,2025-H2,momentum,0.08877,0.6404,1,1
half,2025-H2,rz_buy,0.04496,0.5886,2,0
half,2025-H2,reversal,0.02879,0.5514,3,0
half,2025-H2,lowvol,0.00392,0.4548,4,0
half,2026-H1,lowvol,-0.00308,0.6277,1,1
half,2026-H1,rz_buy,-0.02079,0.5736,2,0
half,2026-H1,momentum,0.00513,0.5605,3,0
half,2026-H1,reversal,-0.01937,0.5589,4,0
year,2015,reversal,0.07951,0.6134,1,1
year,2015,lowvol,0.03859,0.5377,2,0
year,2015,momentum,0.02613,0.4575,3,0
year,2016,lowvol,0.00769,0.533,1,1
year,2016,reversal,0.00506,0.4913,2,0
year,2016,momentum,-0.01231,0.4123,3,0
year,2017,lowvol,0.00087,0.568,1,1
year,2017,reversal,-0.02279,0.4778,2,0
year,2017,momentum,-0.0331,0.4317,3,0
year,2018,lowvol,-0.04385,0.4513,1,1
year,2018,reversal,-0.06647,0.3516,2,0
year,2018,momentum,-0.0885,0.2948,3,0
year,2019,lowvol,0.00949,0.5083,1,1
year,2019,reversal,-0.00875,0.4371,2,0
year,2019,momentum,-0.02124,0.3666,3,0
year,2020,lowvol,-0.00033,0.5325,1,1
year,2020,reversal,-0.00867,0.4815,2,0
year,2020,momentum,-0.0207,0.431,3,0
year,2021,reversal,0.01965,0.5457,1,1
year,2021,lowvol,0.01111,0.5333,2,0
year,2021,momentum,-0.00038,0.4329,3,0
year,2022,reversal,0.00607,0.5663,1,1
year,2022,lowvol,0.00703,0.5612,2,0
year,2022,momentum,-0.08104,0.2764,3,0
year,2023,lowvol,0.00661,0.5811,1,1
year,2023,rz_buy,0.0038,0.5766,2,0
year,2023,reversal,-0.00321,0.5292,3,0
year,2023,momentum,-0.03869,0.3761,4,0
year,2024,lowvol,0.0261,0.6072,1,1
year,2024,reversal,0.03889,0.585,2,0
year,2024,rz_buy,0.02085,0.5736,3,0
year,2024,momentum,-0.05638,0.295,4,0
year,2025,rz_buy,0.0348,0.5477,1,1
year,2025,reversal,0.03263,0.5424,2,0
year,2025,momentum,0.031,0.4852,3,0
year,2025,lowvol,0.00789,0.4499,4,0
year,2026,lowvol,-0.00308,0.6277,1,1
year,2026,rz_buy,-0.02079,0.5736,2,0
year,2026,momentum,0.00513,0.5605,3,0
year,2026,reversal,-0.01937,0.5589,4,0
